timestamp, index, clocks.current.sm [MHz], clocks.current.memory [MHz], power.draw [W], temperature.gpu, utilization.gpu [%], memory.used [MiB]
2026/09/24 17:21:47.522, 0, 375 MHz, 405 MHz, 26.83 W, 48, 0 %, 3218 MiB
2026/09/24 17:21:47.524, 1, 28 MHz, 405 MHz, 4.40 W, 42, 0 %, 18 MiB
2026/09/24 17:21:48.530, 0, 43 MHz, 405 MHz, 29.83 W, 48, 1 %, 3218 MiB
2026/09/24 17:21:48.530, 1, 28 MHz, 405 MHz, 4.83 W, 42, 0 %, 18 MiB
2026/09/24 17:21:49.537, 0, 48 MHz, 405 MHz, 29.33 W, 48, 1 %, 3218 MiB
2026/09/24 17:21:49.537, 1, 675 MHz, 14001 MHz, 74.98 W, 58, 0 %, 470 MiB
2026/09/24 17:21:50.542, 0, 43 MHz, 405 MHz, 28.81 W, 48, 1 %, 3218 MiB
2026/09/24 17:21:50.542, 1, 2865 MHz, 14001 MHz, 602.69 W, 63, 98 %, 470 MiB
2026/09/24 17:21:51.543, 0, 390 MHz, 405 MHz, 32.47 W, 48, 1 %, 3218 MiB
2026/09/24 17:21:51.543, 1, 2850 MHz, 14001 MHz, 600.71 W, 63, 99 %, 470 MiB
2026/09/24 17:21:52.549, 0, 397 MHz, 405 MHz, 32.49 W, 48, 1 %, 3218 MiB
2026/09/24 17:21:52.549, 1, 2842 MHz, 14001 MHz, 600.30 W, 63, 99 %, 470 MiB
2026/09/24 17:21:53.553, 0, 46 MHz, 405 MHz, 33.15 W, 48, 1 %, 3218 MiB
2026/09/24 17:21:53.553, 1, 2842 MHz, 14001 MHz, 599.93 W, 64, 99 %, 470 MiB
2026/09/24 17:21:54.556, 0, 52 MHz, 405 MHz, 31.50 W, 48, 1 %, 3218 MiB
2026/09/24 17:21:54.556, 1, 2842 MHz, 14001 MHz, 600.13 W, 65, 99 %, 470 MiB
2026/09/24 17:21:55.561, 0, 300 MHz, 405 MHz, 30.37 W, 48, 1 %, 3218 MiB
2026/09/24 17:21:55.561, 1, 2842 MHz, 14001 MHz, 600.04 W, 64, 98 %, 470 MiB
2026/09/24 17:21:56.575, 0, 322 MHz, 405 MHz, 30.44 W, 48, 0 %, 3218 MiB
2026/09/24 17:21:56.575, 1, 2835 MHz, 14001 MHz, 599.88 W, 65, 99 %, 470 MiB
2026/09/24 17:21:57.581, 0, 49 MHz, 405 MHz, 33.20 W, 48, 0 %, 3218 MiB
2026/09/24 17:21:57.581, 1, 2842 MHz, 14001 MHz, 600.06 W, 66, 99 %, 470 MiB
2026/09/24 17:21:58.585, 0, 330 MHz, 405 MHz, 32.24 W, 48, 1 %, 3218 MiB
2026/09/24 17:21:58.585, 1, 2835 MHz, 14001 MHz, 600.33 W, 66, 99 %, 470 MiB
2026/09/24 17:21:59.589, 0, 337 MHz, 405 MHz, 32.12 W, 48, 0 %, 3218 MiB
2026/09/24 17:21:59.589, 1, 2835 MHz, 14001 MHz, 600.10 W, 66, 99 %, 470 MiB
2026/09/24 17:22:00.597, 0, 397 MHz, 405 MHz, 30.59 W, 48, 1 %, 3218 MiB
2026/09/24 17:22:00.597, 1, 2947 MHz, 14001 MHz, 397.13 W, 59, 99 %, 470 MiB
2026/09/24 17:22:01.603, 0, 352 MHz, 405 MHz, 30.09 W, 48, 1 %, 3218 MiB
2026/09/24 17:22:01.603, 1, 2827 MHz, 14001 MHz, 600.10 W, 66, 98 %, 470 MiB
2026/09/24 17:22:02.618, 0, 42 MHz, 405 MHz, 31.76 W, 48, 1 %, 3218 MiB
2026/09/24 17:22:02.618, 1, 2827 MHz, 14001 MHz, 600.04 W, 67, 99 %, 470 MiB
2026/09/24 17:22:03.623, 0, 47 MHz, 405 MHz, 30.27 W, 48, 1 %, 3218 MiB
2026/09/24 17:22:03.623, 1, 2827 MHz, 14001 MHz, 600.07 W, 67, 99 %, 470 MiB
2026/09/24 17:22:04.628, 0, 42 MHz, 405 MHz, 28.47 W, 48, 1 %, 3218 MiB
2026/09/24 17:22:04.628, 1, 2827 MHz, 14001 MHz, 599.84 W, 67, 98 %, 470 MiB
2026/09/24 17:22:05.634, 0, 45 MHz, 405 MHz, 30.86 W, 48, 1 %, 3218 MiB
2026/09/24 17:22:05.634, 1, 2827 MHz, 14001 MHz, 599.90 W, 67, 99 %, 470 MiB
2026/09/24 17:22:06.639, 0, 51 MHz, 405 MHz, 32.29 W, 48, 1 %, 3218 MiB
2026/09/24 17:22:06.639, 1, 2827 MHz, 14001 MHz, 599.70 W, 67, 99 %, 470 MiB
2026/09/24 17:22:07.642, 0, 337 MHz, 405 MHz, 31.22 W, 48, 1 %, 3218 MiB
2026/09/24 17:22:07.642, 1, 2827 MHz, 14001 MHz, 599.47 W, 68, 99 %, 470 MiB
2026/09/24 17:22:08.649, 0, 51 MHz, 405 MHz, 31.75 W, 48, 1 %, 3218 MiB
2026/09/24 17:22:08.649, 1, 2835 MHz, 14001 MHz, 600.41 W, 67, 99 %, 470 MiB
2026/09/24 17:22:09.656, 0, 337 MHz, 405 MHz, 30.32 W, 48, 1 %, 3218 MiB
2026/09/24 17:22:09.656, 1, 2835 MHz, 14001 MHz, 599.87 W, 67, 99 %, 470 MiB
2026/09/24 17:22:10.656, 0, 40 MHz, 405 MHz, 31.32 W, 48, 1 %, 3218 MiB
2026/09/24 17:22:10.656, 1, 2835 MHz, 14001 MHz, 599.95 W, 68, 99 %, 470 MiB
2026/09/24 17:22:11.662, 0, 435 MHz, 405 MHz, 28.54 W, 48, 0 %, 3218 MiB
2026/09/24 17:22:11.662, 1, 2955 MHz, 14001 MHz, 410.59 W, 68, 99 %, 470 MiB
2026/09/24 17:22:12.677, 0, 337 MHz, 405 MHz, 31.57 W, 48, 1 %, 3218 MiB
2026/09/24 17:22:12.677, 1, 2835 MHz, 14001 MHz, 602.13 W, 68, 99 %, 470 MiB
2026/09/24 17:22:13.682, 0, 337 MHz, 405 MHz, 30.85 W, 48, 0 %, 3218 MiB
2026/09/24 17:22:13.682, 1, 2842 MHz, 14001 MHz, 600.04 W, 68, 99 %, 470 MiB
2026/09/24 17:22:14.697, 0, 420 MHz, 405 MHz, 29.36 W, 48, 0 %, 3218 MiB
2026/09/24 17:22:14.697, 1, 2842 MHz, 14001 MHz, 599.74 W, 68, 99 %, 470 MiB
2026/09/24 17:22:15.712, 0, 337 MHz, 405 MHz, 28.65 W, 48, 1 %, 3218 MiB
2026/09/24 17:22:15.712, 1, 2842 MHz, 14001 MHz, 599.61 W, 68, 98 %, 470 MiB
2026/09/24 17:22:16.727, 0, 330 MHz, 405 MHz, 29.78 W, 48, 0 %, 3218 MiB
2026/09/24 17:22:16.727, 1, 2842 MHz, 14001 MHz, 600.12 W, 68, 99 %, 470 MiB
2026/09/24 17:22:17.728, 0, 50 MHz, 405 MHz, 29.87 W, 48, 1 %, 3218 MiB
2026/09/24 17:22:17.728, 1, 2842 MHz, 14001 MHz, 599.85 W, 68, 99 %, 470 MiB
2026/09/24 17:22:18.729, 0, 42 MHz, 405 MHz, 30.17 W, 48, 1 %, 3218 MiB
2026/09/24 17:22:18.729, 1, 2842 MHz, 14001 MHz, 599.90 W, 68, 99 %, 470 MiB
2026/09/24 17:22:19.734, 0, 45 MHz, 405 MHz, 32.17 W, 48, 1 %, 3218 MiB
2026/09/24 17:22:19.734, 1, 2842 MHz, 14001 MHz, 600.02 W, 68, 99 %, 470 MiB
2026/09/24 17:22:20.737, 0, 48 MHz, 405 MHz, 29.28 W, 48, 1 %, 3218 MiB
2026/09/24 17:22:20.737, 1, 2842 MHz, 14001 MHz, 600.51 W, 68, 99 %, 470 MiB
2026/09/24 17:22:21.740, 0, 38 MHz, 405 MHz, 29.05 W, 48, 0 %, 3218 MiB
2026/09/24 17:22:21.740, 1, 2842 MHz, 14001 MHz, 599.74 W, 68, 99 %, 470 MiB
2026/09/24 17:22:22.742, 0, 42 MHz, 405 MHz, 30.09 W, 48, 0 %, 3218 MiB
2026/09/24 17:22:22.742, 1, 2842 MHz, 14001 MHz, 600.26 W, 69, 99 %, 470 MiB
2026/09/24 17:22:23.751, 0, 420 MHz, 405 MHz, 29.84 W, 48, 1 %, 3218 MiB
2026/09/24 17:22:23.751, 1, 2955 MHz, 14001 MHz, 410.68 W, 68, 98 %, 470 MiB
2026/09/24 17:22:24.757, 0, 337 MHz, 405 MHz, 31.33 W, 48, 0 %, 3218 MiB
2026/09/24 17:22:24.757, 1, 2835 MHz, 14001 MHz, 602.27 W, 68, 98 %, 470 MiB
2026/09/24 17:22:25.763, 0, 367 MHz, 405 MHz, 30.80 W, 48, 0 %, 3218 MiB
2026/09/24 17:22:25.763, 1, 2835 MHz, 14001 MHz, 599.56 W, 68, 99 %, 470 MiB
2026/09/24 17:22:26.770, 0, 367 MHz, 405 MHz, 30.18 W, 48, 1 %, 3218 MiB
2026/09/24 17:22:26.770, 1, 2835 MHz, 14001 MHz, 600.16 W, 68, 99 %, 470 MiB
2026/09/24 17:22:27.776, 0, 337 MHz, 405 MHz, 30.24 W, 48, 0 %, 3218 MiB
2026/09/24 17:22:27.776, 1, 2835 MHz, 14001 MHz, 599.60 W, 68, 99 %, 470 MiB
2026/09/24 17:22:28.791, 0, 367 MHz, 405 MHz, 28.75 W, 48, 0 %, 3218 MiB
2026/09/24 17:22:28.791, 1, 2842 MHz, 14001 MHz, 600.10 W, 69, 99 %, 470 MiB
2026/09/24 17:22:29.795, 0, 345 MHz, 405 MHz, 29.33 W, 48, 1 %, 3218 MiB
2026/09/24 17:22:29.795, 1, 2842 MHz, 14001 MHz, 599.80 W, 69, 99 %, 470 MiB
2026/09/24 17:22:30.802, 0, 42 MHz, 405 MHz, 28.64 W, 48, 0 %, 3218 MiB
2026/09/24 17:22:30.802, 1, 2842 MHz, 14001 MHz, 600.06 W, 69, 99 %, 470 MiB
2026/09/24 17:22:31.809, 0, 49 MHz, 405 MHz, 27.89 W, 48, 0 %, 3218 MiB
2026/09/24 17:22:31.809, 1, 2842 MHz, 14001 MHz, 599.53 W, 69, 99 %, 470 MiB
2026/09/24 17:22:32.820, 0, 42 MHz, 405 MHz, 27.28 W, 48, 0 %, 3218 MiB
2026/09/24 17:22:32.820, 1, 2842 MHz, 14001 MHz, 600.02 W, 68, 99 %, 470 MiB
2026/09/24 17:22:33.821, 0, 43 MHz, 405 MHz, 29.98 W, 48, 0 %, 3218 MiB
2026/09/24 17:22:33.821, 1, 2842 MHz, 14001 MHz, 600.16 W, 68, 99 %, 470 MiB
2026/09/24 17:22:34.823, 0, 48 MHz, 405 MHz, 28.81 W, 48, 0 %, 3216 MiB
2026/09/24 17:22:34.823, 1, 2842 MHz, 14001 MHz, 599.60 W, 68, 99 %, 470 MiB
2026/09/24 17:22:35.831, 0, 41 MHz, 405 MHz, 28.42 W, 48, 0 %, 3216 MiB
2026/09/24 17:22:35.831, 1, 2887 MHz, 14001 MHz, 444.31 W, 55, 1 %, 470 MiB
2026/09/24 17:22:36.834, 0, 46 MHz, 405 MHz, 29.55 W, 48, 0 %, 3212 MiB
2026/09/24 17:22:36.834, 1, 2835 MHz, 14001 MHz, 524.97 W, 68, 99 %, 470 MiB
2026/09/24 17:22:37.835, 0, 52 MHz, 405 MHz, 31.60 W, 48, 1 %, 3212 MiB
2026/09/24 17:22:37.835, 1, 2835 MHz, 14001 MHz, 599.44 W, 69, 99 %, 470 MiB
2026/09/24 17:22:38.838, 0, 38 MHz, 405 MHz, 29.56 W, 48, 0 %, 3212 MiB
2026/09/24 17:22:38.838, 1, 2842 MHz, 14001 MHz, 599.67 W, 69, 99 %, 470 MiB
2026/09/24 17:22:39.840, 0, 49 MHz, 405 MHz, 30.47 W, 48, 0 %, 3212 MiB
2026/09/24 17:22:39.840, 1, 2842 MHz, 14001 MHz, 600.03 W, 69, 99 %, 470 MiB
2026/09/24 17:22:40.855, 0, 382 MHz, 405 MHz, 28.88 W, 48, 1 %, 3212 MiB
2026/09/24 17:22:40.855, 1, 2842 MHz, 14001 MHz, 599.90 W, 69, 99 %, 470 MiB
2026/09/24 17:22:41.859, 0, 337 MHz, 405 MHz, 30.00 W, 48, 0 %, 3212 MiB
2026/09/24 17:22:41.859, 1, 2842 MHz, 14001 MHz, 599.67 W, 68, 99 %, 470 MiB
2026/09/24 17:22:42.865, 0, 375 MHz, 405 MHz, 28.88 W, 48, 0 %, 3212 MiB
2026/09/24 17:22:42.865, 1, 2842 MHz, 14001 MHz, 599.75 W, 69, 99 %, 470 MiB
2026/09/24 17:22:43.868, 0, 337 MHz, 405 MHz, 29.96 W, 48, 1 %, 3212 MiB
2026/09/24 17:22:43.868, 1, 2842 MHz, 14001 MHz, 600.21 W, 69, 99 %, 470 MiB
2026/09/24 17:22:44.873, 0, 42 MHz, 405 MHz, 28.41 W, 48, 0 %, 3212 MiB
2026/09/24 17:22:44.873, 1, 2842 MHz, 14001 MHz, 600.10 W, 69, 99 %, 470 MiB
2026/09/24 17:22:45.878, 0, 49 MHz, 405 MHz, 28.09 W, 48, 0 %, 3212 MiB
2026/09/24 17:22:45.878, 1, 2842 MHz, 14001 MHz, 600.04 W, 69, 99 %, 470 MiB
2026/09/24 17:22:46.882, 0, 42 MHz, 405 MHz, 27.89 W, 48, 1 %, 3212 MiB
2026/09/24 17:22:46.882, 1, 2842 MHz, 14001 MHz, 599.98 W, 69, 99 %, 470 MiB
2026/09/24 17:22:47.884, 0, 42 MHz, 405 MHz, 28.65 W, 48, 0 %, 3212 MiB
2026/09/24 17:22:47.884, 1, 2842 MHz, 14001 MHz, 599.91 W, 69, 99 %, 470 MiB
2026/09/24 17:22:48.888, 0, 48 MHz, 405 MHz, 28.54 W, 48, 1 %, 3212 MiB
2026/09/24 17:22:48.888, 1, 2865 MHz, 14001 MHz, 420.58 W, 69, 99 %, 470 MiB
2026/09/24 17:22:49.892, 0, 41 MHz, 405 MHz, 28.59 W, 48, 0 %, 3212 MiB
2026/09/24 17:22:49.892, 1, 2835 MHz, 14001 MHz, 600.27 W, 68, 99 %, 470 MiB
2026/09/24 17:22:50.898, 0, 42 MHz, 405 MHz, 30.43 W, 48, 0 %, 3212 MiB
2026/09/24 17:22:50.898, 1, 2835 MHz, 14001 MHz, 599.75 W, 69, 99 %, 470 MiB
2026/09/24 17:22:51.912, 0, 292 MHz, 405 MHz, 29.80 W, 48, 0 %, 3212 MiB
2026/09/24 17:22:51.912, 1, 2835 MHz, 14001 MHz, 599.96 W, 69, 99 %, 470 MiB
2026/09/24 17:22:52.916, 0, 35 MHz, 405 MHz, 28.24 W, 48, 0 %, 3212 MiB
2026/09/24 17:22:52.916, 1, 2842 MHz, 14001 MHz, 599.78 W, 69, 99 %, 470 MiB
2026/09/24 17:22:53.928, 0, 56 MHz, 405 MHz, 29.72 W, 48, 1 %, 3212 MiB
2026/09/24 17:22:53.928, 1, 2835 MHz, 14001 MHz, 600.15 W, 69, 99 %, 470 MiB
2026/09/24 17:22:54.943, 0, 44 MHz, 405 MHz, 31.56 W, 48, 0 %, 3212 MiB
2026/09/24 17:22:54.943, 1, 2842 MHz, 14001 MHz, 599.56 W, 69, 99 %, 470 MiB
2026/09/24 17:22:55.946, 0, 40 MHz, 405 MHz, 30.96 W, 48, 0 %, 3212 MiB
2026/09/24 17:22:55.946, 1, 2842 MHz, 14001 MHz, 599.64 W, 69, 98 %, 470 MiB
2026/09/24 17:22:56.955, 0, 55 MHz, 405 MHz, 29.42 W, 48, 1 %, 3212 MiB
2026/09/24 17:22:56.955, 1, 2850 MHz, 14001 MHz, 600.07 W, 69, 99 %, 470 MiB
2026/09/24 17:22:57.960, 0, 46 MHz, 405 MHz, 29.21 W, 48, 0 %, 3212 MiB
2026/09/24 17:22:57.960, 1, 2842 MHz, 14001 MHz, 599.72 W, 69, 99 %, 470 MiB
2026/09/24 17:22:58.974, 0, 50 MHz, 405 MHz, 29.42 W, 48, 0 %, 3212 MiB
2026/09/24 17:22:58.974, 1, 2842 MHz, 14001 MHz, 600.29 W, 69, 99 %, 470 MiB
2026/09/24 17:22:59.974, 0, 420 MHz, 405 MHz, 27.56 W, 48, 1 %, 3212 MiB
2026/09/24 17:22:59.974, 1, 2842 MHz, 14001 MHz, 599.68 W, 69, 98 %, 470 MiB
2026/09/24 17:23:00.979, 0, 412 MHz, 405 MHz, 27.46 W, 48, 1 %, 3212 MiB
2026/09/24 17:23:00.979, 1, 2857 MHz, 14001 MHz, 493.50 W, 56, 0 %, 470 MiB
2026/09/24 17:23:01.983, 0, 480 MHz, 405 MHz, 30.14 W, 48, 1 %, 3212 MiB
2026/09/24 17:23:01.983, 1, 2835 MHz, 14001 MHz, 495.78 W, 69, 99 %, 470 MiB
2026/09/24 17:23:02.987, 0, 292 MHz, 405 MHz, 29.05 W, 48, 0 %, 3212 MiB
2026/09/24 17:23:02.987, 1, 2835 MHz, 14001 MHz, 599.70 W, 69, 98 %, 470 MiB
2026/09/24 17:23:03.992, 0, 330 MHz, 405 MHz, 30.82 W, 48, 0 %, 3212 MiB
2026/09/24 17:23:03.992, 1, 2842 MHz, 14001 MHz, 599.57 W, 69, 98 %, 470 MiB
2026/09/24 17:23:04.993, 0, 367 MHz, 405 MHz, 31.92 W, 48, 1 %, 3212 MiB
2026/09/24 17:23:04.993, 1, 2835 MHz, 14001 MHz, 600.83 W, 69, 99 %, 470 MiB
2026/09/24 17:23:05.994, 0, 285 MHz, 405 MHz, 31.68 W, 48, 0 %, 3212 MiB
2026/09/24 17:23:05.994, 1, 2835 MHz, 14001 MHz, 599.86 W, 69, 99 %, 470 MiB
2026/09/24 17:23:07.009, 0, 40 MHz, 405 MHz, 30.92 W, 48, 0 %, 3212 MiB
2026/09/24 17:23:07.009, 1, 2842 MHz, 14001 MHz, 599.67 W, 69, 99 %, 470 MiB
2026/09/24 17:23:08.011, 0, 397 MHz, 405 MHz, 32.09 W, 48, 1 %, 3212 MiB
2026/09/24 17:23:08.011, 1, 2842 MHz, 14001 MHz, 600.15 W, 69, 99 %, 470 MiB
2026/09/24 17:23:09.014, 0, 292 MHz, 405 MHz, 32.11 W, 48, 0 %, 3212 MiB
2026/09/24 17:23:09.014, 1, 2842 MHz, 14001 MHz, 599.83 W, 69, 99 %, 470 MiB
2026/09/24 17:23:10.021, 0, 322 MHz, 405 MHz, 30.48 W, 48, 0 %, 3212 MiB
2026/09/24 17:23:10.021, 1, 2842 MHz, 14001 MHz, 599.98 W, 69, 99 %, 470 MiB
2026/09/24 17:23:11.025, 0, 397 MHz, 405 MHz, 30.01 W, 48, 1 %, 3212 MiB
2026/09/24 17:23:11.025, 1, 2842 MHz, 14001 MHz, 600.22 W, 69, 99 %, 470 MiB
2026/09/24 17:23:12.040, 0, 367 MHz, 405 MHz, 29.97 W, 48, 1 %, 3212 MiB
2026/09/24 17:23:12.040, 1, 2842 MHz, 14001 MHz, 599.97 W, 69, 99 %, 470 MiB
2026/09/24 17:23:13.054, 0, 322 MHz, 405 MHz, 29.16 W, 48, 0 %, 3212 MiB
2026/09/24 17:23:13.054, 1, 2842 MHz, 14001 MHz, 600.08 W, 69, 99 %, 470 MiB
2026/09/24 17:23:14.059, 0, 397 MHz, 405 MHz, 29.04 W, 48, 1 %, 3212 MiB
2026/09/24 17:23:14.059, 1, 2955 MHz, 14001 MHz, 428.46 W, 69, 99 %, 470 MiB
2026/09/24 17:23:15.064, 0, 352 MHz, 405 MHz, 28.52 W, 48, 1 %, 3212 MiB
2026/09/24 17:23:15.064, 1, 2835 MHz, 14001 MHz, 602.73 W, 69, 99 %, 470 MiB
2026/09/24 17:23:16.070, 0, 345 MHz, 405 MHz, 28.30 W, 48, 0 %, 3212 MiB
2026/09/24 17:23:16.070, 1, 2835 MHz, 14001 MHz, 600.01 W, 69, 99 %, 470 MiB
2026/09/24 17:23:17.085, 0, 307 MHz, 405 MHz, 29.27 W, 48, 0 %, 3212 MiB
2026/09/24 17:23:17.085, 1, 2835 MHz, 14001 MHz, 599.64 W, 69, 99 %, 470 MiB
2026/09/24 17:23:18.087, 0, 232 MHz, 405 MHz, 28.86 W, 48, 0 %, 3212 MiB
2026/09/24 17:23:18.087, 1, 2835 MHz, 14001 MHz, 600.02 W, 69, 99 %, 470 MiB
2026/09/24 17:23:19.090, 0, 367 MHz, 405 MHz, 31.62 W, 48, 1 %, 3212 MiB
2026/09/24 17:23:19.090, 1, 2835 MHz, 14001 MHz, 600.01 W, 69, 99 %, 470 MiB
2026/09/24 17:23:20.105, 0, 300 MHz, 405 MHz, 29.80 W, 48, 0 %, 3212 MiB
2026/09/24 17:23:20.105, 1, 2835 MHz, 14001 MHz, 599.73 W, 69, 99 %, 470 MiB
2026/09/24 17:23:21.109, 0, 277 MHz, 405 MHz, 29.82 W, 48, 0 %, 3212 MiB
2026/09/24 17:23:21.109, 1, 2842 MHz, 14001 MHz, 599.97 W, 69, 99 %, 470 MiB
2026/09/24 17:23:22.124, 0, 330 MHz, 405 MHz, 30.30 W, 48, 1 %, 3212 MiB
2026/09/24 17:23:22.124, 1, 2835 MHz, 14001 MHz, 600.06 W, 69, 99 %, 470 MiB
2026/09/24 17:23:23.125, 0, 247 MHz, 405 MHz, 29.28 W, 48, 0 %, 3212 MiB
2026/09/24 17:23:23.125, 1, 2842 MHz, 14001 MHz, 599.75 W, 69, 99 %, 470 MiB
2026/09/24 17:23:24.131, 0, 285 MHz, 405 MHz, 29.80 W, 48, 0 %, 3212 MiB
2026/09/24 17:23:24.131, 1, 2842 MHz, 14001 MHz, 599.76 W, 69, 99 %, 470 MiB
2026/09/24 17:23:25.136, 0, 412 MHz, 405 MHz, 31.12 W, 48, 1 %, 3212 MiB
2026/09/24 17:23:25.136, 1, 2842 MHz, 14001 MHz, 600.29 W, 69, 99 %, 470 MiB
2026/09/24 17:23:26.141, 0, 285 MHz, 405 MHz, 28.12 W, 48, 0 %, 3212 MiB
2026/09/24 17:23:26.141, 1, 2947 MHz, 14001 MHz, 393.15 W, 60, 99 %, 470 MiB
2026/09/24 17:23:27.147, 0, 322 MHz, 405 MHz, 29.12 W, 48, 0 %, 3212 MiB
2026/09/24 17:23:27.147, 1, 2835 MHz, 14001 MHz, 569.07 W, 69, 99 %, 470 MiB
2026/09/24 17:23:28.150, 0, 360 MHz, 405 MHz, 30.80 W, 48, 1 %, 3212 MiB
2026/09/24 17:23:28.150, 1, 2835 MHz, 14001 MHz, 599.82 W, 69, 99 %, 470 MiB
2026/09/24 17:23:29.156, 0, 277 MHz, 405 MHz, 28.05 W, 48, 0 %, 3212 MiB
2026/09/24 17:23:29.156, 1, 2835 MHz, 14001 MHz, 599.86 W, 69, 99 %, 470 MiB
2026/09/24 17:23:30.166, 0, 375 MHz, 405 MHz, 30.83 W, 48, 1 %, 3212 MiB
2026/09/24 17:23:30.166, 1, 2835 MHz, 14001 MHz, 599.59 W, 69, 99 %, 470 MiB
2026/09/24 17:23:31.171, 0, 345 MHz, 405 MHz, 34.75 W, 48, 1 %, 3212 MiB
2026/09/24 17:23:31.171, 1, 2835 MHz, 14001 MHz, 600.06 W, 69, 99 %, 470 MiB
2026/09/24 17:23:32.174, 0, 390 MHz, 405 MHz, 29.88 W, 48, 1 %, 3212 MiB
2026/09/24 17:23:32.174, 1, 2835 MHz, 14001 MHz, 599.79 W, 69, 99 %, 470 MiB
2026/09/24 17:23:33.177, 0, 292 MHz, 405 MHz, 29.11 W, 48, 0 %, 3212 MiB
2026/09/24 17:23:33.177, 1, 2835 MHz, 14001 MHz, 600.00 W, 69, 99 %, 470 MiB
2026/09/24 17:23:34.188, 0, 345 MHz, 405 MHz, 31.01 W, 48, 1 %, 3212 MiB
2026/09/24 17:23:34.188, 1, 2835 MHz, 14001 MHz, 599.96 W, 69, 99 %, 470 MiB
2026/09/24 17:23:35.192, 0, 457 MHz, 405 MHz, 30.87 W, 48, 1 %, 3212 MiB
2026/09/24 17:23:35.192, 1, 2835 MHz, 14001 MHz, 599.84 W, 69, 99 %, 470 MiB
2026/09/24 17:23:36.195, 0, 390 MHz, 405 MHz, 30.47 W, 48, 1 %, 3212 MiB
2026/09/24 17:23:36.195, 1, 2835 MHz, 14001 MHz, 600.10 W, 69, 99 %, 470 MiB
2026/09/24 17:23:37.198, 0, 390 MHz, 405 MHz, 30.77 W, 48, 1 %, 3212 MiB
2026/09/24 17:23:37.198, 1, 2835 MHz, 14001 MHz, 600.03 W, 69, 99 %, 470 MiB
2026/09/24 17:23:38.206, 0, 330 MHz, 405 MHz, 29.88 W, 48, 1 %, 3212 MiB
2026/09/24 17:23:38.206, 1, 2835 MHz, 14001 MHz, 600.15 W, 69, 99 %, 470 MiB
2026/09/24 17:23:39.208, 0, 397 MHz, 405 MHz, 28.91 W, 48, 1 %, 3212 MiB
2026/09/24 17:23:39.208, 1, 2865 MHz, 14001 MHz, 431.91 W, 69, 1 %, 470 MiB
2026/09/24 17:23:40.210, 0, 360 MHz, 405 MHz, 29.24 W, 48, 1 %, 3212 MiB
2026/09/24 17:23:40.210, 1, 2835 MHz, 14001 MHz, 599.91 W, 69, 99 %, 470 MiB
2026/09/24 17:23:41.211, 0, 315 MHz, 405 MHz, 28.07 W, 48, 0 %, 3212 MiB
2026/09/24 17:23:41.211, 1, 2835 MHz, 14001 MHz, 600.03 W, 69, 98 %, 470 MiB
2026/09/24 17:23:42.215, 0, 292 MHz, 405 MHz, 27.93 W, 48, 0 %, 3212 MiB
2026/09/24 17:23:42.215, 1, 2835 MHz, 14001 MHz, 600.03 W, 69, 98 %, 470 MiB
2026/09/24 17:23:43.216, 0, 307 MHz, 405 MHz, 28.33 W, 48, 1 %, 3212 MiB
2026/09/24 17:23:43.216, 1, 2835 MHz, 14001 MHz, 599.85 W, 69, 99 %, 470 MiB
2026/09/24 17:23:44.222, 0, 420 MHz, 405 MHz, 29.60 W, 48, 1 %, 3212 MiB
2026/09/24 17:23:44.222, 1, 2842 MHz, 14001 MHz, 599.30 W, 70, 99 %, 470 MiB
2026/09/24 17:23:45.225, 0, 375 MHz, 405 MHz, 32.70 W, 48, 1 %, 3212 MiB
2026/09/24 17:23:45.225, 1, 2835 MHz, 14001 MHz, 600.69 W, 69, 99 %, 470 MiB
2026/09/24 17:23:46.240, 0, 375 MHz, 405 MHz, 30.85 W, 48, 1 %, 3212 MiB
2026/09/24 17:23:46.240, 1, 2835 MHz, 14001 MHz, 599.65 W, 69, 99 %, 470 MiB
2026/09/24 17:23:47.255, 0, 330 MHz, 405 MHz, 29.46 W, 48, 1 %, 3212 MiB
2026/09/24 17:23:47.255, 1, 2835 MHz, 14001 MHz, 600.15 W, 69, 99 %, 470 MiB
2026/09/24 17:23:48.258, 0, 405 MHz, 405 MHz, 30.30 W, 48, 1 %, 3212 MiB
2026/09/24 17:23:48.258, 1, 2835 MHz, 14001 MHz, 599.97 W, 69, 99 %, 470 MiB
2026/09/24 17:23:49.265, 0, 345 MHz, 405 MHz, 30.76 W, 48, 1 %, 3212 MiB
2026/09/24 17:23:49.265, 1, 2842 MHz, 14001 MHz, 600.05 W, 69, 99 %, 470 MiB
2026/09/24 17:23:50.268, 0, 52 MHz, 405 MHz, 30.03 W, 48, 1 %, 3212 MiB
2026/09/24 17:23:50.268, 1, 2835 MHz, 14001 MHz, 599.95 W, 69, 99 %, 470 MiB
2026/09/24 17:23:51.272, 0, 315 MHz, 405 MHz, 31.56 W, 48, 0 %, 3212 MiB
2026/09/24 17:23:51.272, 1, 2842 MHz, 14001 MHz, 515.11 W, 57, 99 %, 470 MiB
2026/09/24 17:23:52.275, 0, 352 MHz, 405 MHz, 28.17 W, 48, 0 %, 3212 MiB
2026/09/24 17:23:52.275, 1, 2835 MHz, 14001 MHz, 498.13 W, 70, 99 %, 470 MiB
2026/09/24 17:23:53.278, 0, 427 MHz, 405 MHz, 30.30 W, 48, 1 %, 3212 MiB
2026/09/24 17:23:53.278, 1, 2835 MHz, 14001 MHz, 599.88 W, 69, 98 %, 470 MiB
2026/09/24 17:23:54.282, 0, 49 MHz, 405 MHz, 31.09 W, 48, 1 %, 3212 MiB
2026/09/24 17:23:54.282, 1, 2835 MHz, 14001 MHz, 599.98 W, 69, 99 %, 470 MiB
2026/09/24 17:23:55.287, 0, 48 MHz, 405 MHz, 30.70 W, 48, 1 %, 3212 MiB
2026/09/24 17:23:55.287, 1, 2835 MHz, 14001 MHz, 600.21 W, 69, 99 %, 470 MiB
2026/09/24 17:23:56.291, 0, 51 MHz, 405 MHz, 28.74 W, 48, 1 %, 3212 MiB
2026/09/24 17:23:56.291, 1, 2835 MHz, 14001 MHz, 599.67 W, 69, 99 %, 470 MiB
2026/09/24 17:23:57.299, 0, 225 MHz, 405 MHz, 27.12 W, 48, 0 %, 3212 MiB
2026/09/24 17:23:57.299, 1, 2835 MHz, 14001 MHz, 599.87 W, 69, 99 %, 470 MiB
2026/09/24 17:23:58.301, 0, 30 MHz, 405 MHz, 23.84 W, 47, 0 %, 3212 MiB
2026/09/24 17:23:58.301, 1, 2835 MHz, 14001 MHz, 599.93 W, 70, 99 %, 470 MiB
2026/09/24 17:23:59.308, 0, 28 MHz, 405 MHz, 22.62 W, 47, 0 %, 3212 MiB
2026/09/24 17:23:59.308, 1, 2835 MHz, 14001 MHz, 599.89 W, 69, 99 %, 470 MiB
2026/09/24 17:24:00.311, 0, 28 MHz, 405 MHz, 22.88 W, 48, 0 %, 3212 MiB
2026/09/24 17:24:00.311, 1, 2842 MHz, 14001 MHz, 599.73 W, 69, 99 %, 470 MiB
2026/09/24 17:24:01.318, 0, 28 MHz, 405 MHz, 23.77 W, 47, 0 %, 3212 MiB
2026/09/24 17:24:01.318, 1, 2842 MHz, 14001 MHz, 600.37 W, 70, 99 %, 470 MiB
2026/09/24 17:24:02.325, 0, 27 MHz, 405 MHz, 22.72 W, 47, 0 %, 3212 MiB
2026/09/24 17:24:02.325, 1, 2842 MHz, 14001 MHz, 599.86 W, 69, 99 %, 470 MiB
2026/09/24 17:24:03.328, 0, 30 MHz, 405 MHz, 23.15 W, 47, 0 %, 3212 MiB
2026/09/24 17:24:03.328, 1, 2842 MHz, 14001 MHz, 599.68 W, 69, 99 %, 470 MiB
2026/09/24 17:24:04.330, 0, 28 MHz, 405 MHz, 21.75 W, 47, 0 %, 3212 MiB
2026/09/24 17:24:04.330, 1, 2955 MHz, 14001 MHz, 429.22 W, 68, 91 %, 470 MiB
2026/09/24 17:24:05.335, 0, 30 MHz, 405 MHz, 22.98 W, 48, 0 %, 3212 MiB
2026/09/24 17:24:05.335, 1, 2827 MHz, 14001 MHz, 604.17 W, 70, 99 %, 470 MiB
2026/09/24 17:24:06.340, 0, 28 MHz, 405 MHz, 23.08 W, 47, 0 %, 3212 MiB
2026/09/24 17:24:06.340, 1, 2835 MHz, 14001 MHz, 599.90 W, 70, 99 %, 470 MiB
2026/09/24 17:24:07.353, 0, 27 MHz, 405 MHz, 23.14 W, 47, 0 %, 3212 MiB
2026/09/24 17:24:07.353, 1, 2835 MHz, 14001 MHz, 599.64 W, 69, 99 %, 470 MiB
2026/09/24 17:24:08.357, 0, 28 MHz, 405 MHz, 22.84 W, 47, 0 %, 3212 MiB
2026/09/24 17:24:08.357, 1, 2835 MHz, 14001 MHz, 599.85 W, 69, 99 %, 470 MiB
2026/09/24 17:24:09.372, 0, 28 MHz, 405 MHz, 22.62 W, 47, 0 %, 3212 MiB
2026/09/24 17:24:09.372, 1, 2835 MHz, 14001 MHz, 600.16 W, 70, 99 %, 470 MiB
2026/09/24 17:24:10.376, 0, 30 MHz, 405 MHz, 23.05 W, 47, 0 %, 3212 MiB
2026/09/24 17:24:10.376, 1, 2842 MHz, 14001 MHz, 599.86 W, 70, 99 %, 470 MiB
2026/09/24 17:24:11.383, 0, 28 MHz, 405 MHz, 22.87 W, 47, 0 %, 3212 MiB
2026/09/24 17:24:11.383, 1, 2835 MHz, 14001 MHz, 599.88 W, 69, 99 %, 470 MiB
2026/09/24 17:24:12.390, 0, 28 MHz, 405 MHz, 23.06 W, 47, 0 %, 3212 MiB
2026/09/24 17:24:12.390, 1, 2835 MHz, 14001 MHz, 600.16 W, 69, 99 %, 470 MiB
2026/09/24 17:24:13.399, 0, 28 MHz, 405 MHz, 22.92 W, 48, 0 %, 3212 MiB
2026/09/24 17:24:13.399, 1, 2835 MHz, 14001 MHz, 600.02 W, 69, 99 %, 470 MiB
2026/09/24 17:24:14.401, 0, 28 MHz, 405 MHz, 22.24 W, 47, 0 %, 3212 MiB
2026/09/24 17:24:14.401, 1, 2835 MHz, 14001 MHz, 600.01 W, 70, 99 %, 470 MiB
2026/09/24 17:24:15.413, 0, 28 MHz, 405 MHz, 22.60 W, 47, 0 %, 3212 MiB
2026/09/24 17:24:15.413, 1, 2835 MHz, 14001 MHz, 599.83 W, 69, 99 %, 470 MiB
2026/09/24 17:24:16.415, 0, 30 MHz, 405 MHz, 22.37 W, 47, 0 %, 3212 MiB
2026/09/24 17:24:16.415, 1, 2835 MHz, 14001 MHz, 599.85 W, 69, 99 %, 470 MiB
2026/09/24 17:24:17.420, 0, 28 MHz, 405 MHz, 20.87 W, 47, 0 %, 3212 MiB
2026/09/24 17:24:17.420, 1, 2842 MHz, 14001 MHz, 420.29 W, 70, 6 %, 470 MiB
2026/09/24 17:24:18.425, 0, 30 MHz, 405 MHz, 21.94 W, 47, 0 %, 3212 MiB
2026/09/24 17:24:18.425, 1, 2827 MHz, 14001 MHz, 599.97 W, 70, 99 %, 470 MiB
2026/09/24 17:24:19.430, 0, 28 MHz, 405 MHz, 21.85 W, 47, 0 %, 3212 MiB
2026/09/24 17:24:19.430, 1, 2835 MHz, 14001 MHz, 599.58 W, 69, 99 %, 470 MiB
2026/09/24 17:24:20.433, 0, 28 MHz, 405 MHz, 23.48 W, 47, 0 %, 3212 MiB
2026/09/24 17:24:20.433, 1, 2835 MHz, 14001 MHz, 600.13 W, 70, 99 %, 470 MiB
2026/09/24 17:24:21.436, 0, 27 MHz, 405 MHz, 22.98 W, 47, 0 %, 3212 MiB
2026/09/24 17:24:21.436, 1, 2835 MHz, 14001 MHz, 599.53 W, 69, 99 %, 470 MiB
2026/09/24 17:24:22.439, 0, 28 MHz, 405 MHz, 22.35 W, 47, 0 %, 3212 MiB
2026/09/24 17:24:22.439, 1, 2835 MHz, 14001 MHz, 599.95 W, 70, 99 %, 470 MiB
2026/09/24 17:24:23.446, 0, 28 MHz, 405 MHz, 22.16 W, 47, 0 %, 3212 MiB
2026/09/24 17:24:23.446, 1, 2835 MHz, 14001 MHz, 599.90 W, 70, 99 %, 470 MiB
2026/09/24 17:24:24.448, 0, 28 MHz, 405 MHz, 22.08 W, 47, 0 %, 3212 MiB
2026/09/24 17:24:24.448, 1, 2835 MHz, 14001 MHz, 599.87 W, 69, 99 %, 470 MiB
2026/09/24 17:24:25.464, 0, 28 MHz, 405 MHz, 22.12 W, 47, 0 %, 3212 MiB
2026/09/24 17:24:25.464, 1, 2835 MHz, 14001 MHz, 600.19 W, 69, 99 %, 470 MiB
2026/09/24 17:24:26.479, 0, 28 MHz, 405 MHz, 22.42 W, 47, 0 %, 3212 MiB
2026/09/24 17:24:26.479, 1, 2835 MHz, 14001 MHz, 599.87 W, 70, 99 %, 470 MiB
2026/09/24 17:24:27.495, 0, 28 MHz, 405 MHz, 22.33 W, 47, 0 %, 3212 MiB
2026/09/24 17:24:27.495, 1, 2835 MHz, 14001 MHz, 600.06 W, 69, 99 %, 470 MiB
2026/09/24 17:24:28.502, 0, 28 MHz, 405 MHz, 22.15 W, 47, 0 %, 3212 MiB
2026/09/24 17:24:28.502, 1, 2835 MHz, 14001 MHz, 599.86 W, 70, 99 %, 470 MiB
2026/09/24 17:24:29.509, 0, 28 MHz, 405 MHz, 21.22 W, 47, 0 %, 3212 MiB
2026/09/24 17:24:29.509, 1, 2865 MHz, 14001 MHz, 467.66 W, 56, 99 %, 470 MiB
2026/09/24 17:24:30.510, 0, 28 MHz, 405 MHz, 22.27 W, 47, 0 %, 3212 MiB
2026/09/24 17:24:30.510, 1, 2827 MHz, 14001 MHz, 509.14 W, 69, 99 %, 470 MiB
2026/09/24 17:24:31.525, 0, 28 MHz, 405 MHz, 22.55 W, 47, 0 %, 3212 MiB
2026/09/24 17:24:31.525, 1, 2835 MHz, 14001 MHz, 599.47 W, 69, 99 %, 470 MiB
2026/09/24 17:24:32.531, 0, 28 MHz, 405 MHz, 22.54 W, 47, 0 %, 3212 MiB
2026/09/24 17:24:32.531, 1, 2835 MHz, 14001 MHz, 599.73 W, 69, 99 %, 470 MiB
2026/09/24 17:24:33.536, 0, 28 MHz, 405 MHz, 22.31 W, 47, 0 %, 3212 MiB
2026/09/24 17:24:33.536, 1, 2835 MHz, 14001 MHz, 600.11 W, 70, 99 %, 470 MiB
2026/09/24 17:24:34.538, 0, 28 MHz, 405 MHz, 22.69 W, 47, 0 %, 3212 MiB
2026/09/24 17:24:34.538, 1, 2835 MHz, 14001 MHz, 599.96 W, 70, 98 %, 470 MiB
2026/09/24 17:24:35.541, 0, 28 MHz, 405 MHz, 22.88 W, 47, 1 %, 3212 MiB
2026/09/24 17:24:35.541, 1, 2835 MHz, 14001 MHz, 599.76 W, 69, 99 %, 470 MiB
2026/09/24 17:24:36.546, 0, 28 MHz, 405 MHz, 22.36 W, 47, 0 %, 3212 MiB
2026/09/24 17:24:36.546, 1, 2835 MHz, 14001 MHz, 599.93 W, 69, 99 %, 470 MiB
2026/09/24 17:24:37.547, 0, 28 MHz, 405 MHz, 22.92 W, 47, 0 %, 3212 MiB
2026/09/24 17:24:37.547, 1, 2835 MHz, 14001 MHz, 599.91 W, 70, 99 %, 470 MiB
2026/09/24 17:24:38.562, 0, 28 MHz, 405 MHz, 22.77 W, 47, 0 %, 3212 MiB
2026/09/24 17:24:38.562, 1, 2835 MHz, 14001 MHz, 599.85 W, 69, 99 %, 470 MiB
2026/09/24 17:24:39.568, 0, 28 MHz, 405 MHz, 22.24 W, 47, 0 %, 3212 MiB
2026/09/24 17:24:39.568, 1, 2835 MHz, 14001 MHz, 599.87 W, 70, 99 %, 470 MiB
2026/09/24 17:24:40.569, 0, 28 MHz, 405 MHz, 22.47 W, 47, 0 %, 3212 MiB
2026/09/24 17:24:40.569, 1, 2835 MHz, 14001 MHz, 600.08 W, 69, 99 %, 470 MiB
2026/09/24 17:24:41.575, 0, 28 MHz, 405 MHz, 23.13 W, 47, 0 %, 3212 MiB
2026/09/24 17:24:41.575, 1, 2835 MHz, 14001 MHz, 600.26 W, 69, 99 %, 470 MiB
2026/09/24 17:24:42.589, 0, 28 MHz, 405 MHz, 21.68 W, 47, 0 %, 3212 MiB
2026/09/24 17:24:42.589, 1, 2947 MHz, 14001 MHz, 419.63 W, 70, 0 %, 470 MiB
2026/09/24 17:24:43.597, 0, 28 MHz, 405 MHz, 22.48 W, 47, 0 %, 3212 MiB
2026/09/24 17:24:43.597, 1, 2827 MHz, 14001 MHz, 601.99 W, 69, 99 %, 470 MiB
2026/09/24 17:24:44.603, 0, 28 MHz, 405 MHz, 22.04 W, 47, 0 %, 3212 MiB
2026/09/24 17:24:44.603, 1, 2835 MHz, 14001 MHz, 599.70 W, 70, 99 %, 470 MiB
2026/09/24 17:24:45.612, 0, 28 MHz, 405 MHz, 21.76 W, 47, 0 %, 3212 MiB
2026/09/24 17:24:45.612, 1, 2835 MHz, 14001 MHz, 600.22 W, 70, 99 %, 470 MiB
2026/09/24 17:24:46.620, 0, 28 MHz, 405 MHz, 22.25 W, 47, 0 %, 3212 MiB
2026/09/24 17:24:46.620, 1, 2835 MHz, 14001 MHz, 599.78 W, 69, 99 %, 470 MiB
2026/09/24 17:24:47.625, 0, 28 MHz, 405 MHz, 22.39 W, 47, 0 %, 3212 MiB
2026/09/24 17:24:47.625, 1, 2835 MHz, 14001 MHz, 600.09 W, 69, 99 %, 470 MiB
2026/09/24 17:24:48.629, 0, 28 MHz, 405 MHz, 22.85 W, 47, 0 %, 3212 MiB
2026/09/24 17:24:48.629, 1, 2835 MHz, 14001 MHz, 599.72 W, 69, 99 %, 470 MiB
2026/09/24 17:24:49.630, 0, 28 MHz, 405 MHz, 22.44 W, 47, 0 %, 3212 MiB
2026/09/24 17:24:49.630, 1, 2835 MHz, 14001 MHz, 599.67 W, 69, 99 %, 470 MiB
2026/09/24 17:24:50.631, 0, 28 MHz, 405 MHz, 22.63 W, 47, 0 %, 3212 MiB
2026/09/24 17:24:50.631, 1, 2835 MHz, 14001 MHz, 600.24 W, 69, 99 %, 470 MiB
2026/09/24 17:24:51.636, 0, 28 MHz, 405 MHz, 22.41 W, 47, 0 %, 3212 MiB
2026/09/24 17:24:51.636, 1, 2835 MHz, 14001 MHz, 599.94 W, 69, 99 %, 470 MiB
2026/09/24 17:24:52.649, 0, 28 MHz, 405 MHz, 22.29 W, 47, 0 %, 3212 MiB
2026/09/24 17:24:52.649, 1, 2835 MHz, 14001 MHz, 600.02 W, 69, 99 %, 470 MiB
2026/09/24 17:24:53.651, 0, 28 MHz, 405 MHz, 22.55 W, 47, 0 %, 3212 MiB
2026/09/24 17:24:53.651, 1, 2835 MHz, 14001 MHz, 599.89 W, 69, 99 %, 470 MiB
2026/09/24 17:24:54.654, 0, 28 MHz, 405 MHz, 21.76 W, 47, 0 %, 3212 MiB
2026/09/24 17:24:54.654, 1, 2955 MHz, 14001 MHz, 394.89 W, 64, 62 %, 470 MiB
2026/09/24 17:24:55.655, 0, 28 MHz, 405 MHz, 21.65 W, 47, 0 %, 3212 MiB
2026/09/24 17:24:55.655, 1, 2835 MHz, 14001 MHz, 585.12 W, 69, 99 %, 470 MiB
2026/09/24 17:24:56.660, 0, 28 MHz, 405 MHz, 22.54 W, 47, 0 %, 3212 MiB
2026/09/24 17:24:56.660, 1, 2835 MHz, 14001 MHz, 599.94 W, 70, 99 %, 470 MiB
2026/09/24 17:24:57.663, 0, 28 MHz, 405 MHz, 22.69 W, 47, 0 %, 3212 MiB
2026/09/24 17:24:57.663, 1, 2835 MHz, 14001 MHz, 599.55 W, 69, 98 %, 470 MiB
2026/09/24 17:24:58.677, 0, 28 MHz, 405 MHz, 22.69 W, 47, 0 %, 3212 MiB
2026/09/24 17:24:58.677, 1, 2835 MHz, 14001 MHz, 600.37 W, 70, 99 %, 470 MiB
2026/09/24 17:24:59.683, 0, 28 MHz, 405 MHz, 22.27 W, 47, 0 %, 3212 MiB
2026/09/24 17:24:59.683, 1, 2835 MHz, 14001 MHz, 599.90 W, 70, 99 %, 470 MiB
2026/09/24 17:25:00.698, 0, 31 MHz, 405 MHz, 22.41 W, 47, 0 %, 3212 MiB
2026/09/24 17:25:00.698, 1, 2835 MHz, 14001 MHz, 599.93 W, 70, 99 %, 470 MiB
2026/09/24 17:25:01.699, 0, 28 MHz, 405 MHz, 22.53 W, 47, 0 %, 3212 MiB
2026/09/24 17:25:01.699, 1, 2835 MHz, 14001 MHz, 599.92 W, 69, 98 %, 470 MiB
2026/09/24 17:25:02.701, 0, 28 MHz, 405 MHz, 22.32 W, 47, 0 %, 3212 MiB
2026/09/24 17:25:02.701, 1, 2835 MHz, 14001 MHz, 599.76 W, 69, 98 %, 470 MiB
2026/09/24 17:25:03.704, 0, 28 MHz, 405 MHz, 22.56 W, 47, 0 %, 3212 MiB
2026/09/24 17:25:03.704, 1, 2835 MHz, 14001 MHz, 599.66 W, 70, 98 %, 470 MiB
2026/09/24 17:25:04.709, 0, 28 MHz, 405 MHz, 22.63 W, 47, 0 %, 3212 MiB
2026/09/24 17:25:04.709, 1, 2835 MHz, 14001 MHz, 600.68 W, 70, 99 %, 470 MiB
2026/09/24 17:25:05.715, 0, 28 MHz, 405 MHz, 22.01 W, 47, 0 %, 3212 MiB
2026/09/24 17:25:05.715, 1, 2835 MHz, 14001 MHz, 599.73 W, 70, 99 %, 470 MiB
2026/09/24 17:25:06.717, 0, 28 MHz, 405 MHz, 21.97 W, 47, 0 %, 3212 MiB
2026/09/24 17:25:06.717, 1, 2835 MHz, 14001 MHz, 600.02 W, 70, 99 %, 470 MiB
2026/09/24 17:25:07.722, 0, 28 MHz, 405 MHz, 21.22 W, 47, 0 %, 3212 MiB
2026/09/24 17:25:07.722, 1, 2880 MHz, 14001 MHz, 436.21 W, 69, 99 %, 470 MiB
2026/09/24 17:25:08.726, 0, 28 MHz, 405 MHz, 22.30 W, 47, 0 %, 3212 MiB
2026/09/24 17:25:08.726, 1, 2827 MHz, 14001 MHz, 600.49 W, 70, 99 %, 470 MiB
2026/09/24 17:25:09.733, 0, 28 MHz, 405 MHz, 22.65 W, 47, 0 %, 3212 MiB
2026/09/24 17:25:09.733, 1, 2835 MHz, 14001 MHz, 599.84 W, 69, 99 %, 470 MiB
2026/09/24 17:25:10.738, 0, 28 MHz, 405 MHz, 22.22 W, 47, 0 %, 3212 MiB
2026/09/24 17:25:10.738, 1, 2835 MHz, 14001 MHz, 599.51 W, 69, 99 %, 470 MiB
2026/09/24 17:25:11.743, 0, 30 MHz, 405 MHz, 22.08 W, 47, 0 %, 3212 MiB
2026/09/24 17:25:11.743, 1, 2835 MHz, 14001 MHz, 599.84 W, 70, 99 %, 470 MiB
2026/09/24 17:25:12.749, 0, 30 MHz, 405 MHz, 22.28 W, 47, 0 %, 3212 MiB
2026/09/24 17:25:12.749, 1, 2835 MHz, 14001 MHz, 599.99 W, 69, 99 %, 470 MiB
2026/09/24 17:25:13.758, 0, 30 MHz, 405 MHz, 22.87 W, 47, 0 %, 3212 MiB
2026/09/24 17:25:13.758, 1, 2842 MHz, 14001 MHz, 599.77 W, 69, 99 %, 470 MiB
2026/09/24 17:25:14.759, 0, 30 MHz, 405 MHz, 22.72 W, 47, 0 %, 3212 MiB
2026/09/24 17:25:14.759, 1, 2842 MHz, 14001 MHz, 599.67 W, 70, 99 %, 470 MiB
2026/09/24 17:25:15.763, 0, 30 MHz, 405 MHz, 22.11 W, 47, 0 %, 3212 MiB
2026/09/24 17:25:15.763, 1, 2842 MHz, 14001 MHz, 599.87 W, 69, 99 %, 470 MiB
2026/09/24 17:25:16.777, 0, 30 MHz, 405 MHz, 22.42 W, 47, 0 %, 3212 MiB
2026/09/24 17:25:16.777, 1, 2842 MHz, 14001 MHz, 599.91 W, 70, 99 %, 470 MiB
2026/09/24 17:25:17.782, 0, 30 MHz, 405 MHz, 22.82 W, 47, 0 %, 3212 MiB
2026/09/24 17:25:17.782, 1, 2842 MHz, 14001 MHz, 600.15 W, 69, 99 %, 470 MiB
2026/09/24 17:25:18.784, 0, 30 MHz, 405 MHz, 22.69 W, 47, 0 %, 3212 MiB
2026/09/24 17:25:18.784, 1, 2835 MHz, 14001 MHz, 600.19 W, 69, 99 %, 470 MiB
2026/09/24 17:25:19.784, 0, 30 MHz, 405 MHz, 22.27 W, 47, 0 %, 3212 MiB
2026/09/24 17:25:19.784, 1, 2835 MHz, 14001 MHz, 559.39 W, 59, 15 %, 470 MiB
2026/09/24 17:25:20.787, 0, 30 MHz, 405 MHz, 21.35 W, 47, 0 %, 3212 MiB
2026/09/24 17:25:20.787, 1, 2827 MHz, 14001 MHz, 432.40 W, 69, 99 %, 470 MiB
2026/09/24 17:25:21.802, 0, 30 MHz, 405 MHz, 22.35 W, 47, 0 %, 3212 MiB
2026/09/24 17:25:21.802, 1, 2827 MHz, 14001 MHz, 599.63 W, 69, 99 %, 470 MiB
2026/09/24 17:25:22.805, 0, 30 MHz, 405 MHz, 22.22 W, 47, 0 %, 3212 MiB
2026/09/24 17:25:22.805, 1, 2827 MHz, 14001 MHz, 599.84 W, 69, 99 %, 470 MiB
2026/09/24 17:25:23.807, 0, 30 MHz, 405 MHz, 22.22 W, 47, 0 %, 3212 MiB
2026/09/24 17:25:23.807, 1, 2835 MHz, 14001 MHz, 599.59 W, 69, 99 %, 470 MiB
2026/09/24 17:25:24.821, 0, 31 MHz, 405 MHz, 22.36 W, 47, 0 %, 3212 MiB
2026/09/24 17:25:24.821, 1, 2835 MHz, 14001 MHz, 600.13 W, 69, 99 %, 470 MiB
2026/09/24 17:25:25.828, 0, 30 MHz, 405 MHz, 22.83 W, 47, 0 %, 3212 MiB
2026/09/24 17:25:25.828, 1, 2835 MHz, 14001 MHz, 599.83 W, 69, 99 %, 470 MiB
2026/09/24 17:25:26.834, 0, 30 MHz, 405 MHz, 22.39 W, 47, 0 %, 3212 MiB
2026/09/24 17:25:26.834, 1, 2835 MHz, 14001 MHz, 600.07 W, 69, 99 %, 470 MiB
2026/09/24 17:25:27.837, 0, 30 MHz, 405 MHz, 22.03 W, 47, 0 %, 3212 MiB
2026/09/24 17:25:27.837, 1, 2835 MHz, 14001 MHz, 600.03 W, 69, 99 %, 470 MiB
2026/09/24 17:25:28.838, 0, 33 MHz, 405 MHz, 22.12 W, 47, 0 %, 3212 MiB
2026/09/24 17:25:28.838, 1, 2835 MHz, 14001 MHz, 599.94 W, 69, 99 %, 470 MiB
2026/09/24 17:25:29.843, 0, 30 MHz, 405 MHz, 22.91 W, 47, 0 %, 3212 MiB
2026/09/24 17:25:29.843, 1, 2835 MHz, 14001 MHz, 599.80 W, 69, 99 %, 470 MiB
2026/09/24 17:25:30.850, 0, 30 MHz, 405 MHz, 22.44 W, 47, 0 %, 3212 MiB
2026/09/24 17:25:30.850, 1, 2835 MHz, 14001 MHz, 600.11 W, 69, 99 %, 470 MiB
2026/09/24 17:25:31.853, 0, 30 MHz, 405 MHz, 21.91 W, 47, 0 %, 3212 MiB
2026/09/24 17:25:31.853, 1, 2835 MHz, 14001 MHz, 599.94 W, 69, 99 %, 470 MiB
2026/09/24 17:25:32.858, 0, 30 MHz, 405 MHz, 21.27 W, 47, 0 %, 3212 MiB
2026/09/24 17:25:32.858, 1, 2947 MHz, 14001 MHz, 416.60 W, 67, 90 %, 470 MiB
2026/09/24 17:25:33.862, 0, 30 MHz, 405 MHz, 21.76 W, 47, 0 %, 3212 MiB
2026/09/24 17:25:33.862, 1, 2835 MHz, 14001 MHz, 597.79 W, 69, 99 %, 470 MiB
2026/09/24 17:25:34.875, 0, 30 MHz, 405 MHz, 22.90 W, 47, 0 %, 3212 MiB
2026/09/24 17:25:34.875, 1, 2835 MHz, 14001 MHz, 599.50 W, 69, 99 %, 470 MiB
2026/09/24 17:25:35.880, 0, 31 MHz, 405 MHz, 23.12 W, 47, 1 %, 3212 MiB
2026/09/24 17:25:35.880, 1, 2835 MHz, 14001 MHz, 599.94 W, 69, 99 %, 470 MiB
2026/09/24 17:25:36.881, 0, 31 MHz, 405 MHz, 22.83 W, 47, 0 %, 3212 MiB
2026/09/24 17:25:36.881, 1, 2835 MHz, 14001 MHz, 600.21 W, 69, 99 %, 470 MiB
2026/09/24 17:25:37.886, 0, 30 MHz, 405 MHz, 23.01 W, 47, 0 %, 3212 MiB
2026/09/24 17:25:37.886, 1, 2835 MHz, 14001 MHz, 600.18 W, 69, 99 %, 470 MiB
2026/09/24 17:25:38.892, 0, 31 MHz, 405 MHz, 22.45 W, 47, 0 %, 3212 MiB
2026/09/24 17:25:38.892, 1, 2835 MHz, 14001 MHz, 599.46 W, 69, 99 %, 470 MiB
2026/09/24 17:25:39.897, 0, 34 MHz, 405 MHz, 22.97 W, 47, 0 %, 3212 MiB
2026/09/24 17:25:39.897, 1, 2835 MHz, 14001 MHz, 599.97 W, 69, 99 %, 470 MiB
2026/09/24 17:25:40.899, 0, 30 MHz, 405 MHz, 22.73 W, 47, 0 %, 3212 MiB
2026/09/24 17:25:40.899, 1, 2835 MHz, 14001 MHz, 599.97 W, 69, 99 %, 470 MiB
2026/09/24 17:25:41.902, 0, 30 MHz, 405 MHz, 22.63 W, 47, 0 %, 3212 MiB
2026/09/24 17:25:41.902, 1, 2835 MHz, 14001 MHz, 600.03 W, 69, 99 %, 470 MiB
2026/09/24 17:25:42.903, 0, 31 MHz, 405 MHz, 22.29 W, 47, 0 %, 3212 MiB
2026/09/24 17:25:42.903, 1, 2835 MHz, 14001 MHz, 600.49 W, 69, 99 %, 470 MiB
2026/09/24 17:25:43.906, 0, 30 MHz, 405 MHz, 22.65 W, 47, 0 %, 3212 MiB
2026/09/24 17:25:43.906, 1, 2835 MHz, 14001 MHz, 599.96 W, 69, 99 %, 470 MiB
2026/09/24 17:25:44.909, 0, 30 MHz, 405 MHz, 22.75 W, 47, 0 %, 3212 MiB
2026/09/24 17:25:44.909, 1, 2835 MHz, 14001 MHz, 599.98 W, 69, 99 %, 470 MiB
2026/09/24 17:25:45.911, 0, 30 MHz, 405 MHz, 21.66 W, 47, 0 %, 3212 MiB
2026/09/24 17:25:45.911, 1, 2880 MHz, 14001 MHz, 435.76 W, 69, 99 %, 470 MiB
2026/09/24 17:25:46.921, 0, 30 MHz, 405 MHz, 22.47 W, 47, 0 %, 3212 MiB
2026/09/24 17:25:46.921, 1, 2827 MHz, 14001 MHz, 599.89 W, 69, 99 %, 470 MiB
2026/09/24 17:25:47.927, 0, 30 MHz, 405 MHz, 22.39 W, 47, 0 %, 3212 MiB
2026/09/24 17:25:47.927, 1, 2835 MHz, 14001 MHz, 599.88 W, 69, 99 %, 470 MiB
2026/09/24 17:25:48.932, 0, 30 MHz, 405 MHz, 22.50 W, 47, 0 %, 3212 MiB
2026/09/24 17:25:48.932, 1, 2835 MHz, 14001 MHz, 599.45 W, 69, 99 %, 470 MiB
2026/09/24 17:25:49.936, 0, 31 MHz, 405 MHz, 22.20 W, 47, 0 %, 3212 MiB
2026/09/24 17:25:49.936, 1, 2835 MHz, 14001 MHz, 599.96 W, 69, 99 %, 470 MiB
2026/09/24 17:25:50.938, 0, 30 MHz, 405 MHz, 22.83 W, 47, 0 %, 3212 MiB
2026/09/24 17:25:50.938, 1, 2835 MHz, 14001 MHz, 599.78 W, 69, 99 %, 470 MiB
2026/09/24 17:25:51.943, 0, 31 MHz, 405 MHz, 23.06 W, 47, 0 %, 3212 MiB
2026/09/24 17:25:51.943, 1, 2835 MHz, 14001 MHz, 600.00 W, 69, 99 %, 470 MiB
2026/09/24 17:25:52.959, 0, 33 MHz, 405 MHz, 22.72 W, 47, 0 %, 3212 MiB
2026/09/24 17:25:52.959, 1, 2835 MHz, 14001 MHz, 599.98 W, 69, 99 %, 470 MiB
2026/09/24 17:25:53.960, 0, 33 MHz, 405 MHz, 22.84 W, 47, 0 %, 3212 MiB
2026/09/24 17:25:53.960, 1, 2835 MHz, 14001 MHz, 599.97 W, 70, 99 %, 470 MiB
2026/09/24 17:25:54.962, 0, 33 MHz, 405 MHz, 22.96 W, 47, 0 %, 3212 MiB
2026/09/24 17:25:54.962, 1, 2835 MHz, 14001 MHz, 600.24 W, 69, 99 %, 470 MiB
2026/09/24 17:25:55.966, 0, 33 MHz, 405 MHz, 23.39 W, 47, 0 %, 3212 MiB
2026/09/24 17:25:55.966, 1, 2835 MHz, 14001 MHz, 599.88 W, 69, 99 %, 470 MiB
2026/09/24 17:25:56.972, 0, 31 MHz, 405 MHz, 23.41 W, 47, 0 %, 3212 MiB
2026/09/24 17:25:56.972, 1, 2835 MHz, 14001 MHz, 600.21 W, 69, 99 %, 470 MiB
2026/09/24 17:25:57.981, 0, 34 MHz, 405 MHz, 21.60 W, 47, 0 %, 3212 MiB
2026/09/24 17:25:57.981, 1, 2835 MHz, 14001 MHz, 549.75 W, 58, 0 %, 470 MiB
2026/09/24 17:25:58.987, 0, 33 MHz, 405 MHz, 19.33 W, 47, 0 %, 3212 MiB
2026/09/24 17:25:58.987, 1, 2955 MHz, 14001 MHz, 98.54 W, 54, 0 %, 470 MiB
2026/09/24 17:25:59.990, 0, 33 MHz, 405 MHz, 20.02 W, 47, 0 %, 3212 MiB
2026/09/24 17:25:59.990, 1, 2955 MHz, 14001 MHz, 96.54 W, 53, 0 %, 18 MiB
2026/09/24 17:26:00.994, 0, 47 MHz, 405 MHz, 23.22 W, 47, 1 %, 3212 MiB
2026/09/24 17:26:00.994, 1, 51 MHz, 810 MHz, 42.45 W, 50, 0 %, 18 MiB
2026/09/24 17:26:02.008, 0, 42 MHz, 405 MHz, 25.00 W, 47, 1 %, 3212 MiB
2026/09/24 17:26:02.008, 1, 45 MHz, 810 MHz, 35.05 W, 50, 0 %, 18 MiB
2026/09/24 17:26:03.022, 0, 277 MHz, 405 MHz, 24.77 W, 47, 0 %, 3212 MiB
2026/09/24 17:26:03.022, 1, 1747 MHz, 14001 MHz, 103.44 W, 66, 99 %, 470 MiB
2026/09/24 17:26:04.023, 0, 42 MHz, 405 MHz, 28.55 W, 47, 1 %, 3212 MiB
2026/09/24 17:26:04.023, 1, 2835 MHz, 14001 MHz, 601.88 W, 67, 99 %, 470 MiB
2026/09/24 17:26:05.027, 0, 34 MHz, 405 MHz, 27.85 W, 47, 0 %, 3212 MiB
2026/09/24 17:26:05.027, 1, 2835 MHz, 14001 MHz, 600.34 W, 67, 99 %, 470 MiB
2026/09/24 17:26:06.029, 0, 32 MHz, 405 MHz, 25.08 W, 47, 0 %, 3212 MiB
2026/09/24 17:26:06.029, 1, 2835 MHz, 14001 MHz, 600.12 W, 68, 99 %, 470 MiB
2026/09/24 17:26:07.039, 0, 32 MHz, 405 MHz, 22.82 W, 47, 0 %, 3212 MiB
2026/09/24 17:26:07.039, 1, 2827 MHz, 14001 MHz, 600.22 W, 68, 98 %, 470 MiB
2026/09/24 17:26:08.043, 0, 32 MHz, 405 MHz, 22.93 W, 47, 0 %, 3212 MiB
2026/09/24 17:26:08.043, 1, 2827 MHz, 14001 MHz, 600.26 W, 68, 99 %, 470 MiB
2026/09/24 17:26:09.046, 0, 32 MHz, 405 MHz, 22.89 W, 47, 0 %, 3212 MiB
2026/09/24 17:26:09.046, 1, 2827 MHz, 14001 MHz, 600.05 W, 68, 99 %, 470 MiB
2026/09/24 17:26:10.060, 0, 32 MHz, 405 MHz, 23.05 W, 47, 0 %, 3212 MiB
2026/09/24 17:26:10.060, 1, 2827 MHz, 14001 MHz, 600.00 W, 68, 99 %, 470 MiB
2026/09/24 17:26:11.067, 0, 32 MHz, 405 MHz, 22.94 W, 47, 0 %, 3212 MiB
2026/09/24 17:26:11.067, 1, 2827 MHz, 14001 MHz, 600.08 W, 69, 98 %, 470 MiB
2026/09/24 17:26:12.071, 0, 35 MHz, 405 MHz, 22.88 W, 47, 0 %, 3212 MiB
2026/09/24 17:26:12.071, 1, 2827 MHz, 14001 MHz, 600.04 W, 69, 99 %, 470 MiB
2026/09/24 17:26:13.076, 0, 30 MHz, 405 MHz, 22.53 W, 47, 0 %, 3212 MiB
2026/09/24 17:26:13.076, 1, 2827 MHz, 14001 MHz, 600.04 W, 69, 99 %, 470 MiB
2026/09/24 17:26:14.079, 0, 30 MHz, 405 MHz, 22.30 W, 47, 0 %, 3212 MiB
2026/09/24 17:26:14.079, 1, 2827 MHz, 14001 MHz, 600.62 W, 69, 99 %, 470 MiB
2026/09/24 17:26:15.081, 0, 30 MHz, 405 MHz, 22.52 W, 47, 0 %, 3212 MiB
2026/09/24 17:26:15.081, 1, 2820 MHz, 14001 MHz, 600.02 W, 69, 99 %, 470 MiB
2026/09/24 17:26:16.085, 0, 30 MHz, 405 MHz, 22.88 W, 47, 0 %, 3212 MiB
2026/09/24 17:26:16.085, 1, 2820 MHz, 14001 MHz, 600.02 W, 69, 99 %, 470 MiB
2026/09/24 17:26:17.089, 0, 30 MHz, 405 MHz, 22.78 W, 47, 0 %, 3212 MiB
2026/09/24 17:26:17.089, 1, 2820 MHz, 14001 MHz, 600.03 W, 69, 99 %, 470 MiB
2026/09/24 17:26:18.092, 0, 30 MHz, 405 MHz, 23.09 W, 47, 0 %, 3212 MiB
2026/09/24 17:26:18.092, 1, 2820 MHz, 14001 MHz, 600.19 W, 69, 99 %, 470 MiB
2026/09/24 17:26:19.101, 0, 30 MHz, 405 MHz, 22.88 W, 47, 0 %, 3212 MiB
2026/09/24 17:26:19.101, 1, 2820 MHz, 14001 MHz, 600.02 W, 69, 99 %, 470 MiB
2026/09/24 17:26:20.105, 0, 30 MHz, 405 MHz, 22.85 W, 47, 0 %, 3212 MiB
2026/09/24 17:26:20.105, 1, 2820 MHz, 14001 MHz, 599.77 W, 69, 98 %, 470 MiB
2026/09/24 17:26:21.110, 0, 30 MHz, 405 MHz, 22.82 W, 47, 0 %, 3212 MiB
2026/09/24 17:26:21.110, 1, 2820 MHz, 14001 MHz, 599.91 W, 69, 99 %, 470 MiB
2026/09/24 17:26:22.113, 0, 30 MHz, 405 MHz, 22.83 W, 47, 0 %, 3212 MiB
2026/09/24 17:26:22.113, 1, 2827 MHz, 14001 MHz, 599.87 W, 69, 99 %, 470 MiB
2026/09/24 17:26:23.116, 0, 30 MHz, 405 MHz, 22.96 W, 47, 0 %, 3212 MiB
2026/09/24 17:26:23.116, 1, 2827 MHz, 14001 MHz, 599.86 W, 69, 99 %, 470 MiB
2026/09/24 17:26:24.129, 0, 30 MHz, 405 MHz, 22.32 W, 47, 0 %, 3212 MiB
2026/09/24 17:26:24.129, 1, 2827 MHz, 14001 MHz, 600.04 W, 69, 99 %, 470 MiB
2026/09/24 17:26:25.133, 0, 30 MHz, 405 MHz, 22.91 W, 47, 0 %, 3212 MiB
2026/09/24 17:26:25.133, 1, 2827 MHz, 14001 MHz, 599.99 W, 69, 99 %, 470 MiB
2026/09/24 17:26:26.142, 0, 30 MHz, 405 MHz, 22.64 W, 47, 0 %, 3212 MiB
2026/09/24 17:26:26.142, 1, 2827 MHz, 14001 MHz, 599.78 W, 69, 98 %, 470 MiB
2026/09/24 17:26:27.147, 0, 30 MHz, 405 MHz, 23.02 W, 47, 0 %, 3212 MiB
2026/09/24 17:26:27.147, 1, 2827 MHz, 14001 MHz, 599.86 W, 69, 99 %, 470 MiB
2026/09/24 17:26:28.153, 0, 30 MHz, 405 MHz, 23.14 W, 47, 0 %, 3212 MiB
2026/09/24 17:26:28.153, 1, 2827 MHz, 14001 MHz, 599.77 W, 70, 99 %, 470 MiB
2026/09/24 17:26:29.160, 0, 30 MHz, 405 MHz, 22.49 W, 47, 0 %, 3212 MiB
2026/09/24 17:26:29.160, 1, 2835 MHz, 14001 MHz, 599.97 W, 69, 99 %, 470 MiB
2026/09/24 17:26:30.162, 0, 30 MHz, 405 MHz, 22.92 W, 47, 0 %, 3212 MiB
2026/09/24 17:26:30.162, 1, 2835 MHz, 14001 MHz, 600.02 W, 69, 99 %, 470 MiB
2026/09/24 17:26:31.173, 0, 30 MHz, 405 MHz, 22.97 W, 47, 0 %, 3212 MiB
2026/09/24 17:26:31.173, 1, 2835 MHz, 14001 MHz, 600.20 W, 70, 98 %, 470 MiB
2026/09/24 17:26:32.174, 0, 32 MHz, 405 MHz, 23.51 W, 47, 0 %, 3212 MiB
2026/09/24 17:26:32.174, 1, 2835 MHz, 14001 MHz, 600.10 W, 70, 99 %, 470 MiB
2026/09/24 17:26:33.178, 0, 30 MHz, 405 MHz, 23.54 W, 47, 0 %, 3212 MiB
2026/09/24 17:26:33.178, 1, 2835 MHz, 14001 MHz, 599.71 W, 69, 99 %, 470 MiB
2026/09/24 17:26:34.182, 0, 30 MHz, 405 MHz, 23.21 W, 47, 0 %, 3212 MiB
2026/09/24 17:26:34.182, 1, 2835 MHz, 14001 MHz, 599.76 W, 70, 99 %, 470 MiB
2026/09/24 17:26:35.187, 0, 38 MHz, 405 MHz, 23.68 W, 47, 1 %, 3212 MiB
2026/09/24 17:26:35.187, 1, 2835 MHz, 14001 MHz, 599.61 W, 70, 99 %, 470 MiB
2026/09/24 17:26:36.192, 0, 30 MHz, 405 MHz, 22.71 W, 47, 0 %, 3212 MiB
2026/09/24 17:26:36.192, 1, 2910 MHz, 14001 MHz, 415.75 W, 56, 99 %, 18 MiB
2026/09/24 17:26:37.205, 0, 36 MHz, 405 MHz, 20.07 W, 47, 0 %, 3212 MiB
2026/09/24 17:26:37.205, 1, 2955 MHz, 14001 MHz, 113.52 W, 54, 0 %, 18 MiB
2026/09/24 17:26:38.207, 0, 30 MHz, 405 MHz, 23.46 W, 47, 0 %, 3212 MiB
2026/09/24 17:26:38.207, 1, 1597 MHz, 7001 MHz, 85.12 W, 52, 0 %, 18 MiB
2026/09/24 17:26:39.209, 0, 40 MHz, 405 MHz, 25.36 W, 47, 0 %, 3212 MiB
2026/09/24 17:26:39.209, 1, 397 MHz, 14001 MHz, 39.68 W, 51, 0 %, 463 MiB
2026/09/24 17:26:40.222, 0, 360 MHz, 405 MHz, 28.58 W, 47, 1 %, 3212 MiB
2026/09/24 17:26:40.222, 1, 2835 MHz, 14001 MHz, 509.21 W, 68, 98 %, 471 MiB
2026/09/24 17:26:41.226, 0, 277 MHz, 405 MHz, 28.82 W, 47, 0 %, 3212 MiB
2026/09/24 17:26:41.226, 1, 2820 MHz, 14001 MHz, 600.24 W, 68, 98 %, 471 MiB
2026/09/24 17:26:42.230, 0, 32 MHz, 405 MHz, 28.42 W, 47, 0 %, 3212 MiB
2026/09/24 17:26:42.230, 1, 2820 MHz, 14001 MHz, 600.09 W, 68, 99 %, 471 MiB
2026/09/24 17:26:43.232, 0, 32 MHz, 405 MHz, 23.69 W, 47, 0 %, 3212 MiB
2026/09/24 17:26:43.232, 1, 2820 MHz, 14001 MHz, 599.95 W, 68, 99 %, 471 MiB
2026/09/24 17:26:44.236, 0, 32 MHz, 405 MHz, 23.98 W, 47, 0 %, 3212 MiB
2026/09/24 17:26:44.236, 1, 2827 MHz, 14001 MHz, 599.42 W, 68, 99 %, 471 MiB
2026/09/24 17:26:45.241, 0, 32 MHz, 405 MHz, 23.62 W, 47, 0 %, 3212 MiB
2026/09/24 17:26:45.241, 1, 2827 MHz, 14001 MHz, 600.16 W, 68, 98 %, 471 MiB
2026/09/24 17:26:46.244, 0, 33 MHz, 405 MHz, 22.94 W, 47, 0 %, 3212 MiB
2026/09/24 17:26:46.244, 1, 2820 MHz, 14001 MHz, 600.18 W, 68, 99 %, 471 MiB
2026/09/24 17:26:47.252, 0, 33 MHz, 405 MHz, 23.09 W, 47, 0 %, 3212 MiB
2026/09/24 17:26:47.252, 1, 2820 MHz, 14001 MHz, 600.01 W, 68, 99 %, 471 MiB
2026/09/24 17:26:48.253, 0, 34 MHz, 405 MHz, 23.00 W, 47, 0 %, 3212 MiB
2026/09/24 17:26:48.253, 1, 2932 MHz, 14001 MHz, 422.83 W, 68, 80 %, 471 MiB
2026/09/24 17:26:49.259, 0, 32 MHz, 405 MHz, 23.12 W, 47, 0 %, 3212 MiB
2026/09/24 17:26:49.259, 1, 2820 MHz, 14001 MHz, 603.89 W, 69, 98 %, 471 MiB
2026/09/24 17:26:50.264, 0, 32 MHz, 405 MHz, 23.78 W, 47, 0 %, 3212 MiB
2026/09/24 17:26:50.264, 1, 2827 MHz, 14001 MHz, 599.96 W, 69, 99 %, 471 MiB
2026/09/24 17:26:51.280, 0, 32 MHz, 405 MHz, 23.48 W, 47, 0 %, 3212 MiB
2026/09/24 17:26:51.280, 1, 2820 MHz, 14001 MHz, 599.91 W, 69, 98 %, 471 MiB
2026/09/24 17:26:52.282, 0, 33 MHz, 405 MHz, 23.26 W, 47, 0 %, 3212 MiB
2026/09/24 17:26:52.282, 1, 2820 MHz, 14001 MHz, 600.08 W, 69, 98 %, 471 MiB
2026/09/24 17:26:53.283, 0, 32 MHz, 405 MHz, 23.55 W, 47, 0 %, 3212 MiB
2026/09/24 17:26:53.283, 1, 2820 MHz, 14001 MHz, 599.77 W, 69, 99 %, 471 MiB
2026/09/24 17:26:54.287, 0, 32 MHz, 405 MHz, 23.65 W, 47, 0 %, 3212 MiB
2026/09/24 17:26:54.287, 1, 2820 MHz, 14001 MHz, 599.63 W, 69, 98 %, 471 MiB
2026/09/24 17:26:55.291, 0, 33 MHz, 405 MHz, 23.10 W, 47, 0 %, 3212 MiB
2026/09/24 17:26:55.291, 1, 2820 MHz, 14001 MHz, 600.11 W, 69, 98 %, 471 MiB
2026/09/24 17:26:56.294, 0, 32 MHz, 405 MHz, 23.15 W, 47, 0 %, 3212 MiB
2026/09/24 17:26:56.294, 1, 2820 MHz, 14001 MHz, 600.05 W, 69, 97 %, 471 MiB
2026/09/24 17:26:57.295, 0, 32 MHz, 405 MHz, 22.85 W, 47, 0 %, 3212 MiB
2026/09/24 17:26:57.295, 1, 2820 MHz, 14001 MHz, 520.60 W, 57, 98 %, 471 MiB
2026/09/24 17:26:58.296, 0, 32 MHz, 405 MHz, 21.78 W, 47, 0 %, 3212 MiB
2026/09/24 17:26:58.296, 1, 2820 MHz, 14001 MHz, 485.69 W, 69, 98 %, 471 MiB
2026/09/24 17:26:59.297, 0, 32 MHz, 405 MHz, 23.47 W, 47, 0 %, 3212 MiB
2026/09/24 17:26:59.297, 1, 2820 MHz, 14001 MHz, 599.56 W, 69, 98 %, 471 MiB
2026/09/24 17:27:00.313, 0, 32 MHz, 405 MHz, 23.48 W, 47, 0 %, 3212 MiB
2026/09/24 17:27:00.313, 1, 2827 MHz, 14001 MHz, 600.04 W, 69, 98 %, 471 MiB
2026/09/24 17:27:01.328, 0, 32 MHz, 405 MHz, 23.76 W, 47, 0 %, 3212 MiB
2026/09/24 17:27:01.328, 1, 2827 MHz, 14001 MHz, 600.27 W, 69, 98 %, 471 MiB
2026/09/24 17:27:02.330, 0, 32 MHz, 405 MHz, 23.27 W, 47, 0 %, 3212 MiB
2026/09/24 17:27:02.330, 1, 2827 MHz, 14001 MHz, 599.66 W, 69, 98 %, 471 MiB
2026/09/24 17:27:03.333, 0, 33 MHz, 405 MHz, 23.28 W, 47, 0 %, 3212 MiB
2026/09/24 17:27:03.333, 1, 2827 MHz, 14001 MHz, 600.24 W, 69, 98 %, 471 MiB
2026/09/24 17:27:04.337, 0, 33 MHz, 405 MHz, 23.14 W, 47, 0 %, 3212 MiB
2026/09/24 17:27:04.337, 1, 2820 MHz, 14001 MHz, 600.61 W, 69, 98 %, 471 MiB
2026/09/24 17:27:05.345, 0, 33 MHz, 405 MHz, 23.41 W, 47, 0 %, 3212 MiB
2026/09/24 17:27:05.345, 1, 2820 MHz, 14001 MHz, 599.96 W, 69, 99 %, 471 MiB
2026/09/24 17:27:06.349, 0, 33 MHz, 405 MHz, 22.88 W, 47, 0 %, 3212 MiB
2026/09/24 17:27:06.349, 1, 2820 MHz, 14001 MHz, 599.91 W, 70, 99 %, 471 MiB
2026/09/24 17:27:07.353, 0, 33 MHz, 405 MHz, 21.56 W, 47, 0 %, 3212 MiB
2026/09/24 17:27:07.353, 1, 2827 MHz, 14001 MHz, 421.10 W, 69, 86 %, 471 MiB
2026/09/24 17:27:08.358, 0, 33 MHz, 405 MHz, 22.98 W, 47, 0 %, 3212 MiB
2026/09/24 17:27:08.358, 1, 2820 MHz, 14001 MHz, 600.34 W, 69, 98 %, 471 MiB
2026/09/24 17:27:09.362, 0, 33 MHz, 405 MHz, 23.38 W, 47, 0 %, 3212 MiB
2026/09/24 17:27:09.362, 1, 2820 MHz, 14001 MHz, 599.51 W, 70, 98 %, 471 MiB
2026/09/24 17:27:10.369, 0, 32 MHz, 405 MHz, 23.51 W, 47, 0 %, 3212 MiB
2026/09/24 17:27:10.369, 1, 2820 MHz, 14001 MHz, 599.97 W, 69, 98 %, 471 MiB
2026/09/24 17:27:11.374, 0, 33 MHz, 405 MHz, 22.90 W, 47, 0 %, 3212 MiB
2026/09/24 17:27:11.374, 1, 2820 MHz, 14001 MHz, 600.30 W, 70, 98 %, 471 MiB
2026/09/24 17:27:12.382, 0, 33 MHz, 405 MHz, 22.73 W, 47, 0 %, 3212 MiB
2026/09/24 17:27:12.382, 1, 2820 MHz, 14001 MHz, 599.84 W, 69, 98 %, 471 MiB
2026/09/24 17:27:13.389, 0, 32 MHz, 405 MHz, 23.09 W, 47, 0 %, 3212 MiB
2026/09/24 17:27:13.389, 1, 2820 MHz, 14001 MHz, 599.91 W, 69, 99 %, 471 MiB
2026/09/24 17:27:14.404, 0, 32 MHz, 405 MHz, 23.09 W, 47, 0 %, 3212 MiB
2026/09/24 17:27:14.404, 1, 2820 MHz, 14001 MHz, 600.06 W, 70, 99 %, 471 MiB
2026/09/24 17:27:15.419, 0, 31 MHz, 405 MHz, 22.60 W, 47, 0 %, 3212 MiB
2026/09/24 17:27:15.419, 1, 2820 MHz, 14001 MHz, 600.09 W, 69, 98 %, 471 MiB
2026/09/24 17:27:16.426, 0, 32 MHz, 405 MHz, 21.33 W, 47, 0 %, 3212 MiB
2026/09/24 17:27:16.426, 1, 2827 MHz, 14001 MHz, 434.69 W, 69, 30 %, 471 MiB
2026/09/24 17:27:17.430, 0, 32 MHz, 405 MHz, 22.93 W, 47, 0 %, 3212 MiB
2026/09/24 17:27:17.430, 1, 2820 MHz, 14001 MHz, 599.85 W, 69, 98 %, 471 MiB
2026/09/24 17:27:18.434, 0, 32 MHz, 405 MHz, 22.98 W, 47, 0 %, 3212 MiB
2026/09/24 17:27:18.434, 1, 2820 MHz, 14001 MHz, 599.97 W, 70, 99 %, 471 MiB
2026/09/24 17:27:19.436, 0, 32 MHz, 405 MHz, 22.95 W, 47, 0 %, 3212 MiB
2026/09/24 17:27:19.436, 1, 2820 MHz, 14001 MHz, 599.50 W, 69, 98 %, 471 MiB
2026/09/24 17:27:20.439, 0, 32 MHz, 405 MHz, 23.05 W, 47, 0 %, 3212 MiB
2026/09/24 17:27:20.439, 1, 2820 MHz, 14001 MHz, 599.98 W, 69, 99 %, 471 MiB
2026/09/24 17:27:21.454, 0, 32 MHz, 405 MHz, 22.90 W, 47, 0 %, 3212 MiB
2026/09/24 17:27:21.454, 1, 2820 MHz, 14001 MHz, 600.20 W, 70, 98 %, 471 MiB
2026/09/24 17:27:22.456, 0, 30 MHz, 405 MHz, 22.83 W, 47, 0 %, 3212 MiB
2026/09/24 17:27:22.456, 1, 2820 MHz, 14001 MHz, 599.99 W, 69, 99 %, 471 MiB
2026/09/24 17:27:23.464, 0, 30 MHz, 405 MHz, 22.92 W, 47, 0 %, 3212 MiB
2026/09/24 17:27:23.464, 1, 2820 MHz, 14001 MHz, 600.04 W, 70, 99 %, 471 MiB
2026/09/24 17:27:24.470, 0, 30 MHz, 405 MHz, 23.05 W, 47, 0 %, 3212 MiB
2026/09/24 17:27:24.470, 1, 2820 MHz, 14001 MHz, 600.11 W, 70, 99 %, 471 MiB
2026/09/24 17:27:25.484, 0, 33 MHz, 405 MHz, 22.62 W, 47, 0 %, 3212 MiB
2026/09/24 17:27:25.484, 1, 2827 MHz, 14001 MHz, 429.16 W, 70, 52 %, 471 MiB
2026/09/24 17:27:26.492, 0, 33 MHz, 405 MHz, 22.88 W, 47, 0 %, 3212 MiB
2026/09/24 17:27:26.492, 1, 2820 MHz, 14001 MHz, 599.67 W, 70, 99 %, 471 MiB
2026/09/24 17:27:27.498, 0, 33 MHz, 405 MHz, 22.84 W, 47, 0 %, 3212 MiB
2026/09/24 17:27:27.498, 1, 2820 MHz, 14001 MHz, 600.31 W, 70, 98 %, 471 MiB
2026/09/24 17:27:28.504, 0, 33 MHz, 405 MHz, 22.89 W, 47, 0 %, 3212 MiB
2026/09/24 17:27:28.504, 1, 2820 MHz, 14001 MHz, 599.75 W, 70, 99 %, 471 MiB
2026/09/24 17:27:29.511, 0, 37 MHz, 405 MHz, 23.29 W, 47, 0 %, 3212 MiB
2026/09/24 17:27:29.511, 1, 2820 MHz, 14001 MHz, 599.86 W, 70, 98 %, 471 MiB
2026/09/24 17:27:30.515, 0, 34 MHz, 405 MHz, 23.72 W, 47, 0 %, 3212 MiB
2026/09/24 17:27:30.515, 1, 2820 MHz, 14001 MHz, 599.83 W, 70, 98 %, 471 MiB
2026/09/24 17:27:31.519, 0, 32 MHz, 405 MHz, 23.45 W, 47, 0 %, 3212 MiB
2026/09/24 17:27:31.519, 1, 2820 MHz, 14001 MHz, 600.24 W, 70, 98 %, 471 MiB
2026/09/24 17:27:32.524, 0, 32 MHz, 405 MHz, 23.62 W, 47, 0 %, 3212 MiB
2026/09/24 17:27:32.524, 1, 2820 MHz, 14001 MHz, 599.67 W, 70, 98 %, 471 MiB
2026/09/24 17:27:33.530, 0, 35 MHz, 405 MHz, 22.13 W, 47, 0 %, 3212 MiB
2026/09/24 17:27:33.530, 1, 2850 MHz, 14001 MHz, 599.25 W, 70, 98 %, 471 MiB
2026/09/24 17:27:34.534, 0, 32 MHz, 405 MHz, 23.09 W, 47, 0 %, 3212 MiB
2026/09/24 17:27:34.534, 1, 2812 MHz, 14001 MHz, 422.44 W, 70, 98 %, 471 MiB
2026/09/24 17:27:35.550, 0, 35 MHz, 405 MHz, 24.98 W, 47, 1 %, 3212 MiB
2026/09/24 17:27:35.550, 1, 2820 MHz, 14001 MHz, 599.85 W, 70, 98 %, 471 MiB
2026/09/24 17:27:36.555, 0, 32 MHz, 405 MHz, 23.75 W, 47, 0 %, 3212 MiB
2026/09/24 17:27:36.555, 1, 2820 MHz, 14001 MHz, 599.84 W, 69, 98 %, 471 MiB
2026/09/24 17:27:37.564, 0, 34 MHz, 405 MHz, 23.78 W, 47, 0 %, 3212 MiB
2026/09/24 17:27:37.564, 1, 2820 MHz, 14001 MHz, 600.04 W, 70, 98 %, 471 MiB
2026/09/24 17:27:38.568, 0, 32 MHz, 405 MHz, 23.60 W, 47, 0 %, 3212 MiB
2026/09/24 17:27:38.568, 1, 2820 MHz, 14001 MHz, 599.96 W, 70, 98 %, 471 MiB
2026/09/24 17:27:39.575, 0, 32 MHz, 405 MHz, 23.55 W, 47, 0 %, 3212 MiB
2026/09/24 17:27:39.575, 1, 2820 MHz, 14001 MHz, 599.97 W, 70, 99 %, 471 MiB
2026/09/24 17:27:40.581, 0, 34 MHz, 405 MHz, 24.08 W, 47, 0 %, 3212 MiB
2026/09/24 17:27:40.581, 1, 2820 MHz, 14001 MHz, 599.85 W, 70, 99 %, 471 MiB
2026/09/24 17:27:41.589, 0, 32 MHz, 405 MHz, 24.04 W, 47, 0 %, 3212 MiB
2026/09/24 17:27:41.589, 1, 2820 MHz, 14001 MHz, 599.94 W, 70, 99 %, 471 MiB
2026/09/24 17:27:42.595, 0, 34 MHz, 405 MHz, 22.18 W, 47, 0 %, 3212 MiB
2026/09/24 17:27:42.595, 1, 2910 MHz, 14001 MHz, 536.26 W, 58, 99 %, 471 MiB
2026/09/24 17:27:43.603, 0, 32 MHz, 405 MHz, 24.04 W, 47, 0 %, 3212 MiB
2026/09/24 17:27:43.603, 1, 2812 MHz, 14001 MHz, 485.94 W, 69, 98 %, 471 MiB
2026/09/24 17:27:44.604, 0, 34 MHz, 405 MHz, 23.45 W, 47, 0 %, 3212 MiB
2026/09/24 17:27:44.604, 1, 2820 MHz, 14001 MHz, 599.66 W, 70, 99 %, 471 MiB
2026/09/24 17:27:45.609, 0, 34 MHz, 405 MHz, 23.89 W, 47, 0 %, 3212 MiB
2026/09/24 17:27:45.609, 1, 2820 MHz, 14001 MHz, 599.61 W, 70, 98 %, 471 MiB
2026/09/24 17:27:46.612, 0, 33 MHz, 405 MHz, 24.21 W, 47, 0 %, 3212 MiB
2026/09/24 17:27:46.612, 1, 2820 MHz, 14001 MHz, 599.80 W, 70, 99 %, 471 MiB
2026/09/24 17:27:47.618, 0, 30 MHz, 405 MHz, 23.88 W, 47, 0 %, 3212 MiB
2026/09/24 17:27:47.618, 1, 2820 MHz, 14001 MHz, 600.24 W, 70, 98 %, 471 MiB
2026/09/24 17:27:48.621, 0, 32 MHz, 405 MHz, 24.19 W, 47, 0 %, 3212 MiB
2026/09/24 17:27:48.621, 1, 2820 MHz, 14001 MHz, 600.22 W, 70, 98 %, 471 MiB
2026/09/24 17:27:49.626, 0, 33 MHz, 405 MHz, 23.84 W, 47, 0 %, 3212 MiB
2026/09/24 17:27:49.626, 1, 2820 MHz, 14001 MHz, 599.97 W, 69, 98 %, 471 MiB
2026/09/24 17:27:50.629, 0, 32 MHz, 405 MHz, 24.01 W, 47, 0 %, 3212 MiB
2026/09/24 17:27:50.629, 1, 2820 MHz, 14001 MHz, 599.95 W, 69, 99 %, 471 MiB
2026/09/24 17:27:51.630, 0, 30 MHz, 405 MHz, 22.47 W, 47, 0 %, 3212 MiB
2026/09/24 17:27:51.630, 1, 2955 MHz, 14001 MHz, 467.67 W, 56, 98 %, 471 MiB
2026/09/24 17:27:52.630, 0, 33 MHz, 405 MHz, 23.81 W, 47, 0 %, 3212 MiB
2026/09/24 17:27:52.630, 1, 2812 MHz, 14001 MHz, 510.60 W, 69, 98 %, 471 MiB
2026/09/24 17:27:53.636, 0, 32 MHz, 405 MHz, 23.32 W, 47, 0 %, 3212 MiB
2026/09/24 17:27:53.636, 1, 2820 MHz, 14001 MHz, 599.74 W, 69, 98 %, 471 MiB
2026/09/24 17:27:54.640, 0, 33 MHz, 405 MHz, 22.82 W, 47, 0 %, 3212 MiB
2026/09/24 17:27:54.640, 1, 2820 MHz, 14001 MHz, 599.86 W, 70, 98 %, 471 MiB
2026/09/24 17:27:55.644, 0, 32 MHz, 405 MHz, 23.76 W, 47, 0 %, 3212 MiB
2026/09/24 17:27:55.644, 1, 2820 MHz, 14001 MHz, 599.88 W, 69, 99 %, 471 MiB
2026/09/24 17:27:56.646, 0, 29 MHz, 405 MHz, 24.34 W, 47, 0 %, 3212 MiB
2026/09/24 17:27:56.646, 1, 2820 MHz, 14001 MHz, 600.03 W, 69, 98 %, 471 MiB
2026/09/24 17:27:57.647, 0, 30 MHz, 405 MHz, 24.34 W, 47, 0 %, 3212 MiB
2026/09/24 17:27:57.647, 1, 2820 MHz, 14001 MHz, 599.71 W, 69, 98 %, 471 MiB
2026/09/24 17:27:58.662, 0, 30 MHz, 405 MHz, 23.44 W, 47, 0 %, 3212 MiB
2026/09/24 17:27:58.662, 1, 2820 MHz, 14001 MHz, 600.20 W, 69, 99 %, 471 MiB
2026/09/24 17:27:59.666, 0, 30 MHz, 405 MHz, 23.63 W, 47, 0 %, 3212 MiB
2026/09/24 17:27:59.666, 1, 2820 MHz, 14001 MHz, 599.61 W, 69, 98 %, 471 MiB
2026/09/24 17:28:00.668, 0, 32 MHz, 405 MHz, 22.26 W, 47, 0 %, 3212 MiB
2026/09/24 17:28:00.668, 1, 2820 MHz, 14001 MHz, 416.63 W, 70, 98 %, 471 MiB
2026/09/24 17:28:01.671, 0, 29 MHz, 405 MHz, 23.59 W, 47, 0 %, 3212 MiB
2026/09/24 17:28:01.671, 1, 2820 MHz, 14001 MHz, 599.92 W, 69, 98 %, 471 MiB
2026/09/24 17:28:02.676, 0, 30 MHz, 405 MHz, 24.44 W, 47, 0 %, 3212 MiB
2026/09/24 17:28:02.676, 1, 2820 MHz, 14001 MHz, 599.76 W, 70, 99 %, 471 MiB
2026/09/24 17:28:03.677, 0, 28 MHz, 405 MHz, 23.45 W, 47, 0 %, 3212 MiB
2026/09/24 17:28:03.677, 1, 2820 MHz, 14001 MHz, 600.08 W, 70, 98 %, 471 MiB
2026/09/24 17:28:04.685, 0, 28 MHz, 405 MHz, 23.73 W, 47, 0 %, 3212 MiB
2026/09/24 17:28:04.685, 1, 2820 MHz, 14001 MHz, 600.07 W, 69, 98 %, 471 MiB
2026/09/24 17:28:05.696, 0, 28 MHz, 405 MHz, 22.94 W, 47, 0 %, 3212 MiB
2026/09/24 17:28:05.696, 1, 2820 MHz, 14001 MHz, 599.66 W, 70, 98 %, 471 MiB
2026/09/24 17:28:06.701, 0, 28 MHz, 405 MHz, 23.22 W, 47, 0 %, 3212 MiB
2026/09/24 17:28:06.701, 1, 2820 MHz, 14001 MHz, 599.91 W, 70, 98 %, 471 MiB
2026/09/24 17:28:07.707, 0, 28 MHz, 405 MHz, 23.62 W, 47, 0 %, 3212 MiB
2026/09/24 17:28:07.707, 1, 2820 MHz, 14001 MHz, 599.86 W, 70, 98 %, 471 MiB
2026/09/24 17:28:08.709, 0, 30 MHz, 405 MHz, 23.60 W, 47, 0 %, 3212 MiB
2026/09/24 17:28:08.709, 1, 2887 MHz, 14001 MHz, 556.72 W, 59, 10 %, 471 MiB
2026/09/24 17:28:09.711, 0, 28 MHz, 405 MHz, 22.27 W, 47, 0 %, 3212 MiB
2026/09/24 17:28:09.711, 1, 2812 MHz, 14001 MHz, 437.06 W, 69, 98 %, 471 MiB
2026/09/24 17:28:10.713, 0, 30 MHz, 405 MHz, 23.17 W, 47, 0 %, 3212 MiB
2026/09/24 17:28:10.713, 1, 2820 MHz, 14001 MHz, 599.71 W, 70, 98 %, 471 MiB
2026/09/24 17:28:11.719, 0, 28 MHz, 405 MHz, 23.24 W, 47, 0 %, 3212 MiB
2026/09/24 17:28:11.719, 1, 2820 MHz, 14001 MHz, 600.10 W, 70, 98 %, 471 MiB
2026/09/24 17:28:12.725, 0, 28 MHz, 405 MHz, 24.06 W, 47, 0 %, 3212 MiB
2026/09/24 17:28:12.726, 1, 2820 MHz, 14001 MHz, 600.09 W, 69, 98 %, 471 MiB
2026/09/24 17:28:13.727, 0, 28 MHz, 405 MHz, 22.96 W, 47, 0 %, 3212 MiB
2026/09/24 17:28:13.727, 1, 2820 MHz, 14001 MHz, 599.87 W, 70, 99 %, 471 MiB
2026/09/24 17:28:14.732, 0, 28 MHz, 405 MHz, 22.59 W, 47, 0 %, 3212 MiB
2026/09/24 17:28:14.732, 1, 2820 MHz, 14001 MHz, 599.96 W, 69, 98 %, 471 MiB
2026/09/24 17:28:15.745, 0, 30 MHz, 405 MHz, 23.42 W, 47, 0 %, 3212 MiB
2026/09/24 17:28:15.745, 1, 2820 MHz, 14001 MHz, 599.66 W, 69, 98 %, 471 MiB
2026/09/24 17:28:16.749, 0, 29 MHz, 405 MHz, 23.25 W, 47, 0 %, 3212 MiB
2026/09/24 17:28:16.749, 1, 2820 MHz, 14001 MHz, 599.92 W, 69, 98 %, 471 MiB
2026/09/24 17:28:17.756, 0, 30 MHz, 405 MHz, 23.40 W, 47, 0 %, 3212 MiB
2026/09/24 17:28:17.756, 1, 2955 MHz, 14001 MHz, 460.72 W, 56, 1 %, 471 MiB
2026/09/24 17:28:18.757, 0, 28 MHz, 405 MHz, 22.14 W, 47, 0 %, 3212 MiB
2026/09/24 17:28:18.757, 1, 2812 MHz, 14001 MHz, 517.55 W, 69, 98 %, 471 MiB
2026/09/24 17:28:19.761, 0, 28 MHz, 405 MHz, 23.16 W, 47, 0 %, 3212 MiB
2026/09/24 17:28:19.761, 1, 2820 MHz, 14001 MHz, 599.48 W, 69, 98 %, 471 MiB
2026/09/24 17:28:20.762, 0, 28 MHz, 405 MHz, 22.88 W, 47, 0 %, 3212 MiB
2026/09/24 17:28:20.762, 1, 2820 MHz, 14001 MHz, 600.12 W, 69, 98 %, 471 MiB
2026/09/24 17:28:21.777, 0, 28 MHz, 405 MHz, 22.86 W, 47, 0 %, 3212 MiB
2026/09/24 17:28:21.777, 1, 2820 MHz, 14001 MHz, 600.04 W, 70, 98 %, 471 MiB
2026/09/24 17:28:22.778, 0, 30 MHz, 405 MHz, 23.30 W, 47, 0 %, 3212 MiB
2026/09/24 17:28:22.778, 1, 2820 MHz, 14001 MHz, 599.76 W, 70, 98 %, 471 MiB
2026/09/24 17:28:23.793, 0, 28 MHz, 405 MHz, 23.61 W, 47, 0 %, 3212 MiB
2026/09/24 17:28:23.793, 1, 2820 MHz, 14001 MHz, 600.23 W, 69, 98 %, 471 MiB
2026/09/24 17:28:24.801, 0, 28 MHz, 405 MHz, 22.91 W, 47, 0 %, 3212 MiB
2026/09/24 17:28:24.801, 1, 2820 MHz, 14001 MHz, 599.81 W, 69, 98 %, 471 MiB
2026/09/24 17:28:25.810, 0, 28 MHz, 405 MHz, 22.63 W, 47, 0 %, 3212 MiB
2026/09/24 17:28:25.810, 1, 2820 MHz, 14001 MHz, 600.09 W, 69, 98 %, 471 MiB
2026/09/24 17:28:26.814, 0, 28 MHz, 405 MHz, 21.54 W, 47, 0 %, 3212 MiB
2026/09/24 17:28:26.814, 1, 2887 MHz, 14001 MHz, 418.40 W, 67, 98 %, 471 MiB
2026/09/24 17:28:27.817, 0, 28 MHz, 405 MHz, 22.45 W, 47, 0 %, 3212 MiB
2026/09/24 17:28:27.817, 1, 2812 MHz, 14001 MHz, 602.97 W, 70, 98 %, 471 MiB
2026/09/24 17:28:28.821, 0, 30 MHz, 405 MHz, 23.44 W, 47, 0 %, 3212 MiB
2026/09/24 17:28:28.821, 1, 2820 MHz, 14001 MHz, 599.80 W, 70, 98 %, 471 MiB
2026/09/24 17:28:29.837, 0, 28 MHz, 405 MHz, 23.21 W, 47, 0 %, 3212 MiB
2026/09/24 17:28:29.837, 1, 2820 MHz, 14001 MHz, 599.91 W, 69, 98 %, 471 MiB
2026/09/24 17:28:30.842, 0, 30 MHz, 405 MHz, 22.84 W, 47, 0 %, 3212 MiB
2026/09/24 17:28:30.842, 1, 2820 MHz, 14001 MHz, 599.79 W, 69, 98 %, 471 MiB
2026/09/24 17:28:31.846, 0, 28 MHz, 405 MHz, 22.95 W, 47, 0 %, 3212 MiB
2026/09/24 17:28:31.846, 1, 2820 MHz, 14001 MHz, 599.84 W, 69, 98 %, 471 MiB
2026/09/24 17:28:32.851, 0, 28 MHz, 405 MHz, 23.45 W, 47, 0 %, 3212 MiB
2026/09/24 17:28:32.851, 1, 2820 MHz, 14001 MHz, 599.96 W, 69, 98 %, 471 MiB
2026/09/24 17:28:33.853, 0, 28 MHz, 405 MHz, 23.12 W, 47, 0 %, 3212 MiB
2026/09/24 17:28:33.853, 1, 2820 MHz, 14001 MHz, 600.11 W, 70, 98 %, 471 MiB
2026/09/24 17:28:34.859, 0, 28 MHz, 405 MHz, 22.82 W, 47, 0 %, 3212 MiB
2026/09/24 17:28:34.859, 1, 2820 MHz, 14001 MHz, 599.70 W, 69, 98 %, 471 MiB
2026/09/24 17:28:35.861, 0, 30 MHz, 405 MHz, 22.54 W, 47, 1 %, 3212 MiB
2026/09/24 17:28:35.861, 1, 2827 MHz, 14001 MHz, 435.26 W, 69, 98 %, 471 MiB
2026/09/24 17:28:36.863, 0, 28 MHz, 405 MHz, 23.41 W, 47, 0 %, 3212 MiB
2026/09/24 17:28:36.863, 1, 2820 MHz, 14001 MHz, 600.51 W, 69, 98 %, 471 MiB
2026/09/24 17:28:37.869, 0, 30 MHz, 405 MHz, 23.40 W, 47, 0 %, 3212 MiB
2026/09/24 17:28:37.869, 1, 2820 MHz, 14001 MHz, 599.96 W, 69, 98 %, 471 MiB
2026/09/24 17:28:38.874, 0, 28 MHz, 405 MHz, 23.75 W, 47, 0 %, 3212 MiB
2026/09/24 17:28:38.874, 1, 2820 MHz, 14001 MHz, 599.56 W, 69, 98 %, 471 MiB
2026/09/24 17:28:39.877, 0, 28 MHz, 405 MHz, 23.46 W, 47, 0 %, 3212 MiB
2026/09/24 17:28:39.877, 1, 2820 MHz, 14001 MHz, 599.72 W, 69, 98 %, 471 MiB
2026/09/24 17:28:40.878, 0, 28 MHz, 405 MHz, 22.89 W, 47, 0 %, 3212 MiB
2026/09/24 17:28:40.878, 1, 2827 MHz, 14001 MHz, 599.88 W, 69, 98 %, 471 MiB
2026/09/24 17:28:41.884, 0, 28 MHz, 405 MHz, 22.85 W, 47, 0 %, 3212 MiB
2026/09/24 17:28:41.884, 1, 2827 MHz, 14001 MHz, 600.24 W, 69, 98 %, 471 MiB
2026/09/24 17:28:42.886, 0, 30 MHz, 405 MHz, 23.28 W, 47, 0 %, 3212 MiB
2026/09/24 17:28:42.886, 1, 2827 MHz, 14001 MHz, 599.72 W, 69, 99 %, 471 MiB
2026/09/24 17:28:43.893, 0, 29 MHz, 405 MHz, 23.97 W, 47, 0 %, 3212 MiB
2026/09/24 17:28:43.893, 1, 2827 MHz, 14001 MHz, 600.08 W, 69, 99 %, 471 MiB
2026/09/24 17:28:44.902, 0, 28 MHz, 405 MHz, 22.27 W, 47, 0 %, 3212 MiB
2026/09/24 17:28:44.902, 1, 2812 MHz, 14001 MHz, 417.51 W, 69, 98 %, 471 MiB
2026/09/24 17:28:45.906, 0, 28 MHz, 405 MHz, 22.93 W, 47, 0 %, 3212 MiB
2026/09/24 17:28:45.906, 1, 2812 MHz, 14001 MHz, 600.17 W, 69, 98 %, 471 MiB
2026/09/24 17:28:46.908, 0, 28 MHz, 405 MHz, 23.32 W, 47, 0 %, 3212 MiB
2026/09/24 17:28:46.908, 1, 2820 MHz, 14001 MHz, 599.44 W, 69, 98 %, 471 MiB
2026/09/24 17:28:47.910, 0, 28 MHz, 405 MHz, 23.06 W, 47, 0 %, 3212 MiB
2026/09/24 17:28:47.910, 1, 2820 MHz, 14001 MHz, 600.24 W, 69, 98 %, 471 MiB
2026/09/24 17:28:48.915, 0, 30 MHz, 405 MHz, 23.09 W, 47, 0 %, 3212 MiB
2026/09/24 17:28:48.915, 1, 2820 MHz, 14001 MHz, 600.24 W, 69, 98 %, 471 MiB
2026/09/24 17:28:49.921, 0, 28 MHz, 405 MHz, 22.91 W, 47, 0 %, 3212 MiB
2026/09/24 17:28:49.921, 1, 2820 MHz, 14001 MHz, 599.97 W, 69, 98 %, 471 MiB
2026/09/24 17:28:50.930, 0, 30 MHz, 405 MHz, 22.99 W, 47, 0 %, 3212 MiB
2026/09/24 17:28:50.930, 1, 2820 MHz, 14001 MHz, 600.12 W, 69, 99 %, 471 MiB
2026/09/24 17:28:51.933, 0, 28 MHz, 405 MHz, 22.65 W, 47, 0 %, 3212 MiB
2026/09/24 17:28:51.933, 1, 2820 MHz, 14001 MHz, 599.99 W, 69, 99 %, 471 MiB
2026/09/24 17:28:52.934, 0, 28 MHz, 405 MHz, 22.49 W, 47, 0 %, 3212 MiB
2026/09/24 17:28:52.934, 1, 2887 MHz, 14001 MHz, 555.65 W, 59, 8 %, 471 MiB
2026/09/24 17:28:53.938, 0, 225 MHz, 405 MHz, 21.40 W, 47, 0 %, 3212 MiB
2026/09/24 17:28:53.938, 1, 2812 MHz, 14001 MHz, 464.39 W, 69, 98 %, 471 MiB
2026/09/24 17:28:54.944, 0, 225 MHz, 405 MHz, 23.21 W, 47, 0 %, 3212 MiB
2026/09/24 17:28:54.944, 1, 2820 MHz, 14001 MHz, 599.77 W, 69, 98 %, 471 MiB
2026/09/24 17:28:55.952, 0, 240 MHz, 405 MHz, 22.87 W, 47, 0 %, 3212 MiB
2026/09/24 17:28:55.952, 1, 2820 MHz, 14001 MHz, 600.15 W, 69, 98 %, 471 MiB
2026/09/24 17:28:56.956, 0, 28 MHz, 405 MHz, 22.68 W, 47, 0 %, 3212 MiB
2026/09/24 17:28:56.956, 1, 2820 MHz, 14001 MHz, 599.97 W, 69, 98 %, 471 MiB
2026/09/24 17:28:57.959, 0, 225 MHz, 405 MHz, 22.54 W, 47, 0 %, 3212 MiB
2026/09/24 17:28:57.959, 1, 2820 MHz, 14001 MHz, 600.29 W, 69, 98 %, 471 MiB
2026/09/24 17:28:58.965, 0, 225 MHz, 405 MHz, 23.31 W, 47, 0 %, 3212 MiB
2026/09/24 17:28:58.965, 1, 2820 MHz, 14001 MHz, 599.81 W, 69, 98 %, 471 MiB
2026/09/24 17:28:59.974, 0, 225 MHz, 405 MHz, 23.22 W, 47, 0 %, 3212 MiB
2026/09/24 17:28:59.974, 1, 2820 MHz, 14001 MHz, 600.02 W, 69, 98 %, 471 MiB
2026/09/24 17:29:00.977, 0, 270 MHz, 405 MHz, 23.54 W, 47, 0 %, 3212 MiB
2026/09/24 17:29:00.977, 1, 2820 MHz, 14001 MHz, 599.92 W, 69, 98 %, 471 MiB
2026/09/24 17:29:01.981, 0, 240 MHz, 405 MHz, 22.70 W, 47, 0 %, 3212 MiB
2026/09/24 17:29:01.981, 1, 2955 MHz, 14001 MHz, 450.01 W, 56, 1 %, 471 MiB
2026/09/24 17:29:02.996, 0, 28 MHz, 405 MHz, 23.10 W, 47, 0 %, 3212 MiB
2026/09/24 17:29:02.996, 1, 2812 MHz, 14001 MHz, 509.21 W, 69, 98 %, 471 MiB
2026/09/24 17:29:04.000, 0, 28 MHz, 405 MHz, 23.64 W, 47, 0 %, 3212 MiB
2026/09/24 17:29:04.000, 1, 2820 MHz, 14001 MHz, 599.72 W, 69, 98 %, 471 MiB
2026/09/24 17:29:05.001, 0, 28 MHz, 405 MHz, 22.86 W, 47, 0 %, 3212 MiB
2026/09/24 17:29:05.001, 1, 2820 MHz, 14001 MHz, 600.03 W, 69, 98 %, 471 MiB
2026/09/24 17:29:06.004, 0, 28 MHz, 405 MHz, 23.37 W, 47, 0 %, 3212 MiB
2026/09/24 17:29:06.004, 1, 2820 MHz, 14001 MHz, 599.79 W, 69, 98 %, 471 MiB
2026/09/24 17:29:07.011, 0, 28 MHz, 405 MHz, 23.05 W, 47, 0 %, 3212 MiB
2026/09/24 17:29:07.011, 1, 2820 MHz, 14001 MHz, 600.00 W, 69, 99 %, 471 MiB
2026/09/24 17:29:08.020, 0, 28 MHz, 405 MHz, 23.47 W, 47, 0 %, 3212 MiB
2026/09/24 17:29:08.020, 1, 2820 MHz, 14001 MHz, 599.95 W, 69, 99 %, 471 MiB
2026/09/24 17:29:09.027, 0, 28 MHz, 405 MHz, 23.79 W, 47, 0 %, 3212 MiB
2026/09/24 17:29:09.027, 1, 2820 MHz, 14001 MHz, 600.01 W, 69, 99 %, 471 MiB
2026/09/24 17:29:10.034, 0, 28 MHz, 405 MHz, 23.38 W, 47, 0 %, 3212 MiB
2026/09/24 17:29:10.034, 1, 2820 MHz, 14001 MHz, 600.21 W, 69, 98 %, 471 MiB
2026/09/24 17:29:11.039, 0, 28 MHz, 405 MHz, 22.23 W, 47, 0 %, 3212 MiB
2026/09/24 17:29:11.039, 1, 2887 MHz, 14001 MHz, 416.75 W, 68, 98 %, 471 MiB
2026/09/24 17:29:12.052, 0, 28 MHz, 405 MHz, 23.28 W, 47, 0 %, 3212 MiB
2026/09/24 17:29:12.052, 1, 2820 MHz, 14001 MHz, 604.90 W, 69, 98 %, 471 MiB
2026/09/24 17:29:13.053, 0, 28 MHz, 405 MHz, 23.44 W, 47, 0 %, 3212 MiB
2026/09/24 17:29:13.053, 1, 2820 MHz, 14001 MHz, 600.10 W, 69, 99 %, 471 MiB
2026/09/24 17:29:14.060, 0, 28 MHz, 405 MHz, 23.21 W, 47, 0 %, 3212 MiB
2026/09/24 17:29:14.060, 1, 2820 MHz, 14001 MHz, 600.10 W, 69, 99 %, 471 MiB
2026/09/24 17:29:15.075, 0, 28 MHz, 405 MHz, 23.24 W, 47, 0 %, 3212 MiB
2026/09/24 17:29:15.075, 1, 2820 MHz, 14001 MHz, 600.11 W, 70, 98 %, 471 MiB
2026/09/24 17:29:16.082, 0, 28 MHz, 405 MHz, 23.55 W, 47, 0 %, 3212 MiB
2026/09/24 17:29:16.082, 1, 2820 MHz, 14001 MHz, 600.15 W, 69, 99 %, 471 MiB
2026/09/24 17:29:17.093, 0, 28 MHz, 405 MHz, 23.06 W, 47, 0 %, 3212 MiB
2026/09/24 17:29:17.093, 1, 2820 MHz, 14001 MHz, 599.79 W, 69, 98 %, 471 MiB
2026/09/24 17:29:18.103, 0, 28 MHz, 405 MHz, 23.16 W, 47, 0 %, 3212 MiB
2026/09/24 17:29:18.103, 1, 2820 MHz, 14001 MHz, 600.03 W, 69, 98 %, 471 MiB
2026/09/24 17:29:19.108, 0, 28 MHz, 405 MHz, 22.98 W, 47, 0 %, 3212 MiB
2026/09/24 17:29:19.108, 1, 2820 MHz, 14001 MHz, 599.97 W, 69, 98 %, 471 MiB
2026/09/24 17:29:20.114, 0, 28 MHz, 405 MHz, 21.59 W, 47, 0 %, 3212 MiB
2026/09/24 17:29:20.114, 1, 2820 MHz, 14001 MHz, 434.10 W, 69, 98 %, 471 MiB
2026/09/24 17:29:21.118, 0, 28 MHz, 405 MHz, 23.53 W, 47, 0 %, 3212 MiB
2026/09/24 17:29:21.118, 1, 2812 MHz, 14001 MHz, 600.37 W, 69, 98 %, 471 MiB
2026/09/24 17:29:22.119, 0, 28 MHz, 405 MHz, 23.25 W, 47, 0 %, 3212 MiB
2026/09/24 17:29:22.119, 1, 2812 MHz, 14001 MHz, 599.74 W, 69, 98 %, 471 MiB
2026/09/24 17:29:23.125, 0, 28 MHz, 405 MHz, 23.08 W, 47, 0 %, 3212 MiB
2026/09/24 17:29:23.125, 1, 2820 MHz, 14001 MHz, 599.97 W, 69, 98 %, 471 MiB
2026/09/24 17:29:24.128, 0, 28 MHz, 405 MHz, 22.81 W, 47, 0 %, 3212 MiB
2026/09/24 17:29:24.128, 1, 2820 MHz, 14001 MHz, 599.92 W, 69, 98 %, 471 MiB
2026/09/24 17:29:25.134, 0, 27 MHz, 405 MHz, 23.28 W, 47, 0 %, 3212 MiB
2026/09/24 17:29:25.134, 1, 2820 MHz, 14001 MHz, 600.16 W, 69, 98 %, 471 MiB
2026/09/24 17:29:26.135, 0, 28 MHz, 405 MHz, 23.37 W, 47, 0 %, 3212 MiB
2026/09/24 17:29:26.135, 1, 2820 MHz, 14001 MHz, 600.19 W, 69, 99 %, 471 MiB
2026/09/24 17:29:27.143, 0, 28 MHz, 405 MHz, 23.06 W, 47, 0 %, 3212 MiB
2026/09/24 17:29:27.143, 1, 2820 MHz, 14001 MHz, 599.86 W, 69, 99 %, 471 MiB
2026/09/24 17:29:28.149, 0, 28 MHz, 405 MHz, 22.27 W, 47, 0 %, 3212 MiB
2026/09/24 17:29:28.149, 1, 2820 MHz, 14001 MHz, 599.92 W, 70, 98 %, 471 MiB
2026/09/24 17:29:29.154, 0, 28 MHz, 405 MHz, 23.04 W, 47, 0 %, 3212 MiB
2026/09/24 17:29:29.154, 1, 2812 MHz, 14001 MHz, 413.29 W, 69, 98 %, 471 MiB
2026/09/24 17:29:30.162, 0, 28 MHz, 405 MHz, 23.22 W, 47, 0 %, 3212 MiB
2026/09/24 17:29:30.162, 1, 2820 MHz, 14001 MHz, 600.09 W, 69, 98 %, 471 MiB
2026/09/24 17:29:31.167, 0, 28 MHz, 405 MHz, 23.70 W, 47, 0 %, 3212 MiB
2026/09/24 17:29:31.167, 1, 2820 MHz, 14001 MHz, 599.98 W, 69, 98 %, 471 MiB
2026/09/24 17:29:32.169, 0, 29 MHz, 405 MHz, 23.36 W, 47, 0 %, 3212 MiB
2026/09/24 17:29:32.169, 1, 2820 MHz, 14001 MHz, 599.97 W, 69, 98 %, 471 MiB
2026/09/24 17:29:33.177, 0, 28 MHz, 405 MHz, 23.49 W, 47, 0 %, 3212 MiB
2026/09/24 17:29:33.177, 1, 2820 MHz, 14001 MHz, 600.10 W, 69, 98 %, 471 MiB
2026/09/24 17:29:34.178, 0, 28 MHz, 405 MHz, 23.15 W, 47, 0 %, 3212 MiB
2026/09/24 17:29:34.178, 1, 2820 MHz, 14001 MHz, 599.99 W, 69, 99 %, 471 MiB
2026/09/24 17:29:35.193, 0, 35 MHz, 405 MHz, 23.55 W, 47, 0 %, 3212 MiB
2026/09/24 17:29:35.193, 1, 2820 MHz, 14001 MHz, 599.76 W, 70, 99 %, 471 MiB
2026/09/24 17:29:36.200, 0, 28 MHz, 405 MHz, 23.87 W, 47, 0 %, 3212 MiB
2026/09/24 17:29:36.200, 1, 2820 MHz, 14001 MHz, 600.00 W, 69, 99 %, 471 MiB
2026/09/24 17:29:37.207, 0, 30 MHz, 405 MHz, 22.17 W, 47, 0 %, 3212 MiB
2026/09/24 17:29:37.207, 1, 2827 MHz, 14001 MHz, 438.24 W, 69, 1 %, 471 MiB
2026/09/24 17:29:38.214, 0, 28 MHz, 405 MHz, 23.02 W, 47, 0 %, 3212 MiB
2026/09/24 17:29:38.214, 1, 2812 MHz, 14001 MHz, 601.29 W, 69, 98 %, 471 MiB
2026/09/24 17:29:39.216, 0, 28 MHz, 405 MHz, 22.74 W, 47, 0 %, 3212 MiB
2026/09/24 17:29:39.216, 1, 2820 MHz, 14001 MHz, 599.77 W, 69, 98 %, 471 MiB
2026/09/24 17:29:40.224, 0, 28 MHz, 405 MHz, 23.52 W, 47, 0 %, 3212 MiB
2026/09/24 17:29:40.224, 1, 2820 MHz, 14001 MHz, 599.96 W, 69, 99 %, 471 MiB
2026/09/24 17:29:41.231, 0, 28 MHz, 405 MHz, 23.18 W, 47, 0 %, 3212 MiB
2026/09/24 17:29:41.231, 1, 2820 MHz, 14001 MHz, 599.84 W, 69, 98 %, 471 MiB
2026/09/24 17:29:42.236, 0, 28 MHz, 405 MHz, 24.26 W, 47, 0 %, 3212 MiB
2026/09/24 17:29:42.236, 1, 2820 MHz, 14001 MHz, 600.01 W, 69, 98 %, 471 MiB
2026/09/24 17:29:43.239, 0, 28 MHz, 405 MHz, 23.49 W, 47, 0 %, 3212 MiB
2026/09/24 17:29:43.239, 1, 2820 MHz, 14001 MHz, 600.22 W, 70, 99 %, 471 MiB
2026/09/24 17:29:44.245, 0, 28 MHz, 405 MHz, 23.81 W, 47, 0 %, 3212 MiB
2026/09/24 17:29:44.245, 1, 2820 MHz, 14001 MHz, 599.86 W, 69, 98 %, 471 MiB
2026/09/24 17:29:45.251, 0, 28 MHz, 405 MHz, 23.37 W, 47, 0 %, 3212 MiB
2026/09/24 17:29:45.251, 1, 2820 MHz, 14001 MHz, 599.84 W, 69, 98 %, 471 MiB
2026/09/24 17:29:46.256, 0, 28 MHz, 405 MHz, 22.01 W, 47, 0 %, 3212 MiB
2026/09/24 17:29:46.256, 1, 2820 MHz, 14001 MHz, 415.65 W, 69, 0 %, 471 MiB
2026/09/24 17:29:47.260, 0, 28 MHz, 405 MHz, 23.89 W, 47, 0 %, 3212 MiB
2026/09/24 17:29:47.260, 1, 2820 MHz, 14001 MHz, 600.03 W, 69, 98 %, 471 MiB
2026/09/24 17:29:48.269, 0, 28 MHz, 405 MHz, 23.33 W, 47, 0 %, 3212 MiB
2026/09/24 17:29:48.269, 1, 2820 MHz, 14001 MHz, 599.85 W, 69, 98 %, 471 MiB
2026/09/24 17:29:49.271, 0, 27 MHz, 405 MHz, 23.11 W, 47, 0 %, 3212 MiB
2026/09/24 17:29:49.271, 1, 2820 MHz, 14001 MHz, 600.20 W, 69, 98 %, 471 MiB
2026/09/24 17:29:50.286, 0, 28 MHz, 405 MHz, 23.90 W, 47, 0 %, 3212 MiB
2026/09/24 17:29:50.286, 1, 2820 MHz, 14001 MHz, 600.02 W, 69, 98 %, 471 MiB
2026/09/24 17:29:51.290, 0, 28 MHz, 405 MHz, 24.08 W, 47, 0 %, 3212 MiB
2026/09/24 17:29:51.290, 1, 2820 MHz, 14001 MHz, 599.82 W, 69, 98 %, 471 MiB
2026/09/24 17:29:52.297, 0, 28 MHz, 405 MHz, 24.10 W, 47, 0 %, 3212 MiB
2026/09/24 17:29:52.297, 1, 2820 MHz, 14001 MHz, 599.51 W, 69, 98 %, 471 MiB
2026/09/24 17:29:53.305, 0, 28 MHz, 405 MHz, 23.66 W, 47, 0 %, 3212 MiB
2026/09/24 17:29:53.305, 1, 2827 MHz, 14001 MHz, 600.00 W, 69, 99 %, 471 MiB
2026/09/24 17:29:54.320, 0, 28 MHz, 405 MHz, 23.32 W, 47, 0 %, 3212 MiB
2026/09/24 17:29:54.320, 1, 2872 MHz, 14001 MHz, 576.65 W, 62, 98 %, 471 MiB
2026/09/24 17:29:55.323, 0, 28 MHz, 405 MHz, 22.06 W, 47, 0 %, 3212 MiB
2026/09/24 17:29:55.323, 1, 2812 MHz, 14001 MHz, 435.46 W, 69, 98 %, 471 MiB
2026/09/24 17:29:56.329, 0, 29 MHz, 405 MHz, 23.62 W, 47, 0 %, 3212 MiB
2026/09/24 17:29:56.330, 1, 2812 MHz, 14001 MHz, 599.76 W, 70, 98 %, 471 MiB
2026/09/24 17:29:57.344, 0, 28 MHz, 405 MHz, 23.70 W, 47, 0 %, 3212 MiB
2026/09/24 17:29:57.344, 1, 2820 MHz, 14001 MHz, 599.94 W, 69, 98 %, 471 MiB
2026/09/24 17:29:58.348, 0, 28 MHz, 405 MHz, 23.53 W, 47, 0 %, 3212 MiB
2026/09/24 17:29:58.348, 1, 2820 MHz, 14001 MHz, 599.75 W, 69, 98 %, 471 MiB
2026/09/24 17:29:59.352, 0, 29 MHz, 405 MHz, 23.75 W, 47, 0 %, 3212 MiB
2026/09/24 17:29:59.352, 1, 2820 MHz, 14001 MHz, 600.13 W, 69, 99 %, 471 MiB
2026/09/24 17:30:00.365, 0, 29 MHz, 405 MHz, 23.15 W, 47, 0 %, 3212 MiB
2026/09/24 17:30:00.365, 1, 2820 MHz, 14001 MHz, 599.67 W, 69, 98 %, 471 MiB
2026/09/24 17:30:01.367, 0, 29 MHz, 405 MHz, 23.89 W, 47, 0 %, 3212 MiB
2026/09/24 17:30:01.367, 1, 2820 MHz, 14001 MHz, 600.14 W, 70, 99 %, 471 MiB
2026/09/24 17:30:02.369, 0, 29 MHz, 405 MHz, 23.04 W, 47, 0 %, 3212 MiB
2026/09/24 17:30:02.369, 1, 2955 MHz, 14001 MHz, 351.35 W, 55, 96 %, 471 MiB
2026/09/24 17:30:03.377, 0, 29 MHz, 405 MHz, 19.84 W, 47, 0 %, 3212 MiB
2026/09/24 17:30:03.377, 1, 2955 MHz, 14001 MHz, 96.26 W, 53, 0 %, 471 MiB
2026/09/24 17:30:04.385, 0, 29 MHz, 405 MHz, 20.12 W, 47, 0 %, 3212 MiB
2026/09/24 17:30:04.385, 1, 510 MHz, 7001 MHz, 64.89 W, 51, 0 %, 18 MiB
2026/09/24 17:30:05.391, 0, 28 MHz, 405 MHz, 19.44 W, 47, 0 %, 3212 MiB
2026/09/24 17:30:05.391, 1, 352 MHz, 7001 MHz, 38.08 W, 50, 0 %, 18 MiB
2026/09/24 17:30:06.395, 0, 28 MHz, 405 MHz, 22.22 W, 47, 0 %, 3212 MiB
2026/09/24 17:30:06.395, 1, 28 MHz, 810 MHz, 28.22 W, 50, 0 %, 18 MiB
2026/09/24 17:30:07.398, 0, 225 MHz, 405 MHz, 24.41 W, 47, 0 %, 3212 MiB
2026/09/24 17:30:07.398, 1, 2835 MHz, 14001 MHz, 327.18 W, 68, 76 %, 471 MiB
2026/09/24 17:30:08.414, 0, 360 MHz, 405 MHz, 30.23 W, 47, 1 %, 3212 MiB
2026/09/24 17:30:08.414, 1, 2827 MHz, 14001 MHz, 601.46 W, 68, 99 %, 471 MiB
2026/09/24 17:30:09.416, 0, 360 MHz, 405 MHz, 30.97 W, 47, 1 %, 3212 MiB
2026/09/24 17:30:09.416, 1, 2827 MHz, 14001 MHz, 599.76 W, 68, 98 %, 471 MiB
2026/09/24 17:30:10.418, 0, 352 MHz, 405 MHz, 29.66 W, 47, 0 %, 3212 MiB
2026/09/24 17:30:10.418, 1, 2820 MHz, 14001 MHz, 600.36 W, 68, 98 %, 471 MiB
2026/09/24 17:30:11.424, 0, 450 MHz, 405 MHz, 31.43 W, 47, 1 %, 3212 MiB
2026/09/24 17:30:11.424, 1, 2827 MHz, 14001 MHz, 599.50 W, 68, 98 %, 471 MiB
2026/09/24 17:30:12.427, 0, 375 MHz, 405 MHz, 30.98 W, 47, 1 %, 3212 MiB
2026/09/24 17:30:12.427, 1, 2827 MHz, 14001 MHz, 600.26 W, 68, 98 %, 471 MiB
2026/09/24 17:30:13.429, 0, 465 MHz, 405 MHz, 32.15 W, 47, 1 %, 3212 MiB
2026/09/24 17:30:13.429, 1, 2827 MHz, 14001 MHz, 599.98 W, 68, 99 %, 471 MiB
2026/09/24 17:30:14.434, 0, 457 MHz, 405 MHz, 32.45 W, 47, 1 %, 3212 MiB
2026/09/24 17:30:14.434, 1, 2827 MHz, 14001 MHz, 599.57 W, 67, 99 %, 471 MiB
2026/09/24 17:30:15.443, 0, 337 MHz, 405 MHz, 31.25 W, 47, 1 %, 3212 MiB
2026/09/24 17:30:15.443, 1, 2827 MHz, 14001 MHz, 600.76 W, 68, 98 %, 471 MiB
2026/09/24 17:30:16.448, 0, 382 MHz, 405 MHz, 32.65 W, 47, 1 %, 3212 MiB
2026/09/24 17:30:16.448, 1, 2827 MHz, 14001 MHz, 600.20 W, 68, 97 %, 471 MiB
2026/09/24 17:30:17.453, 0, 360 MHz, 405 MHz, 32.20 W, 47, 1 %, 3212 MiB
2026/09/24 17:30:17.453, 1, 2827 MHz, 14001 MHz, 599.62 W, 68, 98 %, 471 MiB
2026/09/24 17:30:18.458, 0, 360 MHz, 405 MHz, 32.36 W, 47, 1 %, 3212 MiB
2026/09/24 17:30:18.458, 1, 2827 MHz, 14001 MHz, 600.01 W, 68, 98 %, 471 MiB
2026/09/24 17:30:19.462, 0, 412 MHz, 405 MHz, 35.10 W, 47, 1 %, 3212 MiB
2026/09/24 17:30:19.462, 1, 2827 MHz, 14001 MHz, 599.90 W, 69, 98 %, 471 MiB
2026/09/24 17:30:20.470, 0, 360 MHz, 405 MHz, 31.36 W, 47, 1 %, 3212 MiB
2026/09/24 17:30:20.470, 1, 2827 MHz, 14001 MHz, 600.16 W, 68, 98 %, 471 MiB
2026/09/24 17:30:21.471, 0, 420 MHz, 405 MHz, 30.54 W, 47, 1 %, 3212 MiB
2026/09/24 17:30:21.471, 1, 2827 MHz, 14001 MHz, 599.96 W, 69, 98 %, 471 MiB
2026/09/24 17:30:22.478, 0, 382 MHz, 405 MHz, 32.13 W, 47, 1 %, 3212 MiB
2026/09/24 17:30:22.478, 1, 2827 MHz, 14001 MHz, 600.26 W, 69, 98 %, 471 MiB
2026/09/24 17:30:23.482, 0, 390 MHz, 405 MHz, 32.71 W, 47, 1 %, 3212 MiB
2026/09/24 17:30:23.482, 1, 2827 MHz, 14001 MHz, 600.02 W, 69, 98 %, 471 MiB
2026/09/24 17:30:24.491, 0, 435 MHz, 405 MHz, 32.92 W, 47, 1 %, 3212 MiB
2026/09/24 17:30:24.491, 1, 2820 MHz, 14001 MHz, 600.60 W, 69, 99 %, 471 MiB
2026/09/24 17:30:25.493, 0, 405 MHz, 405 MHz, 33.27 W, 47, 1 %, 3212 MiB
2026/09/24 17:30:25.493, 1, 2827 MHz, 14001 MHz, 599.06 W, 69, 97 %, 471 MiB
2026/09/24 17:30:26.501, 0, 382 MHz, 405 MHz, 31.43 W, 47, 1 %, 3212 MiB
2026/09/24 17:30:26.501, 1, 2827 MHz, 14001 MHz, 600.22 W, 69, 98 %, 471 MiB
2026/09/24 17:30:27.508, 0, 49 MHz, 405 MHz, 31.19 W, 47, 1 %, 3212 MiB
2026/09/24 17:30:27.508, 1, 2827 MHz, 14001 MHz, 599.95 W, 69, 98 %, 471 MiB
2026/09/24 17:30:28.520, 0, 330 MHz, 405 MHz, 30.78 W, 47, 1 %, 3212 MiB
2026/09/24 17:30:28.520, 1, 2827 MHz, 14001 MHz, 600.18 W, 69, 98 %, 471 MiB
2026/09/24 17:30:29.527, 0, 52 MHz, 405 MHz, 33.77 W, 47, 1 %, 3212 MiB
2026/09/24 17:30:29.527, 1, 2827 MHz, 14001 MHz, 600.04 W, 69, 98 %, 471 MiB
2026/09/24 17:30:30.535, 0, 43 MHz, 405 MHz, 32.24 W, 47, 1 %, 3212 MiB
2026/09/24 17:30:30.535, 1, 2827 MHz, 14001 MHz, 600.03 W, 69, 98 %, 471 MiB
2026/09/24 17:30:31.542, 0, 367 MHz, 405 MHz, 32.53 W, 47, 1 %, 3212 MiB
2026/09/24 17:30:31.542, 1, 2827 MHz, 14001 MHz, 600.07 W, 69, 98 %, 471 MiB
2026/09/24 17:30:32.550, 0, 352 MHz, 405 MHz, 33.76 W, 47, 1 %, 3212 MiB
2026/09/24 17:30:32.550, 1, 2820 MHz, 14001 MHz, 600.07 W, 69, 98 %, 471 MiB
2026/09/24 17:30:33.557, 0, 307 MHz, 405 MHz, 31.07 W, 47, 1 %, 3212 MiB
2026/09/24 17:30:33.557, 1, 2955 MHz, 14001 MHz, 405.24 W, 55, 98 %, 18 MiB
2026/09/24 17:30:34.561, 0, 315 MHz, 405 MHz, 30.26 W, 47, 1 %, 3212 MiB
2026/09/24 17:30:34.561, 1, 2955 MHz, 14001 MHz, 130.24 W, 54, 0 %, 18 MiB
2026/09/24 17:30:35.562, 0, 420 MHz, 405 MHz, 30.94 W, 47, 1 %, 3212 MiB
2026/09/24 17:30:35.562, 1, 1537 MHz, 7001 MHz, 83.72 W, 52, 0 %, 18 MiB
2026/09/24 17:30:36.574, 0, 375 MHz, 405 MHz, 31.86 W, 47, 1 %, 3212 MiB
2026/09/24 17:30:36.574, 1, 382 MHz, 7001 MHz, 60.71 W, 51, 0 %, 462 MiB
2026/09/24 17:30:37.581, 0, 345 MHz, 405 MHz, 32.48 W, 47, 1 %, 3212 MiB
2026/09/24 17:30:37.581, 1, 2842 MHz, 14001 MHz, 146.09 W, 67, 11 %, 472 MiB
2026/09/24 17:30:38.590, 0, 397 MHz, 405 MHz, 32.80 W, 47, 1 %, 3212 MiB
2026/09/24 17:30:38.590, 1, 2827 MHz, 14001 MHz, 601.38 W, 68, 97 %, 472 MiB
2026/09/24 17:30:39.600, 0, 337 MHz, 405 MHz, 32.34 W, 47, 1 %, 3212 MiB
2026/09/24 17:30:39.600, 1, 2835 MHz, 14001 MHz, 599.10 W, 68, 98 %, 472 MiB
2026/09/24 17:30:40.606, 0, 42 MHz, 405 MHz, 32.68 W, 47, 1 %, 3212 MiB
2026/09/24 17:30:40.606, 1, 2820 MHz, 14001 MHz, 601.00 W, 68, 98 %, 472 MiB
2026/09/24 17:30:41.613, 0, 397 MHz, 405 MHz, 32.19 W, 47, 1 %, 3212 MiB
2026/09/24 17:30:41.613, 1, 2812 MHz, 14001 MHz, 600.95 W, 68, 98 %, 472 MiB
2026/09/24 17:30:42.620, 0, 345 MHz, 405 MHz, 30.36 W, 47, 1 %, 3212 MiB
2026/09/24 17:30:42.620, 1, 2835 MHz, 14001 MHz, 601.28 W, 67, 98 %, 472 MiB
2026/09/24 17:30:43.629, 0, 47 MHz, 405 MHz, 31.03 W, 47, 1 %, 3212 MiB
2026/09/24 17:30:43.629, 1, 2865 MHz, 14001 MHz, 600.87 W, 67, 98 %, 472 MiB
2026/09/24 17:30:44.636, 0, 367 MHz, 405 MHz, 35.25 W, 47, 1 %, 3212 MiB
2026/09/24 17:30:44.636, 1, 2835 MHz, 14001 MHz, 397.77 W, 68, 89 %, 472 MiB
2026/09/24 17:30:45.638, 0, 345 MHz, 405 MHz, 33.78 W, 47, 1 %, 3212 MiB
2026/09/24 17:30:45.638, 1, 2835 MHz, 14001 MHz, 599.84 W, 68, 98 %, 472 MiB
2026/09/24 17:30:46.640, 0, 48 MHz, 405 MHz, 32.24 W, 47, 1 %, 3212 MiB
2026/09/24 17:30:46.640, 1, 2827 MHz, 14001 MHz, 600.44 W, 68, 97 %, 472 MiB
2026/09/24 17:30:47.646, 0, 38 MHz, 405 MHz, 31.37 W, 47, 1 %, 3212 MiB
2026/09/24 17:30:47.646, 1, 2827 MHz, 14001 MHz, 600.55 W, 68, 98 %, 472 MiB
2026/09/24 17:30:48.650, 0, 307 MHz, 405 MHz, 32.20 W, 47, 1 %, 3212 MiB
2026/09/24 17:30:48.650, 1, 2850 MHz, 14001 MHz, 600.56 W, 68, 98 %, 472 MiB
2026/09/24 17:30:49.654, 0, 412 MHz, 405 MHz, 33.96 W, 47, 1 %, 3212 MiB
2026/09/24 17:30:49.654, 1, 2850 MHz, 14001 MHz, 600.47 W, 68, 98 %, 472 MiB
2026/09/24 17:30:50.665, 0, 337 MHz, 405 MHz, 33.97 W, 47, 1 %, 3212 MiB
2026/09/24 17:30:50.665, 1, 2850 MHz, 14001 MHz, 600.20 W, 69, 98 %, 472 MiB
2026/09/24 17:30:51.670, 0, 360 MHz, 405 MHz, 31.81 W, 47, 1 %, 3212 MiB
2026/09/24 17:30:51.670, 1, 2835 MHz, 14001 MHz, 569.93 W, 69, 98 %, 472 MiB
2026/09/24 17:30:52.677, 0, 51 MHz, 405 MHz, 33.37 W, 47, 1 %, 3212 MiB
2026/09/24 17:30:52.677, 1, 2835 MHz, 14001 MHz, 599.71 W, 69, 97 %, 472 MiB
2026/09/24 17:30:53.688, 0, 42 MHz, 405 MHz, 30.88 W, 47, 1 %, 3212 MiB
2026/09/24 17:30:53.688, 1, 2835 MHz, 14001 MHz, 600.01 W, 69, 98 %, 472 MiB
2026/09/24 17:30:54.695, 0, 44 MHz, 405 MHz, 34.14 W, 47, 1 %, 3212 MiB
2026/09/24 17:30:54.695, 1, 2835 MHz, 14001 MHz, 599.61 W, 69, 98 %, 472 MiB
2026/09/24 17:30:55.699, 0, 49 MHz, 405 MHz, 35.14 W, 47, 1 %, 3212 MiB
2026/09/24 17:30:55.699, 1, 2842 MHz, 14001 MHz, 599.52 W, 69, 98 %, 472 MiB
2026/09/24 17:30:56.702, 0, 367 MHz, 405 MHz, 29.71 W, 47, 1 %, 3212 MiB
2026/09/24 17:30:56.702, 1, 2835 MHz, 14001 MHz, 600.39 W, 69, 98 %, 472 MiB
2026/09/24 17:30:57.710, 0, 50 MHz, 405 MHz, 30.53 W, 47, 1 %, 3212 MiB
2026/09/24 17:30:57.710, 1, 2842 MHz, 14001 MHz, 392.71 W, 69, 95 %, 472 MiB
2026/09/24 17:30:58.717, 0, 45 MHz, 405 MHz, 33.09 W, 47, 1 %, 3212 MiB
2026/09/24 17:30:58.717, 1, 2835 MHz, 14001 MHz, 600.37 W, 69, 97 %, 472 MiB
2026/09/24 17:30:59.720, 0, 427 MHz, 405 MHz, 32.97 W, 47, 1 %, 3212 MiB
2026/09/24 17:30:59.720, 1, 2842 MHz, 14001 MHz, 598.57 W, 69, 97 %, 472 MiB
2026/09/24 17:31:00.726, 0, 412 MHz, 405 MHz, 32.53 W, 47, 1 %, 3212 MiB
2026/09/24 17:31:00.726, 1, 2835 MHz, 14001 MHz, 600.87 W, 69, 97 %, 472 MiB
2026/09/24 17:31:01.727, 0, 292 MHz, 405 MHz, 30.78 W, 47, 1 %, 3212 MiB
2026/09/24 17:31:01.727, 1, 2835 MHz, 14001 MHz, 599.75 W, 69, 97 %, 472 MiB
2026/09/24 17:31:02.742, 0, 412 MHz, 405 MHz, 33.62 W, 48, 1 %, 3212 MiB
2026/09/24 17:31:02.742, 1, 2835 MHz, 14001 MHz, 599.95 W, 69, 97 %, 472 MiB
2026/09/24 17:31:03.750, 0, 367 MHz, 405 MHz, 33.14 W, 47, 0 %, 3212 MiB
2026/09/24 17:31:03.750, 1, 2887 MHz, 14001 MHz, 568.60 W, 60, 32 %, 472 MiB
2026/09/24 17:31:04.754, 0, 337 MHz, 405 MHz, 28.84 W, 47, 0 %, 3212 MiB
2026/09/24 17:31:04.754, 1, 2835 MHz, 14001 MHz, 423.87 W, 69, 98 %, 472 MiB
2026/09/24 17:31:05.755, 0, 337 MHz, 405 MHz, 29.81 W, 47, 0 %, 3212 MiB
2026/09/24 17:31:05.755, 1, 2835 MHz, 14001 MHz, 599.42 W, 70, 98 %, 472 MiB
2026/09/24 17:31:06.757, 0, 337 MHz, 405 MHz, 29.98 W, 47, 1 %, 3212 MiB
2026/09/24 17:31:06.757, 1, 2835 MHz, 14001 MHz, 599.53 W, 69, 98 %, 472 MiB
2026/09/24 17:31:07.759, 0, 337 MHz, 405 MHz, 30.18 W, 47, 1 %, 3212 MiB
2026/09/24 17:31:07.759, 1, 2835 MHz, 14001 MHz, 600.08 W, 69, 98 %, 472 MiB
2026/09/24 17:31:08.763, 0, 42 MHz, 405 MHz, 30.37 W, 47, 1 %, 3212 MiB
2026/09/24 17:31:08.763, 1, 2835 MHz, 14001 MHz, 599.83 W, 69, 98 %, 472 MiB
2026/09/24 17:31:09.766, 0, 42 MHz, 405 MHz, 28.99 W, 47, 1 %, 3212 MiB
2026/09/24 17:31:09.766, 1, 2835 MHz, 14001 MHz, 600.10 W, 69, 98 %, 472 MiB
2026/09/24 17:31:10.772, 0, 42 MHz, 405 MHz, 26.94 W, 47, 1 %, 3212 MiB
2026/09/24 17:31:10.772, 1, 2842 MHz, 14001 MHz, 429.79 W, 69, 97 %, 472 MiB
2026/09/24 17:31:11.779, 0, 44 MHz, 405 MHz, 28.99 W, 47, 1 %, 3212 MiB
2026/09/24 17:31:11.779, 1, 2835 MHz, 14001 MHz, 600.29 W, 70, 98 %, 472 MiB
2026/09/24 17:31:12.788, 0, 47 MHz, 405 MHz, 29.95 W, 47, 1 %, 3212 MiB
2026/09/24 17:31:12.788, 1, 2835 MHz, 14001 MHz, 599.99 W, 69, 98 %, 472 MiB
2026/09/24 17:31:13.801, 0, 47 MHz, 405 MHz, 30.76 W, 47, 1 %, 3212 MiB
2026/09/24 17:31:13.801, 1, 2835 MHz, 14001 MHz, 600.06 W, 69, 98 %, 472 MiB
2026/09/24 17:31:14.807, 0, 47 MHz, 405 MHz, 30.32 W, 47, 1 %, 3212 MiB
2026/09/24 17:31:14.807, 1, 2835 MHz, 14001 MHz, 599.51 W, 69, 98 %, 472 MiB
2026/09/24 17:31:15.823, 0, 45 MHz, 405 MHz, 30.58 W, 47, 1 %, 3212 MiB
2026/09/24 17:31:15.823, 1, 2835 MHz, 14001 MHz, 599.84 W, 69, 98 %, 472 MiB
2026/09/24 17:31:16.825, 0, 270 MHz, 405 MHz, 29.84 W, 47, 1 %, 3212 MiB
2026/09/24 17:31:16.825, 1, 2940 MHz, 14001 MHz, 510.28 W, 57, 1 %, 472 MiB
2026/09/24 17:31:17.828, 0, 42 MHz, 405 MHz, 29.42 W, 47, 1 %, 3212 MiB
2026/09/24 17:31:17.828, 1, 2827 MHz, 14001 MHz, 468.96 W, 69, 98 %, 472 MiB
2026/09/24 17:31:18.832, 0, 352 MHz, 405 MHz, 30.92 W, 48, 0 %, 3212 MiB
2026/09/24 17:31:18.832, 1, 2827 MHz, 14001 MHz, 599.80 W, 69, 98 %, 472 MiB
2026/09/24 17:31:19.840, 0, 330 MHz, 405 MHz, 31.66 W, 48, 1 %, 3212 MiB
2026/09/24 17:31:19.840, 1, 2827 MHz, 14001 MHz, 599.97 W, 69, 98 %, 472 MiB
2026/09/24 17:31:20.853, 0, 337 MHz, 405 MHz, 31.59 W, 47, 1 %, 3212 MiB
2026/09/24 17:31:20.853, 1, 2827 MHz, 14001 MHz, 599.86 W, 69, 98 %, 472 MiB
2026/09/24 17:31:21.854, 0, 43 MHz, 405 MHz, 30.93 W, 47, 1 %, 3212 MiB
2026/09/24 17:31:21.854, 1, 2827 MHz, 14001 MHz, 599.92 W, 69, 98 %, 472 MiB
2026/09/24 17:31:22.856, 0, 46 MHz, 405 MHz, 29.47 W, 47, 1 %, 3212 MiB
2026/09/24 17:31:22.856, 1, 2835 MHz, 14001 MHz, 599.51 W, 69, 98 %, 472 MiB
2026/09/24 17:31:23.862, 0, 45 MHz, 405 MHz, 27.05 W, 47, 1 %, 3212 MiB
2026/09/24 17:31:23.862, 1, 2827 MHz, 14001 MHz, 412.49 W, 69, 98 %, 472 MiB
2026/09/24 17:31:24.876, 0, 47 MHz, 405 MHz, 28.71 W, 47, 0 %, 3212 MiB
2026/09/24 17:31:24.876, 1, 2827 MHz, 14001 MHz, 600.33 W, 69, 97 %, 472 MiB
2026/09/24 17:31:25.878, 0, 42 MHz, 405 MHz, 27.99 W, 47, 0 %, 3212 MiB
2026/09/24 17:31:25.878, 1, 2835 MHz, 14001 MHz, 599.34 W, 69, 98 %, 472 MiB
2026/09/24 17:31:26.886, 0, 49 MHz, 405 MHz, 29.88 W, 47, 1 %, 3212 MiB
2026/09/24 17:31:26.886, 1, 2835 MHz, 14001 MHz, 600.01 W, 70, 98 %, 472 MiB
2026/09/24 17:31:27.890, 0, 390 MHz, 405 MHz, 31.62 W, 48, 1 %, 3212 MiB
2026/09/24 17:31:27.890, 1, 2835 MHz, 14001 MHz, 599.66 W, 70, 98 %, 472 MiB
2026/09/24 17:31:28.893, 0, 47 MHz, 405 MHz, 31.68 W, 47, 1 %, 3212 MiB
2026/09/24 17:31:28.893, 1, 2835 MHz, 14001 MHz, 600.38 W, 69, 98 %, 472 MiB
2026/09/24 17:31:29.908, 0, 44 MHz, 405 MHz, 30.33 W, 48, 1 %, 3212 MiB
2026/09/24 17:31:29.908, 1, 2910 MHz, 14001 MHz, 410.41 W, 64, 53 %, 472 MiB
2026/09/24 17:31:30.909, 0, 40 MHz, 405 MHz, 30.21 W, 48, 1 %, 3212 MiB
2026/09/24 17:31:30.909, 1, 2827 MHz, 14001 MHz, 579.30 W, 69, 98 %, 472 MiB
2026/09/24 17:31:31.911, 0, 367 MHz, 405 MHz, 30.31 W, 48, 0 %, 3212 MiB
2026/09/24 17:31:31.911, 1, 2835 MHz, 14001 MHz, 599.84 W, 69, 98 %, 472 MiB
2026/09/24 17:31:32.926, 0, 390 MHz, 405 MHz, 34.00 W, 47, 1 %, 3237 MiB
2026/09/24 17:31:32.926, 1, 2835 MHz, 14001 MHz, 599.81 W, 69, 98 %, 472 MiB
2026/09/24 17:31:33.928, 0, 345 MHz, 405 MHz, 32.29 W, 47, 1 %, 3237 MiB
2026/09/24 17:31:33.928, 1, 2835 MHz, 14001 MHz, 599.74 W, 70, 97 %, 472 MiB
2026/09/24 17:31:34.929, 0, 375 MHz, 405 MHz, 34.64 W, 48, 0 %, 3236 MiB
2026/09/24 17:31:34.929, 1, 2835 MHz, 14001 MHz, 599.85 W, 70, 98 %, 472 MiB
2026/09/24 17:31:35.931, 0, 42 MHz, 405 MHz, 34.40 W, 48, 2 %, 3236 MiB
2026/09/24 17:31:35.931, 1, 2887 MHz, 14001 MHz, 564.03 W, 60, 25 %, 472 MiB
2026/09/24 17:31:36.941, 0, 42 MHz, 405 MHz, 30.52 W, 47, 1 %, 3229 MiB
2026/09/24 17:31:36.941, 1, 2835 MHz, 14001 MHz, 426.79 W, 69, 97 %, 472 MiB
2026/09/24 17:31:37.947, 0, 45 MHz, 405 MHz, 31.77 W, 48, 1 %, 3229 MiB
2026/09/24 17:31:37.947, 1, 2835 MHz, 14001 MHz, 599.36 W, 69, 97 %, 472 MiB
2026/09/24 17:31:38.950, 0, 42 MHz, 405 MHz, 30.75 W, 47, 1 %, 3229 MiB
2026/09/24 17:31:38.950, 1, 2835 MHz, 14001 MHz, 600.33 W, 69, 98 %, 472 MiB
2026/09/24 17:31:39.955, 0, 44 MHz, 405 MHz, 31.24 W, 48, 1 %, 3229 MiB
2026/09/24 17:31:39.955, 1, 2835 MHz, 14001 MHz, 599.79 W, 69, 98 %, 472 MiB
2026/09/24 17:31:40.956, 0, 53 MHz, 405 MHz, 32.73 W, 48, 1 %, 3229 MiB
2026/09/24 17:31:40.956, 1, 2835 MHz, 14001 MHz, 599.14 W, 69, 97 %, 472 MiB
2026/09/24 17:31:41.959, 0, 307 MHz, 405 MHz, 30.87 W, 48, 1 %, 3229 MiB
2026/09/24 17:31:41.959, 1, 2835 MHz, 14001 MHz, 600.32 W, 70, 97 %, 472 MiB
2026/09/24 17:31:42.961, 0, 43 MHz, 405 MHz, 30.15 W, 48, 0 %, 3229 MiB
2026/09/24 17:31:42.961, 1, 2835 MHz, 14001 MHz, 411.28 W, 69, 97 %, 472 MiB
2026/09/24 17:31:43.964, 0, 382 MHz, 405 MHz, 30.85 W, 48, 1 %, 3229 MiB
2026/09/24 17:31:43.964, 1, 2827 MHz, 14001 MHz, 600.17 W, 69, 98 %, 472 MiB
2026/09/24 17:31:44.967, 0, 367 MHz, 405 MHz, 31.75 W, 48, 1 %, 3229 MiB
2026/09/24 17:31:44.967, 1, 2835 MHz, 14001 MHz, 599.28 W, 69, 97 %, 472 MiB
2026/09/24 17:31:45.973, 0, 49 MHz, 405 MHz, 31.97 W, 48, 1 %, 3229 MiB
2026/09/24 17:31:45.973, 1, 2835 MHz, 14001 MHz, 600.11 W, 70, 98 %, 472 MiB
2026/09/24 17:31:46.980, 0, 337 MHz, 405 MHz, 33.31 W, 48, 1 %, 3229 MiB
2026/09/24 17:31:46.980, 1, 2835 MHz, 14001 MHz, 600.11 W, 70, 98 %, 472 MiB
2026/09/24 17:31:47.984, 0, 337 MHz, 405 MHz, 31.67 W, 48, 0 %, 3229 MiB
2026/09/24 17:31:47.984, 1, 2835 MHz, 14001 MHz, 600.04 W, 70, 98 %, 472 MiB
2026/09/24 17:31:48.987, 0, 46 MHz, 405 MHz, 30.00 W, 48, 1 %, 3229 MiB
2026/09/24 17:31:48.987, 1, 2947 MHz, 14001 MHz, 429.04 W, 56, 0 %, 472 MiB
2026/09/24 17:31:49.988, 0, 42 MHz, 405 MHz, 27.83 W, 48, 0 %, 3229 MiB
2026/09/24 17:31:49.988, 1, 2827 MHz, 14001 MHz, 538.64 W, 69, 98 %, 472 MiB
2026/09/24 17:31:50.992, 0, 42 MHz, 405 MHz, 28.39 W, 48, 0 %, 3229 MiB
2026/09/24 17:31:50.992, 1, 2827 MHz, 14001 MHz, 599.47 W, 70, 98 %, 472 MiB
2026/09/24 17:31:51.995, 0, 42 MHz, 405 MHz, 30.14 W, 48, 1 %, 3229 MiB
2026/09/24 17:31:51.995, 1, 2827 MHz, 14001 MHz, 600.04 W, 69, 98 %, 472 MiB
2026/09/24 17:31:52.996, 0, 42 MHz, 405 MHz, 29.36 W, 48, 1 %, 3229 MiB
2026/09/24 17:31:52.996, 1, 2827 MHz, 14001 MHz, 599.98 W, 70, 98 %, 472 MiB
2026/09/24 17:31:53.998, 0, 47 MHz, 405 MHz, 29.34 W, 48, 1 %, 3229 MiB
2026/09/24 17:31:53.998, 1, 2827 MHz, 14001 MHz, 599.99 W, 70, 98 %, 472 MiB
2026/09/24 17:31:54.999, 0, 44 MHz, 405 MHz, 30.29 W, 48, 1 %, 3229 MiB
2026/09/24 17:31:54.999, 1, 2857 MHz, 14001 MHz, 595.30 W, 69, 86 %, 472 MiB
2026/09/24 17:31:56.006, 0, 48 MHz, 405 MHz, 31.07 W, 48, 1 %, 3229 MiB
2026/09/24 17:31:56.006, 1, 2827 MHz, 14001 MHz, 425.82 W, 69, 98 %, 472 MiB
2026/09/24 17:31:57.009, 0, 41 MHz, 405 MHz, 30.10 W, 48, 1 %, 3229 MiB
2026/09/24 17:31:57.009, 1, 2827 MHz, 14001 MHz, 599.72 W, 70, 98 %, 472 MiB
2026/09/24 17:31:58.012, 0, 51 MHz, 405 MHz, 31.17 W, 48, 1 %, 3229 MiB
2026/09/24 17:31:58.012, 1, 2835 MHz, 14001 MHz, 599.67 W, 69, 98 %, 472 MiB
2026/09/24 17:31:59.028, 0, 277 MHz, 405 MHz, 29.78 W, 48, 1 %, 3229 MiB
2026/09/24 17:31:59.028, 1, 2827 MHz, 14001 MHz, 600.09 W, 70, 98 %, 472 MiB
2026/09/24 17:32:00.043, 0, 405 MHz, 405 MHz, 31.57 W, 48, 1 %, 3229 MiB
2026/09/24 17:32:00.043, 1, 2827 MHz, 14001 MHz, 599.96 W, 69, 98 %, 472 MiB
2026/09/24 17:32:01.048, 0, 382 MHz, 405 MHz, 31.31 W, 48, 1 %, 3229 MiB
2026/09/24 17:32:01.048, 1, 2835 MHz, 14001 MHz, 600.00 W, 70, 98 %, 472 MiB
2026/09/24 17:32:02.054, 0, 352 MHz, 405 MHz, 31.43 W, 48, 1 %, 3229 MiB
2026/09/24 17:32:02.054, 1, 2835 MHz, 14001 MHz, 430.26 W, 69, 97 %, 472 MiB
2026/09/24 17:32:03.069, 0, 39 MHz, 405 MHz, 30.46 W, 48, 1 %, 3229 MiB
2026/09/24 17:32:03.069, 1, 2827 MHz, 14001 MHz, 600.61 W, 69, 98 %, 472 MiB
2026/09/24 17:32:04.071, 0, 382 MHz, 405 MHz, 30.61 W, 48, 1 %, 3229 MiB
2026/09/24 17:32:04.071, 1, 2827 MHz, 14001 MHz, 599.69 W, 69, 98 %, 472 MiB
2026/09/24 17:32:05.074, 0, 47 MHz, 405 MHz, 29.07 W, 48, 1 %, 3229 MiB
2026/09/24 17:32:05.074, 1, 2827 MHz, 14001 MHz, 599.42 W, 70, 98 %, 472 MiB
2026/09/24 17:32:06.080, 0, 352 MHz, 405 MHz, 28.13 W, 48, 1 %, 3229 MiB
2026/09/24 17:32:06.080, 1, 2827 MHz, 14001 MHz, 599.97 W, 69, 98 %, 472 MiB
2026/09/24 17:32:07.096, 0, 345 MHz, 405 MHz, 28.20 W, 48, 1 %, 3229 MiB
2026/09/24 17:32:07.096, 1, 2827 MHz, 14001 MHz, 600.06 W, 69, 98 %, 472 MiB
2026/09/24 17:32:08.096, 0, 345 MHz, 405 MHz, 29.56 W, 48, 1 %, 3229 MiB
2026/09/24 17:32:08.096, 1, 2955 MHz, 14001 MHz, 435.84 W, 56, 0 %, 472 MiB
2026/09/24 17:32:09.100, 0, 28 MHz, 405 MHz, 23.21 W, 48, 1 %, 3229 MiB
2026/09/24 17:32:09.100, 1, 2820 MHz, 14001 MHz, 533.24 W, 69, 98 %, 472 MiB
2026/09/24 17:32:10.115, 0, 30 MHz, 405 MHz, 22.65 W, 48, 1 %, 3229 MiB
2026/09/24 17:32:10.115, 1, 2827 MHz, 14001 MHz, 599.89 W, 70, 98 %, 472 MiB
2026/09/24 17:32:11.116, 0, 28 MHz, 405 MHz, 22.11 W, 48, 0 %, 3229 MiB
2026/09/24 17:32:11.116, 1, 2827 MHz, 14001 MHz, 599.68 W, 69, 98 %, 472 MiB
2026/09/24 17:32:12.119, 0, 28 MHz, 405 MHz, 22.43 W, 48, 1 %, 3229 MiB
2026/09/24 17:32:12.119, 1, 2827 MHz, 14001 MHz, 600.02 W, 69, 98 %, 472 MiB
2026/09/24 17:32:13.122, 0, 28 MHz, 405 MHz, 22.66 W, 48, 1 %, 3229 MiB
2026/09/24 17:32:13.122, 1, 2827 MHz, 14001 MHz, 599.78 W, 69, 98 %, 472 MiB
2026/09/24 17:32:14.134, 0, 28 MHz, 405 MHz, 21.35 W, 48, 1 %, 3229 MiB
2026/09/24 17:32:14.134, 1, 2857 MHz, 14001 MHz, 589.92 W, 69, 75 %, 472 MiB
2026/09/24 17:32:15.136, 0, 30 MHz, 405 MHz, 23.17 W, 48, 1 %, 3229 MiB
2026/09/24 17:32:15.136, 1, 2827 MHz, 14001 MHz, 433.11 W, 69, 98 %, 472 MiB
2026/09/24 17:32:16.138, 0, 28 MHz, 405 MHz, 22.66 W, 48, 1 %, 3229 MiB
2026/09/24 17:32:16.138, 1, 2827 MHz, 14001 MHz, 599.81 W, 69, 98 %, 472 MiB
2026/09/24 17:32:17.140, 0, 28 MHz, 405 MHz, 22.94 W, 47, 0 %, 3229 MiB
2026/09/24 17:32:17.140, 1, 2827 MHz, 14001 MHz, 599.80 W, 69, 98 %, 472 MiB
2026/09/24 17:32:18.149, 0, 28 MHz, 405 MHz, 22.71 W, 48, 0 %, 3229 MiB
2026/09/24 17:32:18.149, 1, 2827 MHz, 14001 MHz, 599.83 W, 70, 98 %, 472 MiB
2026/09/24 17:32:19.151, 0, 28 MHz, 405 MHz, 23.07 W, 48, 1 %, 3229 MiB
2026/09/24 17:32:19.151, 1, 2827 MHz, 14001 MHz, 600.07 W, 69, 98 %, 472 MiB
2026/09/24 17:32:20.153, 0, 28 MHz, 405 MHz, 22.47 W, 47, 1 %, 3229 MiB
2026/09/24 17:32:20.153, 1, 2827 MHz, 14001 MHz, 599.80 W, 69, 98 %, 472 MiB
2026/09/24 17:32:21.159, 0, 30 MHz, 405 MHz, 21.94 W, 48, 1 %, 3229 MiB
2026/09/24 17:32:21.159, 1, 2827 MHz, 14001 MHz, 415.71 W, 69, 98 %, 472 MiB
2026/09/24 17:32:22.165, 0, 28 MHz, 405 MHz, 23.32 W, 48, 1 %, 3229 MiB
2026/09/24 17:32:22.165, 1, 2827 MHz, 14001 MHz, 599.94 W, 69, 98 %, 472 MiB
2026/09/24 17:32:23.169, 0, 30 MHz, 405 MHz, 23.33 W, 48, 1 %, 3229 MiB
2026/09/24 17:32:23.169, 1, 2827 MHz, 14001 MHz, 599.74 W, 69, 98 %, 472 MiB
2026/09/24 17:32:24.172, 0, 28 MHz, 405 MHz, 23.28 W, 48, 0 %, 3229 MiB
2026/09/24 17:32:24.172, 1, 2827 MHz, 14001 MHz, 599.90 W, 69, 98 %, 472 MiB
2026/09/24 17:32:25.175, 0, 28 MHz, 405 MHz, 23.49 W, 47, 1 %, 3229 MiB
2026/09/24 17:32:25.175, 1, 2827 MHz, 14001 MHz, 599.83 W, 70, 98 %, 472 MiB
2026/09/24 17:32:26.181, 0, 28 MHz, 405 MHz, 23.07 W, 48, 1 %, 3229 MiB
2026/09/24 17:32:26.181, 1, 2827 MHz, 14001 MHz, 600.11 W, 69, 98 %, 472 MiB
2026/09/24 17:32:27.187, 0, 28 MHz, 405 MHz, 21.79 W, 48, 1 %, 3229 MiB
2026/09/24 17:32:27.187, 1, 2827 MHz, 14001 MHz, 418.95 W, 69, 25 %, 472 MiB
2026/09/24 17:32:28.195, 0, 30 MHz, 405 MHz, 23.60 W, 48, 1 %, 3229 MiB
2026/09/24 17:32:28.195, 1, 2827 MHz, 14001 MHz, 599.78 W, 69, 98 %, 472 MiB
2026/09/24 17:32:29.207, 0, 28 MHz, 405 MHz, 23.64 W, 48, 1 %, 3229 MiB
2026/09/24 17:32:29.207, 1, 2827 MHz, 14001 MHz, 599.49 W, 69, 98 %, 472 MiB
2026/09/24 17:32:30.222, 0, 30 MHz, 405 MHz, 23.38 W, 48, 1 %, 3229 MiB
2026/09/24 17:32:30.222, 1, 2835 MHz, 14001 MHz, 599.59 W, 69, 98 %, 472 MiB
2026/09/24 17:32:31.236, 0, 28 MHz, 405 MHz, 23.18 W, 47, 0 %, 3229 MiB
2026/09/24 17:32:31.236, 1, 2835 MHz, 14001 MHz, 600.10 W, 70, 98 %, 472 MiB
2026/09/24 17:32:32.240, 0, 30 MHz, 405 MHz, 23.46 W, 47, 1 %, 3229 MiB
2026/09/24 17:32:32.240, 1, 2827 MHz, 14001 MHz, 599.92 W, 69, 98 %, 472 MiB
2026/09/24 17:32:33.243, 0, 30 MHz, 405 MHz, 22.42 W, 48, 1 %, 3229 MiB
2026/09/24 17:32:33.243, 1, 2850 MHz, 14001 MHz, 416.45 W, 69, 34 %, 472 MiB
2026/09/24 17:32:34.250, 0, 28 MHz, 405 MHz, 23.39 W, 47, 1 %, 3229 MiB
2026/09/24 17:32:34.250, 1, 2827 MHz, 14001 MHz, 601.98 W, 69, 98 %, 472 MiB
2026/09/24 17:32:35.256, 0, 330 MHz, 405 MHz, 25.23 W, 48, 1 %, 3220 MiB
2026/09/24 17:32:35.256, 1, 2827 MHz, 14001 MHz, 599.67 W, 69, 98 %, 472 MiB
2026/09/24 17:32:36.258, 0, 28 MHz, 405 MHz, 23.74 W, 47, 1 %, 3220 MiB
2026/09/24 17:32:36.258, 1, 2827 MHz, 14001 MHz, 599.71 W, 69, 98 %, 472 MiB
2026/09/24 17:32:37.270, 0, 30 MHz, 405 MHz, 23.43 W, 48, 1 %, 3220 MiB
2026/09/24 17:32:37.270, 1, 2827 MHz, 14001 MHz, 599.83 W, 69, 98 %, 472 MiB
2026/09/24 17:32:38.274, 0, 27 MHz, 405 MHz, 23.26 W, 48, 0 %, 3220 MiB
2026/09/24 17:32:38.274, 1, 2827 MHz, 14001 MHz, 599.85 W, 70, 98 %, 472 MiB
2026/09/24 17:32:39.283, 0, 28 MHz, 405 MHz, 22.50 W, 47, 1 %, 3220 MiB
2026/09/24 17:32:39.283, 1, 2955 MHz, 14001 MHz, 466.41 W, 56, 98 %, 472 MiB
2026/09/24 17:32:40.288, 0, 28 MHz, 405 MHz, 22.48 W, 48, 1 %, 3220 MiB
2026/09/24 17:32:40.288, 1, 2827 MHz, 14001 MHz, 508.33 W, 69, 98 %, 472 MiB
2026/09/24 17:32:41.302, 0, 30 MHz, 405 MHz, 23.96 W, 47, 1 %, 3220 MiB
2026/09/24 17:32:41.302, 1, 2827 MHz, 14001 MHz, 599.79 W, 69, 98 %, 472 MiB
2026/09/24 17:32:42.318, 0, 28 MHz, 405 MHz, 23.25 W, 47, 0 %, 3220 MiB
2026/09/24 17:32:42.318, 1, 2827 MHz, 14001 MHz, 599.96 W, 69, 98 %, 472 MiB
2026/09/24 17:32:43.319, 0, 30 MHz, 405 MHz, 23.55 W, 48, 1 %, 3220 MiB
2026/09/24 17:32:43.319, 1, 2827 MHz, 14001 MHz, 599.92 W, 69, 98 %, 472 MiB
2026/09/24 17:32:44.322, 0, 28 MHz, 405 MHz, 23.31 W, 47, 0 %, 3220 MiB
2026/09/24 17:32:44.322, 1, 2827 MHz, 14001 MHz, 599.97 W, 69, 98 %, 472 MiB
2026/09/24 17:32:45.322, 0, 28 MHz, 405 MHz, 23.29 W, 47, 0 %, 3220 MiB
2026/09/24 17:32:45.322, 1, 2835 MHz, 14001 MHz, 599.99 W, 61, 98 %, 472 MiB
2026/09/24 17:32:46.325, 0, 28 MHz, 405 MHz, 21.92 W, 48, 1 %, 3220 MiB
2026/09/24 17:32:46.325, 1, 2827 MHz, 14001 MHz, 433.73 W, 69, 81 %, 472 MiB
2026/09/24 17:32:47.333, 0, 28 MHz, 405 MHz, 23.35 W, 47, 0 %, 3220 MiB
2026/09/24 17:32:47.333, 1, 2827 MHz, 14001 MHz, 599.66 W, 69, 98 %, 472 MiB
2026/09/24 17:32:48.335, 0, 30 MHz, 405 MHz, 23.75 W, 48, 0 %, 3220 MiB
2026/09/24 17:32:48.335, 1, 2827 MHz, 14001 MHz, 599.78 W, 69, 98 %, 472 MiB
2026/09/24 17:32:49.350, 0, 225 MHz, 405 MHz, 23.36 W, 47, 0 %, 3220 MiB
2026/09/24 17:32:49.350, 1, 2835 MHz, 14001 MHz, 599.86 W, 69, 98 %, 472 MiB
2026/09/24 17:32:50.356, 0, 30 MHz, 405 MHz, 24.04 W, 48, 0 %, 3220 MiB
2026/09/24 17:32:50.356, 1, 2835 MHz, 14001 MHz, 599.93 W, 69, 98 %, 472 MiB
2026/09/24 17:32:51.361, 0, 28 MHz, 405 MHz, 23.40 W, 47, 0 %, 3220 MiB
2026/09/24 17:32:51.361, 1, 2835 MHz, 14001 MHz, 600.07 W, 69, 98 %, 472 MiB
2026/09/24 17:32:52.364, 0, 28 MHz, 405 MHz, 22.00 W, 47, 1 %, 3220 MiB
2026/09/24 17:32:52.364, 1, 2835 MHz, 14001 MHz, 428.40 W, 69, 1 %, 472 MiB
2026/09/24 17:32:53.368, 0, 28 MHz, 405 MHz, 23.08 W, 48, 0 %, 3220 MiB
2026/09/24 17:32:53.368, 1, 2827 MHz, 14001 MHz, 600.46 W, 69, 97 %, 472 MiB
2026/09/24 17:32:54.372, 0, 28 MHz, 405 MHz, 23.40 W, 47, 0 %, 3220 MiB
2026/09/24 17:32:54.372, 1, 2827 MHz, 14001 MHz, 599.55 W, 69, 98 %, 472 MiB
2026/09/24 17:32:55.376, 0, 30 MHz, 405 MHz, 24.24 W, 47, 0 %, 3220 MiB
2026/09/24 17:32:55.376, 1, 2827 MHz, 14001 MHz, 599.60 W, 69, 97 %, 472 MiB
2026/09/24 17:32:56.391, 0, 28 MHz, 405 MHz, 23.60 W, 47, 0 %, 3220 MiB
2026/09/24 17:32:56.391, 1, 2827 MHz, 14001 MHz, 599.92 W, 69, 98 %, 472 MiB
2026/09/24 17:32:57.393, 0, 30 MHz, 405 MHz, 23.73 W, 47, 1 %, 3220 MiB
2026/09/24 17:32:57.393, 1, 2827 MHz, 14001 MHz, 600.86 W, 69, 97 %, 472 MiB
2026/09/24 17:32:58.398, 0, 28 MHz, 405 MHz, 22.18 W, 47, 1 %, 3220 MiB
2026/09/24 17:32:58.398, 1, 2955 MHz, 14001 MHz, 453.61 W, 56, 98 %, 472 MiB
2026/09/24 17:32:59.400, 0, 28 MHz, 405 MHz, 22.42 W, 48, 0 %, 3220 MiB
2026/09/24 17:32:59.400, 1, 2827 MHz, 14001 MHz, 500.25 W, 69, 97 %, 472 MiB
2026/09/24 17:33:00.404, 0, 30 MHz, 405 MHz, 23.59 W, 47, 1 %, 3220 MiB
2026/09/24 17:33:00.404, 1, 2835 MHz, 14001 MHz, 599.75 W, 69, 96 %, 472 MiB
2026/09/24 17:33:01.408, 0, 247 MHz, 405 MHz, 24.68 W, 47, 0 %, 3220 MiB
2026/09/24 17:33:01.408, 1, 2827 MHz, 14001 MHz, 599.91 W, 69, 97 %, 472 MiB
2026/09/24 17:33:02.410, 0, 28 MHz, 405 MHz, 24.68 W, 47, 0 %, 3220 MiB
2026/09/24 17:33:02.410, 1, 2835 MHz, 14001 MHz, 599.72 W, 69, 97 %, 472 MiB
2026/09/24 17:33:03.426, 0, 30 MHz, 405 MHz, 23.99 W, 47, 0 %, 3220 MiB
2026/09/24 17:33:03.426, 1, 2835 MHz, 14001 MHz, 600.05 W, 69, 98 %, 472 MiB
2026/09/24 17:33:04.432, 0, 28 MHz, 405 MHz, 23.34 W, 47, 1 %, 3220 MiB
2026/09/24 17:33:04.432, 1, 2827 MHz, 14001 MHz, 600.35 W, 69, 97 %, 472 MiB
2026/09/24 17:33:05.441, 0, 28 MHz, 405 MHz, 22.71 W, 47, 0 %, 3220 MiB
2026/09/24 17:33:05.441, 1, 2827 MHz, 14001 MHz, 418.99 W, 69, 43 %, 472 MiB
2026/09/24 17:33:06.446, 0, 28 MHz, 405 MHz, 24.10 W, 47, 0 %, 3220 MiB
2026/09/24 17:33:06.446, 1, 2827 MHz, 14001 MHz, 599.71 W, 69, 98 %, 472 MiB
2026/09/24 17:33:07.452, 0, 27 MHz, 405 MHz, 23.85 W, 47, 0 %, 3220 MiB
2026/09/24 17:33:07.452, 1, 2827 MHz, 14001 MHz, 599.71 W, 69, 98 %, 472 MiB
2026/09/24 17:33:08.460, 0, 30 MHz, 405 MHz, 23.59 W, 47, 0 %, 3220 MiB
2026/09/24 17:33:08.460, 1, 2835 MHz, 14001 MHz, 599.84 W, 69, 98 %, 472 MiB
2026/09/24 17:33:09.466, 0, 28 MHz, 405 MHz, 23.40 W, 47, 0 %, 3220 MiB
2026/09/24 17:33:09.466, 1, 2827 MHz, 14001 MHz, 599.96 W, 69, 98 %, 472 MiB
2026/09/24 17:33:10.470, 0, 28 MHz, 405 MHz, 23.39 W, 47, 0 %, 3220 MiB
2026/09/24 17:33:10.470, 1, 2835 MHz, 14001 MHz, 599.90 W, 69, 98 %, 472 MiB
2026/09/24 17:33:11.472, 0, 28 MHz, 405 MHz, 22.64 W, 47, 0 %, 3220 MiB
2026/09/24 17:33:11.472, 1, 2842 MHz, 14001 MHz, 417.54 W, 69, 20 %, 472 MiB
2026/09/24 17:33:12.478, 0, 28 MHz, 405 MHz, 23.99 W, 47, 0 %, 3220 MiB
2026/09/24 17:33:12.478, 1, 2827 MHz, 14001 MHz, 601.46 W, 69, 98 %, 472 MiB
2026/09/24 17:33:13.480, 0, 28 MHz, 405 MHz, 23.75 W, 47, 0 %, 3220 MiB
2026/09/24 17:33:13.480, 1, 2827 MHz, 14001 MHz, 600.02 W, 69, 98 %, 472 MiB
2026/09/24 17:33:14.487, 0, 31 MHz, 405 MHz, 23.85 W, 47, 0 %, 3220 MiB
2026/09/24 17:33:14.487, 1, 2827 MHz, 14001 MHz, 599.44 W, 69, 97 %, 472 MiB
2026/09/24 17:33:15.489, 0, 28 MHz, 405 MHz, 23.28 W, 47, 0 %, 3220 MiB
2026/09/24 17:33:15.489, 1, 2827 MHz, 14001 MHz, 599.93 W, 69, 98 %, 472 MiB
2026/09/24 17:33:16.497, 0, 31 MHz, 405 MHz, 23.88 W, 47, 0 %, 3220 MiB
2026/09/24 17:33:16.497, 1, 2827 MHz, 14001 MHz, 599.87 W, 69, 98 %, 472 MiB
2026/09/24 17:33:17.500, 0, 28 MHz, 405 MHz, 22.30 W, 47, 0 %, 3220 MiB
2026/09/24 17:33:17.500, 1, 2955 MHz, 14001 MHz, 467.37 W, 56, 98 %, 472 MiB
2026/09/24 17:33:18.506, 0, 29 MHz, 405 MHz, 22.46 W, 47, 0 %, 3220 MiB
2026/09/24 17:33:18.506, 1, 2827 MHz, 14001 MHz, 501.49 W, 69, 98 %, 472 MiB
2026/09/24 17:33:19.509, 0, 29 MHz, 405 MHz, 23.36 W, 47, 0 %, 3220 MiB
2026/09/24 17:33:19.509, 1, 2827 MHz, 14001 MHz, 599.53 W, 69, 98 %, 472 MiB
2026/09/24 17:33:20.515, 0, 29 MHz, 405 MHz, 23.15 W, 47, 0 %, 3220 MiB
2026/09/24 17:33:20.515, 1, 2835 MHz, 14001 MHz, 599.71 W, 69, 97 %, 472 MiB
2026/09/24 17:33:21.516, 0, 33 MHz, 405 MHz, 24.09 W, 47, 0 %, 3220 MiB
2026/09/24 17:33:21.516, 1, 2827 MHz, 14001 MHz, 600.34 W, 70, 97 %, 472 MiB
2026/09/24 17:33:22.523, 0, 30 MHz, 405 MHz, 23.89 W, 47, 0 %, 3220 MiB
2026/09/24 17:33:22.523, 1, 2827 MHz, 14001 MHz, 600.37 W, 69, 98 %, 472 MiB
2026/09/24 17:33:23.531, 0, 33 MHz, 405 MHz, 23.67 W, 47, 0 %, 3220 MiB
2026/09/24 17:33:23.532, 1, 2827 MHz, 14001 MHz, 599.88 W, 69, 98 %, 472 MiB
2026/09/24 17:33:24.537, 0, 29 MHz, 405 MHz, 22.80 W, 47, 0 %, 3220 MiB
2026/09/24 17:33:24.537, 1, 2827 MHz, 14001 MHz, 434.85 W, 69, 52 %, 472 MiB
2026/09/24 17:33:25.540, 0, 29 MHz, 405 MHz, 23.04 W, 47, 0 %, 3220 MiB
2026/09/24 17:33:25.540, 1, 2827 MHz, 14001 MHz, 599.85 W, 69, 98 %, 472 MiB
2026/09/24 17:33:26.543, 0, 30 MHz, 405 MHz, 22.79 W, 47, 0 %, 3220 MiB
2026/09/24 17:33:26.543, 1, 2827 MHz, 14001 MHz, 600.00 W, 69, 98 %, 472 MiB
2026/09/24 17:33:27.557, 0, 30 MHz, 405 MHz, 22.75 W, 47, 0 %, 3220 MiB
2026/09/24 17:33:27.557, 1, 2827 MHz, 14001 MHz, 599.93 W, 69, 98 %, 472 MiB
2026/09/24 17:33:28.565, 0, 32 MHz, 405 MHz, 19.29 W, 47, 0 %, 3220 MiB
2026/09/24 17:33:28.565, 1, 2955 MHz, 14001 MHz, 305.71 W, 54, 1 %, 472 MiB
2026/09/24 17:33:29.569, 0, 30 MHz, 405 MHz, 19.00 W, 47, 0 %, 3220 MiB
2026/09/24 17:33:29.569, 1, 2955 MHz, 14001 MHz, 96.57 W, 53, 0 %, 472 MiB
2026/09/24 17:33:30.576, 0, 30 MHz, 405 MHz, 20.34 W, 47, 0 %, 3220 MiB
2026/09/24 17:33:30.576, 1, 457 MHz, 7001 MHz, 50.47 W, 51, 0 %, 18 MiB
2026/09/24 17:33:31.578, 0, 45 MHz, 405 MHz, 23.36 W, 47, 1 %, 3220 MiB
2026/09/24 17:33:31.578, 1, 367 MHz, 7001 MHz, 42.45 W, 50, 0 %, 18 MiB
2026/09/24 17:33:32.581, 0, 44 MHz, 405 MHz, 24.42 W, 48, 1 %, 3220 MiB
2026/09/24 17:33:32.581, 1, 225 MHz, 810 MHz, 28.33 W, 49, 0 %, 472 MiB
2026/09/24 17:33:33.585, 0, 42 MHz, 405 MHz, 28.23 W, 48, 1 %, 3220 MiB
2026/09/24 17:33:33.585, 1, 2835 MHz, 14001 MHz, 359.73 W, 67, 97 %, 472 MiB
2026/09/24 17:33:34.590, 0, 35 MHz, 405 MHz, 26.68 W, 47, 1 %, 3220 MiB
2026/09/24 17:33:34.590, 1, 2835 MHz, 14001 MHz, 599.95 W, 67, 98 %, 472 MiB
2026/09/24 17:33:35.592, 0, 34 MHz, 405 MHz, 24.07 W, 47, 1 %, 3220 MiB
2026/09/24 17:33:35.592, 1, 2827 MHz, 14001 MHz, 600.21 W, 67, 98 %, 472 MiB
2026/09/24 17:33:36.598, 0, 30 MHz, 405 MHz, 23.59 W, 47, 0 %, 3220 MiB
2026/09/24 17:33:36.598, 1, 2812 MHz, 14001 MHz, 600.96 W, 67, 98 %, 472 MiB
2026/09/24 17:33:37.603, 0, 30 MHz, 405 MHz, 23.28 W, 47, 0 %, 3220 MiB
2026/09/24 17:33:37.603, 1, 2835 MHz, 14001 MHz, 601.48 W, 67, 98 %, 472 MiB
2026/09/24 17:33:38.605, 0, 30 MHz, 405 MHz, 22.22 W, 47, 0 %, 3220 MiB
2026/09/24 17:33:38.605, 1, 2842 MHz, 14001 MHz, 601.27 W, 67, 98 %, 472 MiB
2026/09/24 17:33:39.621, 0, 30 MHz, 405 MHz, 22.83 W, 47, 0 %, 3220 MiB
2026/09/24 17:33:39.621, 1, 2857 MHz, 14001 MHz, 596.67 W, 68, 98 %, 472 MiB
2026/09/24 17:33:40.625, 0, 30 MHz, 405 MHz, 22.57 W, 47, 0 %, 3220 MiB
2026/09/24 17:33:40.625, 1, 2857 MHz, 14001 MHz, 600.03 W, 68, 98 %, 472 MiB
2026/09/24 17:33:41.630, 0, 30 MHz, 405 MHz, 23.13 W, 47, 0 %, 3220 MiB
2026/09/24 17:33:41.630, 1, 2857 MHz, 14001 MHz, 600.33 W, 68, 98 %, 472 MiB
2026/09/24 17:33:42.631, 0, 30 MHz, 405 MHz, 23.38 W, 47, 0 %, 3220 MiB
2026/09/24 17:33:42.631, 1, 2850 MHz, 14001 MHz, 600.36 W, 68, 98 %, 472 MiB
2026/09/24 17:33:43.634, 0, 30 MHz, 405 MHz, 23.07 W, 47, 1 %, 3220 MiB
2026/09/24 17:33:43.634, 1, 2850 MHz, 14001 MHz, 600.47 W, 68, 98 %, 472 MiB
2026/09/24 17:33:44.636, 0, 30 MHz, 405 MHz, 22.92 W, 47, 0 %, 3220 MiB
2026/09/24 17:33:44.636, 1, 2850 MHz, 14001 MHz, 600.32 W, 68, 98 %, 472 MiB
2026/09/24 17:33:45.641, 0, 30 MHz, 405 MHz, 23.08 W, 47, 0 %, 3220 MiB
2026/09/24 17:33:45.641, 1, 2850 MHz, 14001 MHz, 599.10 W, 68, 98 %, 472 MiB
2026/09/24 17:33:46.657, 0, 30 MHz, 405 MHz, 23.35 W, 47, 0 %, 3220 MiB
2026/09/24 17:33:46.657, 1, 2835 MHz, 14001 MHz, 599.15 W, 69, 97 %, 472 MiB
2026/09/24 17:33:47.660, 0, 30 MHz, 405 MHz, 23.52 W, 47, 0 %, 3220 MiB
2026/09/24 17:33:47.660, 1, 2835 MHz, 14001 MHz, 599.48 W, 69, 98 %, 472 MiB
2026/09/24 17:33:48.668, 0, 30 MHz, 405 MHz, 23.37 W, 47, 0 %, 3220 MiB
2026/09/24 17:33:48.668, 1, 2835 MHz, 14001 MHz, 599.93 W, 69, 98 %, 472 MiB
2026/09/24 17:33:49.672, 0, 30 MHz, 405 MHz, 23.10 W, 47, 1 %, 3220 MiB
2026/09/24 17:33:49.672, 1, 2835 MHz, 14001 MHz, 600.19 W, 69, 98 %, 472 MiB
2026/09/24 17:33:50.678, 0, 30 MHz, 405 MHz, 23.06 W, 47, 0 %, 3220 MiB
2026/09/24 17:33:50.678, 1, 2835 MHz, 14001 MHz, 600.18 W, 69, 98 %, 472 MiB
2026/09/24 17:33:51.680, 0, 32 MHz, 405 MHz, 22.73 W, 47, 0 %, 3220 MiB
2026/09/24 17:33:51.680, 1, 2835 MHz, 14001 MHz, 600.07 W, 69, 98 %, 18 MiB
2026/09/24 17:33:52.686, 0, 32 MHz, 405 MHz, 19.86 W, 47, 0 %, 3220 MiB
2026/09/24 17:33:52.686, 1, 2955 MHz, 14001 MHz, 268.77 W, 55, 0 %, 18 MiB
2026/09/24 17:33:53.689, 0, 42 MHz, 405 MHz, 25.07 W, 48, 1 %, 3220 MiB
2026/09/24 17:33:53.689, 1, 2955 MHz, 14001 MHz, 131.11 W, 54, 0 %, 18 MiB
2026/09/24 17:33:54.693, 0, 42 MHz, 405 MHz, 25.42 W, 47, 1 %, 3220 MiB
2026/09/24 17:33:54.693, 1, 397 MHz, 7001 MHz, 37.60 W, 51, 0 %, 18 MiB
2026/09/24 17:33:55.697, 0, 330 MHz, 405 MHz, 24.87 W, 48, 0 %, 3220 MiB
2026/09/24 17:33:55.697, 1, 2857 MHz, 14001 MHz, 352.53 W, 67, 98 %, 471 MiB
2026/09/24 17:33:56.700, 0, 47 MHz, 405 MHz, 27.91 W, 47, 1 %, 3220 MiB
2026/09/24 17:33:56.700, 1, 2850 MHz, 14001 MHz, 592.11 W, 67, 97 %, 471 MiB
2026/09/24 17:33:57.701, 0, 32 MHz, 405 MHz, 23.07 W, 47, 0 %, 3220 MiB
2026/09/24 17:33:57.701, 1, 2865 MHz, 14001 MHz, 595.41 W, 68, 98 %, 471 MiB
2026/09/24 17:33:58.716, 0, 32 MHz, 405 MHz, 22.60 W, 47, 0 %, 3220 MiB
2026/09/24 17:33:58.716, 1, 2895 MHz, 14001 MHz, 596.56 W, 68, 98 %, 471 MiB
2026/09/24 17:33:59.718, 0, 31 MHz, 405 MHz, 21.94 W, 47, 0 %, 3220 MiB
2026/09/24 17:33:59.718, 1, 2895 MHz, 14001 MHz, 592.28 W, 68, 98 %, 471 MiB
2026/09/24 17:34:00.721, 0, 39 MHz, 405 MHz, 20.96 W, 47, 0 %, 3220 MiB
2026/09/24 17:34:00.721, 1, 2865 MHz, 14001 MHz, 427.48 W, 68, 97 %, 471 MiB
2026/09/24 17:34:01.725, 0, 32 MHz, 405 MHz, 22.89 W, 47, 1 %, 3220 MiB
2026/09/24 17:34:01.725, 1, 2850 MHz, 14001 MHz, 599.28 W, 68, 98 %, 471 MiB
2026/09/24 17:34:02.729, 0, 32 MHz, 405 MHz, 22.80 W, 47, 0 %, 3220 MiB
2026/09/24 17:34:02.729, 1, 2857 MHz, 14001 MHz, 595.35 W, 68, 98 %, 471 MiB
2026/09/24 17:34:03.734, 0, 30 MHz, 405 MHz, 22.20 W, 47, 0 %, 3220 MiB
2026/09/24 17:34:03.734, 1, 2895 MHz, 14001 MHz, 593.75 W, 68, 98 %, 471 MiB
2026/09/24 17:34:04.740, 0, 32 MHz, 405 MHz, 21.94 W, 47, 0 %, 3220 MiB
2026/09/24 17:34:04.740, 1, 2895 MHz, 14001 MHz, 593.61 W, 68, 98 %, 471 MiB
2026/09/24 17:34:05.747, 0, 32 MHz, 405 MHz, 21.61 W, 47, 0 %, 3220 MiB
2026/09/24 17:34:05.747, 1, 2940 MHz, 14001 MHz, 483.49 W, 56, 1 %, 471 MiB
2026/09/24 17:34:06.756, 0, 33 MHz, 405 MHz, 21.51 W, 47, 0 %, 3220 MiB
2026/09/24 17:34:06.756, 1, 2850 MHz, 14001 MHz, 536.84 W, 69, 98 %, 471 MiB
2026/09/24 17:34:07.760, 0, 33 MHz, 405 MHz, 22.89 W, 47, 1 %, 3220 MiB
2026/09/24 17:34:07.760, 1, 2850 MHz, 14001 MHz, 598.39 W, 69, 97 %, 471 MiB
2026/09/24 17:34:08.769, 0, 33 MHz, 405 MHz, 22.94 W, 47, 0 %, 3220 MiB
2026/09/24 17:34:08.769, 1, 2887 MHz, 14001 MHz, 596.31 W, 69, 98 %, 471 MiB
2026/09/24 17:34:09.771, 0, 32 MHz, 405 MHz, 23.05 W, 47, 1 %, 3220 MiB
2026/09/24 17:34:09.771, 1, 2887 MHz, 14001 MHz, 596.52 W, 69, 97 %, 471 MiB
2026/09/24 17:34:10.775, 0, 31 MHz, 405 MHz, 22.05 W, 47, 0 %, 3220 MiB
2026/09/24 17:34:10.775, 1, 2895 MHz, 14001 MHz, 573.88 W, 63, 98 %, 471 MiB
2026/09/24 17:34:11.778, 0, 33 MHz, 405 MHz, 21.14 W, 47, 0 %, 3220 MiB
2026/09/24 17:34:11.778, 1, 2842 MHz, 14001 MHz, 427.31 W, 69, 98 %, 471 MiB
2026/09/24 17:34:12.785, 0, 33 MHz, 405 MHz, 22.65 W, 47, 0 %, 3220 MiB
2026/09/24 17:34:12.785, 1, 2872 MHz, 14001 MHz, 600.04 W, 69, 97 %, 471 MiB
2026/09/24 17:34:13.800, 0, 33 MHz, 405 MHz, 22.89 W, 47, 0 %, 3220 MiB
2026/09/24 17:34:13.800, 1, 2880 MHz, 14001 MHz, 600.54 W, 69, 97 %, 471 MiB
2026/09/24 17:34:14.802, 0, 32 MHz, 405 MHz, 23.05 W, 47, 1 %, 3220 MiB
2026/09/24 17:34:14.802, 1, 2880 MHz, 14001 MHz, 599.38 W, 69, 98 %, 471 MiB
2026/09/24 17:34:15.816, 0, 33 MHz, 405 MHz, 22.63 W, 47, 0 %, 3220 MiB
2026/09/24 17:34:15.816, 1, 2887 MHz, 14001 MHz, 597.99 W, 69, 98 %, 471 MiB
2026/09/24 17:34:16.821, 0, 32 MHz, 405 MHz, 21.65 W, 47, 1 %, 3220 MiB
2026/09/24 17:34:16.821, 1, 2842 MHz, 14001 MHz, 426.95 W, 69, 97 %, 471 MiB
2026/09/24 17:34:17.837, 0, 32 MHz, 405 MHz, 23.00 W, 47, 0 %, 3220 MiB
2026/09/24 17:34:17.837, 1, 2850 MHz, 14001 MHz, 599.83 W, 69, 97 %, 471 MiB
2026/09/24 17:34:18.838, 0, 32 MHz, 405 MHz, 22.91 W, 47, 0 %, 3220 MiB
2026/09/24 17:34:18.838, 1, 2850 MHz, 14001 MHz, 599.68 W, 69, 98 %, 471 MiB
2026/09/24 17:34:19.842, 0, 33 MHz, 405 MHz, 22.80 W, 47, 0 %, 3220 MiB
2026/09/24 17:34:19.842, 1, 2857 MHz, 14001 MHz, 598.15 W, 69, 98 %, 471 MiB
2026/09/24 17:34:20.849, 0, 32 MHz, 405 MHz, 22.98 W, 47, 0 %, 3220 MiB
2026/09/24 17:34:20.849, 1, 2887 MHz, 14001 MHz, 592.96 W, 69, 98 %, 471 MiB
2026/09/24 17:34:21.853, 0, 32 MHz, 405 MHz, 21.35 W, 47, 1 %, 3220 MiB
2026/09/24 17:34:21.853, 1, 2842 MHz, 14001 MHz, 417.34 W, 69, 98 %, 471 MiB
2026/09/24 17:34:22.858, 0, 33 MHz, 405 MHz, 22.74 W, 47, 0 %, 3220 MiB
2026/09/24 17:34:22.858, 1, 2842 MHz, 14001 MHz, 599.44 W, 69, 98 %, 471 MiB
2026/09/24 17:34:23.859, 0, 32 MHz, 405 MHz, 23.43 W, 47, 0 %, 3220 MiB
2026/09/24 17:34:23.859, 1, 2850 MHz, 14001 MHz, 599.90 W, 69, 97 %, 471 MiB
2026/09/24 17:34:24.862, 0, 32 MHz, 405 MHz, 23.47 W, 47, 0 %, 3220 MiB
2026/09/24 17:34:24.862, 1, 2850 MHz, 14001 MHz, 599.97 W, 69, 98 %, 471 MiB
2026/09/24 17:34:25.867, 0, 33 MHz, 405 MHz, 23.46 W, 47, 0 %, 3220 MiB
2026/09/24 17:34:25.867, 1, 2895 MHz, 14001 MHz, 557.37 W, 59, 97 %, 471 MiB
2026/09/24 17:34:26.870, 0, 33 MHz, 405 MHz, 21.34 W, 47, 0 %, 3220 MiB
2026/09/24 17:34:26.870, 1, 2842 MHz, 14001 MHz, 429.19 W, 69, 98 %, 471 MiB
2026/09/24 17:34:27.875, 0, 32 MHz, 405 MHz, 23.19 W, 47, 1 %, 3220 MiB
2026/09/24 17:34:27.875, 1, 2850 MHz, 14001 MHz, 599.78 W, 69, 97 %, 471 MiB
2026/09/24 17:34:28.879, 0, 32 MHz, 405 MHz, 23.43 W, 47, 1 %, 3220 MiB
2026/09/24 17:34:28.879, 1, 2850 MHz, 14001 MHz, 599.53 W, 69, 97 %, 471 MiB
2026/09/24 17:34:29.883, 0, 32 MHz, 405 MHz, 23.52 W, 47, 1 %, 3220 MiB
2026/09/24 17:34:29.883, 1, 2850 MHz, 14001 MHz, 597.21 W, 69, 97 %, 471 MiB
2026/09/24 17:34:30.888, 0, 33 MHz, 405 MHz, 23.19 W, 47, 1 %, 3220 MiB
2026/09/24 17:34:30.888, 1, 2910 MHz, 14001 MHz, 522.49 W, 58, 42 %, 471 MiB
2026/09/24 17:34:31.891, 0, 32 MHz, 405 MHz, 21.86 W, 47, 0 %, 3220 MiB
2026/09/24 17:34:31.891, 1, 2842 MHz, 14001 MHz, 457.67 W, 69, 97 %, 471 MiB
2026/09/24 17:34:32.896, 0, 32 MHz, 405 MHz, 23.20 W, 47, 1 %, 3220 MiB
2026/09/24 17:34:32.896, 1, 2842 MHz, 14001 MHz, 599.24 W, 69, 97 %, 471 MiB
2026/09/24 17:34:33.901, 0, 33 MHz, 405 MHz, 22.76 W, 47, 0 %, 3220 MiB
2026/09/24 17:34:33.901, 1, 2842 MHz, 14001 MHz, 599.95 W, 69, 97 %, 471 MiB
2026/09/24 17:34:34.902, 0, 33 MHz, 405 MHz, 23.15 W, 47, 1 %, 3220 MiB
2026/09/24 17:34:34.902, 1, 2872 MHz, 14001 MHz, 600.41 W, 69, 98 %, 471 MiB
2026/09/24 17:34:35.917, 0, 34 MHz, 405 MHz, 22.81 W, 47, 1 %, 3220 MiB
2026/09/24 17:34:35.917, 1, 2940 MHz, 14001 MHz, 475.53 W, 56, 1 %, 471 MiB
2026/09/24 17:34:36.919, 0, 32 MHz, 405 MHz, 22.38 W, 47, 1 %, 3219 MiB
2026/09/24 17:34:36.919, 1, 2842 MHz, 14001 MHz, 508.06 W, 69, 97 %, 471 MiB
2026/09/24 17:34:37.927, 0, 33 MHz, 405 MHz, 23.25 W, 47, 1 %, 3219 MiB
2026/09/24 17:34:37.927, 1, 2850 MHz, 14001 MHz, 599.36 W, 69, 97 %, 471 MiB
2026/09/24 17:34:38.942, 0, 32 MHz, 405 MHz, 23.68 W, 47, 1 %, 3219 MiB
2026/09/24 17:34:38.942, 1, 2850 MHz, 14001 MHz, 599.41 W, 69, 97 %, 471 MiB
2026/09/24 17:34:39.954, 0, 32 MHz, 405 MHz, 23.65 W, 47, 1 %, 3219 MiB
2026/09/24 17:34:39.954, 1, 2850 MHz, 14001 MHz, 596.53 W, 69, 97 %, 471 MiB
2026/09/24 17:34:40.959, 0, 32 MHz, 405 MHz, 22.76 W, 47, 1 %, 3219 MiB
2026/09/24 17:34:40.959, 1, 2955 MHz, 14001 MHz, 424.34 W, 56, 0 %, 471 MiB
2026/09/24 17:34:41.966, 0, 32 MHz, 405 MHz, 22.58 W, 47, 1 %, 3219 MiB
2026/09/24 17:34:41.966, 1, 2842 MHz, 14001 MHz, 541.89 W, 69, 98 %, 471 MiB
2026/09/24 17:34:42.968, 0, 33 MHz, 405 MHz, 23.37 W, 47, 0 %, 3219 MiB
2026/09/24 17:34:42.968, 1, 2842 MHz, 14001 MHz, 599.95 W, 69, 98 %, 471 MiB
2026/09/24 17:34:43.970, 0, 31 MHz, 405 MHz, 22.90 W, 47, 0 %, 3219 MiB
2026/09/24 17:34:43.970, 1, 2850 MHz, 14001 MHz, 600.02 W, 69, 97 %, 471 MiB
2026/09/24 17:34:44.971, 0, 30 MHz, 405 MHz, 23.44 W, 47, 0 %, 3219 MiB
2026/09/24 17:34:44.971, 1, 2850 MHz, 14001 MHz, 600.03 W, 69, 98 %, 471 MiB
2026/09/24 17:34:45.977, 0, 30 MHz, 405 MHz, 22.25 W, 47, 0 %, 3219 MiB
2026/09/24 17:34:45.977, 1, 2940 MHz, 14001 MHz, 412.81 W, 67, 97 %, 471 MiB
2026/09/24 17:34:46.993, 0, 32 MHz, 405 MHz, 22.36 W, 47, 0 %, 3219 MiB
2026/09/24 17:34:46.993, 1, 2842 MHz, 14001 MHz, 598.89 W, 69, 97 %, 471 MiB
2026/09/24 17:34:47.995, 0, 30 MHz, 405 MHz, 23.31 W, 47, 0 %, 3219 MiB
2026/09/24 17:34:47.995, 1, 2850 MHz, 14001 MHz, 599.44 W, 69, 97 %, 471 MiB
2026/09/24 17:34:49.002, 0, 30 MHz, 405 MHz, 23.03 W, 47, 0 %, 3219 MiB
2026/09/24 17:34:49.002, 1, 2850 MHz, 14001 MHz, 600.06 W, 69, 98 %, 471 MiB
2026/09/24 17:34:50.004, 0, 30 MHz, 405 MHz, 23.07 W, 47, 0 %, 3219 MiB
2026/09/24 17:34:50.004, 1, 2872 MHz, 14001 MHz, 599.94 W, 69, 97 %, 471 MiB
2026/09/24 17:34:51.011, 0, 30 MHz, 405 MHz, 21.94 W, 47, 0 %, 3219 MiB
2026/09/24 17:34:51.011, 1, 2895 MHz, 14001 MHz, 431.60 W, 69, 97 %, 471 MiB
2026/09/24 17:34:52.011, 0, 32 MHz, 405 MHz, 22.87 W, 47, 0 %, 3219 MiB
2026/09/24 17:34:52.011, 1, 2842 MHz, 14001 MHz, 599.97 W, 69, 97 %, 471 MiB
2026/09/24 17:34:53.018, 0, 30 MHz, 405 MHz, 23.28 W, 47, 0 %, 3219 MiB
2026/09/24 17:34:53.018, 1, 2842 MHz, 14001 MHz, 600.18 W, 69, 97 %, 471 MiB
2026/09/24 17:34:54.031, 0, 30 MHz, 405 MHz, 23.67 W, 47, 0 %, 3219 MiB
2026/09/24 17:34:54.031, 1, 2850 MHz, 14001 MHz, 600.22 W, 69, 97 %, 471 MiB
2026/09/24 17:34:55.033, 0, 29 MHz, 405 MHz, 23.53 W, 47, 0 %, 3219 MiB
2026/09/24 17:34:55.033, 1, 2850 MHz, 14001 MHz, 599.15 W, 69, 97 %, 471 MiB
2026/09/24 17:34:56.035, 0, 29 MHz, 405 MHz, 21.95 W, 47, 0 %, 3219 MiB
2026/09/24 17:34:56.035, 1, 2865 MHz, 14001 MHz, 411.42 W, 69, 97 %, 471 MiB
2026/09/24 17:34:57.036, 0, 29 MHz, 405 MHz, 23.97 W, 47, 0 %, 3219 MiB
2026/09/24 17:34:57.036, 1, 2850 MHz, 14001 MHz, 598.91 W, 70, 97 %, 471 MiB
2026/09/24 17:34:58.041, 0, 29 MHz, 405 MHz, 23.80 W, 47, 0 %, 3219 MiB
2026/09/24 17:34:58.041, 1, 2850 MHz, 14001 MHz, 597.78 W, 69, 96 %, 471 MiB
2026/09/24 17:34:59.042, 0, 29 MHz, 405 MHz, 23.55 W, 47, 0 %, 3219 MiB
2026/09/24 17:34:59.042, 1, 2865 MHz, 14001 MHz, 595.57 W, 70, 97 %, 471 MiB
2026/09/24 17:35:00.045, 0, 29 MHz, 405 MHz, 23.51 W, 47, 0 %, 3219 MiB
2026/09/24 17:35:00.045, 1, 2880 MHz, 14001 MHz, 597.12 W, 69, 97 %, 471 MiB
2026/09/24 17:35:01.052, 0, 32 MHz, 405 MHz, 22.63 W, 47, 0 %, 3219 MiB
2026/09/24 17:35:01.052, 1, 2857 MHz, 14001 MHz, 392.07 W, 69, 97 %, 471 MiB
2026/09/24 17:35:02.055, 0, 29 MHz, 405 MHz, 23.79 W, 47, 0 %, 3219 MiB
2026/09/24 17:35:02.055, 1, 2842 MHz, 14001 MHz, 599.42 W, 70, 97 %, 471 MiB
2026/09/24 17:35:03.058, 0, 28 MHz, 405 MHz, 23.77 W, 47, 0 %, 3219 MiB
2026/09/24 17:35:03.058, 1, 2850 MHz, 14001 MHz, 599.16 W, 69, 97 %, 471 MiB
2026/09/24 17:35:04.065, 0, 28 MHz, 405 MHz, 23.10 W, 47, 0 %, 3219 MiB
2026/09/24 17:35:04.065, 1, 2850 MHz, 14001 MHz, 599.86 W, 69, 98 %, 471 MiB
2026/09/24 17:35:05.067, 0, 28 MHz, 405 MHz, 22.11 W, 47, 0 %, 3219 MiB
2026/09/24 17:35:05.067, 1, 2850 MHz, 14001 MHz, 600.19 W, 70, 98 %, 471 MiB
2026/09/24 17:35:06.074, 0, 28 MHz, 405 MHz, 22.44 W, 47, 0 %, 3219 MiB
2026/09/24 17:35:06.074, 1, 2842 MHz, 14001 MHz, 412.58 W, 69, 97 %, 471 MiB
2026/09/24 17:35:07.082, 0, 28 MHz, 405 MHz, 23.23 W, 47, 0 %, 3219 MiB
2026/09/24 17:35:07.082, 1, 2842 MHz, 14001 MHz, 600.09 W, 69, 97 %, 471 MiB
2026/09/24 17:35:08.088, 0, 28 MHz, 405 MHz, 23.25 W, 47, 0 %, 3219 MiB
2026/09/24 17:35:08.088, 1, 2850 MHz, 14001 MHz, 599.84 W, 69, 97 %, 471 MiB
2026/09/24 17:35:09.093, 0, 28 MHz, 405 MHz, 22.97 W, 47, 0 %, 3219 MiB
2026/09/24 17:35:09.093, 1, 2850 MHz, 14001 MHz, 599.32 W, 69, 97 %, 471 MiB
2026/09/24 17:35:10.098, 0, 28 MHz, 405 MHz, 22.35 W, 47, 0 %, 3219 MiB
2026/09/24 17:35:10.098, 1, 2857 MHz, 14001 MHz, 597.99 W, 69, 97 %, 471 MiB
2026/09/24 17:35:11.102, 0, 27 MHz, 405 MHz, 22.75 W, 47, 0 %, 3219 MiB
2026/09/24 17:35:11.102, 1, 2842 MHz, 14001 MHz, 413.41 W, 69, 97 %, 471 MiB
2026/09/24 17:35:12.104, 0, 28 MHz, 405 MHz, 23.51 W, 47, 0 %, 3219 MiB
2026/09/24 17:35:12.104, 1, 2842 MHz, 14001 MHz, 599.49 W, 69, 97 %, 471 MiB
2026/09/24 17:35:13.119, 0, 28 MHz, 405 MHz, 23.30 W, 47, 0 %, 3219 MiB
2026/09/24 17:35:13.119, 1, 2842 MHz, 14001 MHz, 599.91 W, 69, 97 %, 471 MiB
2026/09/24 17:35:14.134, 0, 28 MHz, 405 MHz, 23.08 W, 47, 0 %, 3219 MiB
2026/09/24 17:35:14.134, 1, 2850 MHz, 14001 MHz, 600.27 W, 69, 97 %, 471 MiB
2026/09/24 17:35:15.135, 0, 28 MHz, 405 MHz, 21.68 W, 47, 0 %, 3219 MiB
2026/09/24 17:35:15.135, 1, 2850 MHz, 14001 MHz, 577.93 W, 62, 52 %, 471 MiB
2026/09/24 17:35:16.141, 0, 28 MHz, 405 MHz, 22.75 W, 47, 0 %, 3219 MiB
2026/09/24 17:35:16.141, 1, 2842 MHz, 14001 MHz, 433.09 W, 69, 97 %, 471 MiB
2026/09/24 17:35:17.156, 0, 28 MHz, 405 MHz, 23.27 W, 47, 0 %, 3219 MiB
2026/09/24 17:35:17.156, 1, 2850 MHz, 14001 MHz, 599.40 W, 69, 98 %, 471 MiB
2026/09/24 17:35:18.158, 0, 28 MHz, 405 MHz, 22.87 W, 47, 0 %, 3219 MiB
2026/09/24 17:35:18.158, 1, 2850 MHz, 14001 MHz, 600.03 W, 69, 97 %, 471 MiB
2026/09/24 17:35:19.173, 0, 28 MHz, 405 MHz, 22.55 W, 47, 0 %, 3219 MiB
2026/09/24 17:35:19.173, 1, 2857 MHz, 14001 MHz, 599.79 W, 69, 97 %, 471 MiB
2026/09/24 17:35:20.179, 0, 28 MHz, 405 MHz, 21.75 W, 47, 0 %, 3219 MiB
2026/09/24 17:35:20.179, 1, 2910 MHz, 14001 MHz, 522.33 W, 57, 1 %, 471 MiB
2026/09/24 17:35:21.185, 0, 28 MHz, 405 MHz, 23.68 W, 47, 0 %, 3219 MiB
2026/09/24 17:35:21.185, 1, 2842 MHz, 14001 MHz, 452.94 W, 69, 98 %, 471 MiB
2026/09/24 17:35:22.190, 0, 28 MHz, 405 MHz, 23.67 W, 47, 0 %, 3219 MiB
2026/09/24 17:35:22.190, 1, 2850 MHz, 14001 MHz, 600.39 W, 69, 98 %, 471 MiB
2026/09/24 17:35:23.194, 0, 28 MHz, 405 MHz, 23.45 W, 47, 0 %, 3219 MiB
2026/09/24 17:35:23.194, 1, 2850 MHz, 14001 MHz, 599.99 W, 69, 97 %, 471 MiB
2026/09/24 17:35:24.199, 0, 28 MHz, 405 MHz, 23.41 W, 47, 0 %, 3219 MiB
2026/09/24 17:35:24.199, 1, 2850 MHz, 14001 MHz, 600.04 W, 69, 98 %, 471 MiB
2026/09/24 17:35:25.204, 0, 28 MHz, 405 MHz, 21.62 W, 47, 0 %, 3219 MiB
2026/09/24 17:35:25.204, 1, 2850 MHz, 14001 MHz, 432.15 W, 69, 0 %, 471 MiB
2026/09/24 17:35:26.208, 0, 28 MHz, 405 MHz, 22.93 W, 47, 0 %, 3219 MiB
2026/09/24 17:35:26.209, 1, 2842 MHz, 14001 MHz, 599.19 W, 69, 97 %, 471 MiB
2026/09/24 17:35:27.212, 0, 28 MHz, 405 MHz, 23.54 W, 47, 0 %, 3219 MiB
2026/09/24 17:35:27.212, 1, 2850 MHz, 14001 MHz, 599.61 W, 69, 98 %, 471 MiB
2026/09/24 17:35:28.228, 0, 28 MHz, 405 MHz, 23.32 W, 47, 0 %, 3219 MiB
2026/09/24 17:35:28.228, 1, 2850 MHz, 14001 MHz, 599.72 W, 69, 97 %, 471 MiB
2026/09/24 17:35:29.229, 0, 28 MHz, 405 MHz, 23.29 W, 47, 0 %, 3219 MiB
2026/09/24 17:35:29.229, 1, 2880 MHz, 14001 MHz, 600.23 W, 69, 97 %, 471 MiB
2026/09/24 17:35:30.240, 0, 28 MHz, 405 MHz, 21.52 W, 47, 0 %, 3219 MiB
2026/09/24 17:35:30.240, 1, 2842 MHz, 14001 MHz, 428.45 W, 69, 0 %, 471 MiB
2026/09/24 17:35:31.242, 0, 28 MHz, 405 MHz, 23.29 W, 47, 0 %, 3219 MiB
2026/09/24 17:35:31.242, 1, 2842 MHz, 14001 MHz, 599.90 W, 69, 97 %, 471 MiB
2026/09/24 17:35:32.256, 0, 28 MHz, 405 MHz, 23.37 W, 47, 0 %, 3219 MiB
2026/09/24 17:35:32.256, 1, 2850 MHz, 14001 MHz, 599.68 W, 69, 98 %, 471 MiB
2026/09/24 17:35:33.261, 0, 28 MHz, 405 MHz, 23.45 W, 47, 0 %, 3219 MiB
2026/09/24 17:35:33.261, 1, 2850 MHz, 14001 MHz, 600.40 W, 69, 97 %, 471 MiB
2026/09/24 17:35:34.264, 0, 28 MHz, 405 MHz, 23.52 W, 47, 0 %, 3219 MiB
2026/09/24 17:35:34.264, 1, 2850 MHz, 14001 MHz, 599.32 W, 69, 98 %, 471 MiB
2026/09/24 17:35:35.272, 0, 32 MHz, 405 MHz, 22.12 W, 47, 0 %, 3219 MiB
2026/09/24 17:35:35.272, 1, 2842 MHz, 14001 MHz, 415.44 W, 69, 97 %, 471 MiB
2026/09/24 17:35:36.273, 0, 28 MHz, 405 MHz, 23.10 W, 47, 0 %, 3219 MiB
2026/09/24 17:35:36.273, 1, 2842 MHz, 14001 MHz, 600.04 W, 69, 97 %, 471 MiB
2026/09/24 17:35:37.281, 0, 31 MHz, 405 MHz, 23.53 W, 47, 0 %, 3218 MiB
2026/09/24 17:35:37.281, 1, 2850 MHz, 14001 MHz, 600.32 W, 69, 97 %, 471 MiB
2026/09/24 17:35:38.283, 0, 28 MHz, 405 MHz, 23.38 W, 47, 0 %, 3218 MiB
2026/09/24 17:35:38.283, 1, 2857 MHz, 14001 MHz, 599.24 W, 69, 98 %, 471 MiB
2026/09/24 17:35:39.284, 0, 28 MHz, 405 MHz, 23.14 W, 47, 0 %, 3218 MiB
2026/09/24 17:35:39.284, 1, 2872 MHz, 14001 MHz, 557.85 W, 59, 98 %, 471 MiB
2026/09/24 17:35:40.284, 0, 27 MHz, 405 MHz, 22.31 W, 47, 0 %, 3218 MiB
2026/09/24 17:35:40.284, 1, 2842 MHz, 14001 MHz, 431.49 W, 69, 97 %, 471 MiB
2026/09/24 17:35:41.299, 0, 28 MHz, 405 MHz, 23.53 W, 47, 0 %, 3218 MiB
2026/09/24 17:35:41.299, 1, 2842 MHz, 14001 MHz, 600.17 W, 69, 97 %, 471 MiB
2026/09/24 17:35:42.313, 0, 28 MHz, 405 MHz, 23.18 W, 47, 0 %, 3218 MiB
2026/09/24 17:35:42.313, 1, 2850 MHz, 14001 MHz, 599.97 W, 69, 98 %, 471 MiB
2026/09/24 17:35:43.314, 0, 28 MHz, 405 MHz, 23.82 W, 47, 0 %, 3218 MiB
2026/09/24 17:35:43.314, 1, 2850 MHz, 14001 MHz, 600.11 W, 69, 98 %, 471 MiB
2026/09/24 17:35:44.317, 0, 28 MHz, 405 MHz, 23.23 W, 47, 0 %, 3218 MiB
2026/09/24 17:35:44.317, 1, 2917 MHz, 14001 MHz, 506.53 W, 57, 98 %, 471 MiB
2026/09/24 17:35:45.320, 0, 28 MHz, 405 MHz, 21.73 W, 47, 0 %, 3218 MiB
2026/09/24 17:35:45.320, 1, 2842 MHz, 14001 MHz, 503.43 W, 69, 97 %, 471 MiB
2026/09/24 17:35:46.324, 0, 28 MHz, 405 MHz, 23.17 W, 47, 0 %, 3218 MiB
2026/09/24 17:35:46.324, 1, 2850 MHz, 14001 MHz, 600.14 W, 69, 97 %, 471 MiB
2026/09/24 17:35:47.338, 0, 28 MHz, 405 MHz, 23.04 W, 47, 0 %, 3218 MiB
2026/09/24 17:35:47.338, 1, 2850 MHz, 14001 MHz, 600.25 W, 69, 98 %, 471 MiB
2026/09/24 17:35:48.352, 0, 28 MHz, 405 MHz, 23.08 W, 47, 0 %, 3218 MiB
2026/09/24 17:35:48.352, 1, 2872 MHz, 14001 MHz, 599.71 W, 69, 97 %, 471 MiB
2026/09/24 17:35:49.355, 0, 28 MHz, 405 MHz, 22.96 W, 47, 0 %, 3218 MiB
2026/09/24 17:35:49.355, 1, 2947 MHz, 14001 MHz, 460.90 W, 56, 98 %, 471 MiB
2026/09/24 17:35:50.359, 0, 225 MHz, 405 MHz, 21.99 W, 47, 0 %, 3218 MiB
2026/09/24 17:35:50.359, 1, 2842 MHz, 14001 MHz, 514.05 W, 69, 97 %, 471 MiB
2026/09/24 17:35:51.362, 0, 28 MHz, 405 MHz, 23.27 W, 47, 0 %, 3218 MiB
2026/09/24 17:35:51.362, 1, 2842 MHz, 14001 MHz, 600.09 W, 69, 98 %, 471 MiB
2026/09/24 17:35:52.371, 0, 28 MHz, 405 MHz, 23.21 W, 47, 0 %, 3218 MiB
2026/09/24 17:35:52.371, 1, 2850 MHz, 14001 MHz, 600.14 W, 70, 97 %, 471 MiB
2026/09/24 17:35:53.379, 0, 28 MHz, 405 MHz, 23.52 W, 47, 0 %, 3218 MiB
2026/09/24 17:35:53.379, 1, 2872 MHz, 14001 MHz, 600.67 W, 70, 97 %, 471 MiB
2026/09/24 17:35:54.382, 0, 28 MHz, 405 MHz, 22.13 W, 47, 0 %, 3218 MiB
2026/09/24 17:35:54.382, 1, 2955 MHz, 14001 MHz, 412.08 W, 56, 97 %, 471 MiB
2026/09/24 17:35:55.397, 0, 28 MHz, 405 MHz, 22.46 W, 47, 0 %, 3218 MiB
2026/09/24 17:35:55.397, 1, 2865 MHz, 14001 MHz, 599.87 W, 69, 97 %, 471 MiB
2026/09/24 17:35:56.402, 0, 28 MHz, 405 MHz, 23.76 W, 47, 0 %, 3218 MiB
2026/09/24 17:35:56.402, 1, 2850 MHz, 14001 MHz, 598.89 W, 69, 97 %, 471 MiB
2026/09/24 17:35:57.408, 0, 28 MHz, 405 MHz, 23.67 W, 47, 0 %, 3218 MiB
2026/09/24 17:35:57.408, 1, 2850 MHz, 14001 MHz, 600.64 W, 69, 98 %, 471 MiB
2026/09/24 17:35:58.421, 0, 28 MHz, 405 MHz, 22.87 W, 47, 0 %, 3218 MiB
2026/09/24 17:35:58.421, 1, 2857 MHz, 14001 MHz, 599.20 W, 69, 97 %, 471 MiB
2026/09/24 17:35:59.425, 0, 28 MHz, 405 MHz, 22.54 W, 47, 0 %, 3218 MiB
2026/09/24 17:35:59.425, 1, 2940 MHz, 14001 MHz, 409.58 W, 66, 97 %, 471 MiB
2026/09/24 17:36:00.430, 0, 28 MHz, 405 MHz, 22.86 W, 47, 0 %, 3218 MiB
2026/09/24 17:36:00.430, 1, 2842 MHz, 14001 MHz, 592.58 W, 69, 97 %, 471 MiB
2026/09/24 17:36:01.437, 0, 28 MHz, 405 MHz, 24.16 W, 47, 0 %, 3218 MiB
2026/09/24 17:36:01.437, 1, 2850 MHz, 14001 MHz, 600.38 W, 69, 97 %, 471 MiB
2026/09/24 17:36:02.440, 0, 28 MHz, 405 MHz, 23.83 W, 47, 0 %, 3218 MiB
2026/09/24 17:36:02.440, 1, 2872 MHz, 14001 MHz, 600.45 W, 69, 97 %, 471 MiB
2026/09/24 17:36:03.454, 0, 28 MHz, 405 MHz, 23.41 W, 47, 0 %, 3218 MiB
2026/09/24 17:36:03.454, 1, 2880 MHz, 14001 MHz, 600.23 W, 69, 97 %, 471 MiB
2026/09/24 17:36:04.460, 0, 28 MHz, 405 MHz, 21.90 W, 47, 0 %, 3218 MiB
2026/09/24 17:36:04.460, 1, 2910 MHz, 14001 MHz, 413.37 W, 69, 32 %, 471 MiB
2026/09/24 17:36:05.466, 0, 28 MHz, 405 MHz, 23.25 W, 47, 0 %, 3218 MiB
2026/09/24 17:36:05.466, 1, 2842 MHz, 14001 MHz, 600.43 W, 69, 97 %, 471 MiB
2026/09/24 17:36:06.469, 0, 28 MHz, 405 MHz, 23.22 W, 47, 0 %, 3218 MiB
2026/09/24 17:36:06.469, 1, 2850 MHz, 14001 MHz, 600.44 W, 69, 97 %, 471 MiB
2026/09/24 17:36:07.474, 0, 28 MHz, 405 MHz, 23.00 W, 47, 0 %, 3218 MiB
2026/09/24 17:36:07.474, 1, 2850 MHz, 14001 MHz, 600.36 W, 69, 98 %, 471 MiB
2026/09/24 17:36:08.480, 0, 28 MHz, 405 MHz, 23.16 W, 47, 0 %, 3218 MiB
2026/09/24 17:36:08.480, 1, 2880 MHz, 14001 MHz, 599.85 W, 69, 98 %, 471 MiB
2026/09/24 17:36:09.486, 0, 28 MHz, 405 MHz, 22.18 W, 47, 0 %, 3218 MiB
2026/09/24 17:36:09.486, 1, 2865 MHz, 14001 MHz, 430.25 W, 69, 1 %, 471 MiB
2026/09/24 17:36:10.487, 0, 28 MHz, 405 MHz, 23.58 W, 47, 0 %, 3218 MiB
2026/09/24 17:36:10.487, 1, 2842 MHz, 14001 MHz, 599.91 W, 69, 98 %, 471 MiB
2026/09/24 17:36:11.493, 0, 28 MHz, 405 MHz, 23.28 W, 47, 0 %, 3218 MiB
2026/09/24 17:36:11.493, 1, 2842 MHz, 14001 MHz, 600.51 W, 69, 97 %, 471 MiB
2026/09/24 17:36:12.496, 0, 28 MHz, 405 MHz, 22.86 W, 47, 0 %, 3218 MiB
2026/09/24 17:36:12.496, 1, 2850 MHz, 14001 MHz, 600.37 W, 69, 97 %, 471 MiB
2026/09/24 17:36:13.499, 0, 28 MHz, 405 MHz, 23.00 W, 47, 0 %, 3218 MiB
2026/09/24 17:36:13.499, 1, 2850 MHz, 14001 MHz, 599.61 W, 69, 97 %, 471 MiB
2026/09/24 17:36:14.500, 0, 28 MHz, 405 MHz, 22.05 W, 47, 0 %, 3218 MiB
2026/09/24 17:36:14.500, 1, 2850 MHz, 14001 MHz, 433.33 W, 69, 0 %, 471 MiB
2026/09/24 17:36:15.506, 0, 28 MHz, 405 MHz, 23.63 W, 47, 0 %, 3218 MiB
2026/09/24 17:36:15.506, 1, 2842 MHz, 14001 MHz, 599.51 W, 69, 97 %, 471 MiB
2026/09/24 17:36:16.508, 0, 28 MHz, 405 MHz, 23.28 W, 47, 0 %, 3218 MiB
2026/09/24 17:36:16.508, 1, 2850 MHz, 14001 MHz, 600.59 W, 69, 97 %, 471 MiB
2026/09/24 17:36:17.514, 0, 28 MHz, 405 MHz, 23.49 W, 47, 0 %, 3218 MiB
2026/09/24 17:36:17.514, 1, 2850 MHz, 14001 MHz, 599.73 W, 69, 98 %, 471 MiB
2026/09/24 17:36:18.523, 0, 28 MHz, 405 MHz, 22.89 W, 47, 0 %, 3218 MiB
2026/09/24 17:36:18.523, 1, 2857 MHz, 14001 MHz, 599.10 W, 69, 98 %, 471 MiB
2026/09/24 17:36:19.527, 0, 28 MHz, 405 MHz, 21.68 W, 47, 0 %, 3218 MiB
2026/09/24 17:36:19.527, 1, 2842 MHz, 14001 MHz, 432.51 W, 69, 0 %, 471 MiB
2026/09/24 17:36:20.531, 0, 28 MHz, 405 MHz, 23.95 W, 47, 0 %, 3218 MiB
2026/09/24 17:36:20.531, 1, 2842 MHz, 14001 MHz, 600.02 W, 69, 97 %, 471 MiB
2026/09/24 17:36:21.534, 0, 28 MHz, 405 MHz, 23.55 W, 47, 0 %, 3218 MiB
2026/09/24 17:36:21.534, 1, 2850 MHz, 14001 MHz, 600.27 W, 69, 97 %, 471 MiB
2026/09/24 17:36:22.538, 0, 28 MHz, 405 MHz, 22.81 W, 47, 0 %, 3218 MiB
2026/09/24 17:36:22.538, 1, 2850 MHz, 14001 MHz, 600.74 W, 69, 98 %, 471 MiB
2026/09/24 17:36:23.540, 0, 28 MHz, 405 MHz, 23.26 W, 47, 0 %, 3218 MiB
2026/09/24 17:36:23.540, 1, 2880 MHz, 14001 MHz, 600.56 W, 69, 98 %, 471 MiB
2026/09/24 17:36:24.545, 0, 27 MHz, 405 MHz, 21.56 W, 47, 0 %, 3218 MiB
2026/09/24 17:36:24.545, 1, 2842 MHz, 14001 MHz, 431.19 W, 69, 55 %, 471 MiB
2026/09/24 17:36:25.550, 0, 28 MHz, 405 MHz, 23.42 W, 47, 0 %, 3218 MiB
2026/09/24 17:36:25.550, 1, 2850 MHz, 14001 MHz, 599.79 W, 69, 97 %, 471 MiB
2026/09/24 17:36:26.565, 0, 28 MHz, 405 MHz, 23.16 W, 47, 0 %, 3218 MiB
2026/09/24 17:36:26.565, 1, 2850 MHz, 14001 MHz, 599.74 W, 69, 97 %, 471 MiB
2026/09/24 17:36:27.568, 0, 28 MHz, 405 MHz, 22.77 W, 47, 0 %, 3218 MiB
2026/09/24 17:36:27.568, 1, 2857 MHz, 14001 MHz, 599.33 W, 69, 98 %, 471 MiB
2026/09/24 17:36:28.570, 0, 28 MHz, 405 MHz, 23.01 W, 47, 0 %, 3218 MiB
2026/09/24 17:36:28.570, 1, 2887 MHz, 14001 MHz, 599.79 W, 69, 97 %, 471 MiB
2026/09/24 17:36:29.580, 0, 28 MHz, 405 MHz, 21.86 W, 47, 0 %, 3218 MiB
2026/09/24 17:36:29.580, 1, 2842 MHz, 14001 MHz, 431.27 W, 69, 97 %, 471 MiB
2026/09/24 17:36:30.584, 0, 28 MHz, 405 MHz, 23.27 W, 47, 0 %, 3218 MiB
2026/09/24 17:36:30.584, 1, 2842 MHz, 14001 MHz, 599.87 W, 69, 97 %, 471 MiB
2026/09/24 17:36:31.585, 0, 28 MHz, 405 MHz, 23.21 W, 47, 0 %, 3218 MiB
2026/09/24 17:36:31.585, 1, 2850 MHz, 14001 MHz, 600.13 W, 69, 97 %, 471 MiB
2026/09/24 17:36:32.588, 0, 28 MHz, 405 MHz, 23.28 W, 47, 0 %, 3218 MiB
2026/09/24 17:36:32.588, 1, 2880 MHz, 14001 MHz, 600.66 W, 69, 98 %, 471 MiB
2026/09/24 17:36:33.595, 0, 28 MHz, 405 MHz, 21.52 W, 47, 0 %, 3218 MiB
2026/09/24 17:36:33.595, 1, 2887 MHz, 14001 MHz, 557.97 W, 59, 98 %, 471 MiB
2026/09/24 17:36:34.603, 0, 28 MHz, 405 MHz, 19.46 W, 47, 0 %, 3218 MiB
2026/09/24 17:36:34.603, 1, 2955 MHz, 14001 MHz, 105.59 W, 54, 0 %, 471 MiB
2026/09/24 17:36:35.611, 0, 28 MHz, 405 MHz, 20.62 W, 47, 0 %, 3218 MiB
2026/09/24 17:36:35.611, 1, 2955 MHz, 14001 MHz, 96.39 W, 53, 0 %, 18 MiB
2026/09/24 17:36:36.618, 0, 28 MHz, 405 MHz, 20.50 W, 47, 0 %, 3218 MiB
2026/09/24 17:36:36.618, 1, 405 MHz, 7001 MHz, 38.89 W, 51, 0 %, 18 MiB
2026/09/24 17:36:37.621, 0, 315 MHz, 405 MHz, 24.71 W, 48, 0 %, 3217 MiB
2026/09/24 17:36:37.621, 1, 45 MHz, 7001 MHz, 38.76 W, 51, 0 %, 18 MiB
2026/09/24 17:36:38.628, 0, 315 MHz, 405 MHz, 26.48 W, 48, 0 %, 3217 MiB
2026/09/24 17:36:38.628, 1, 2835 MHz, 14001 MHz, 102.04 W, 65, 0 %, 471 MiB
2026/09/24 17:36:39.642, 0, 43 MHz, 405 MHz, 28.13 W, 48, 0 %, 3217 MiB
2026/09/24 17:36:39.642, 1, 2850 MHz, 14001 MHz, 591.32 W, 66, 97 %, 471 MiB
2026/09/24 17:36:40.652, 0, 42 MHz, 405 MHz, 30.10 W, 48, 1 %, 3217 MiB
2026/09/24 17:36:40.652, 1, 2857 MHz, 14001 MHz, 593.88 W, 67, 97 %, 471 MiB
2026/09/24 17:36:41.654, 0, 43 MHz, 405 MHz, 29.95 W, 48, 1 %, 3217 MiB
2026/09/24 17:36:41.654, 1, 2887 MHz, 14001 MHz, 593.06 W, 67, 97 %, 471 MiB
2026/09/24 17:36:42.656, 0, 28 MHz, 405 MHz, 27.49 W, 47, 1 %, 3217 MiB
2026/09/24 17:36:42.656, 1, 2895 MHz, 14001 MHz, 590.06 W, 67, 98 %, 471 MiB
2026/09/24 17:36:43.658, 0, 28 MHz, 405 MHz, 24.01 W, 47, 0 %, 3217 MiB
2026/09/24 17:36:43.658, 1, 2887 MHz, 14001 MHz, 589.10 W, 67, 98 %, 471 MiB
2026/09/24 17:36:44.661, 0, 28 MHz, 405 MHz, 24.24 W, 47, 0 %, 3217 MiB
2026/09/24 17:36:44.661, 1, 2880 MHz, 14001 MHz, 596.70 W, 68, 97 %, 471 MiB
2026/09/24 17:36:45.662, 0, 28 MHz, 405 MHz, 23.03 W, 47, 0 %, 3217 MiB
2026/09/24 17:36:45.662, 1, 2887 MHz, 14001 MHz, 594.37 W, 68, 98 %, 471 MiB
2026/09/24 17:36:46.666, 0, 27 MHz, 405 MHz, 23.35 W, 47, 0 %, 3217 MiB
2026/09/24 17:36:46.666, 1, 2895 MHz, 14001 MHz, 592.51 W, 68, 98 %, 471 MiB
2026/09/24 17:36:47.672, 0, 28 MHz, 405 MHz, 23.25 W, 47, 0 %, 3217 MiB
2026/09/24 17:36:47.672, 1, 2895 MHz, 14001 MHz, 589.82 W, 68, 98 %, 471 MiB
2026/09/24 17:36:48.688, 0, 28 MHz, 405 MHz, 23.62 W, 47, 0 %, 3217 MiB
2026/09/24 17:36:48.688, 1, 2887 MHz, 14001 MHz, 590.09 W, 69, 98 %, 471 MiB
2026/09/24 17:36:49.704, 0, 28 MHz, 405 MHz, 24.49 W, 47, 0 %, 3217 MiB
2026/09/24 17:36:49.704, 1, 2850 MHz, 14001 MHz, 600.02 W, 68, 97 %, 471 MiB
2026/09/24 17:36:50.706, 0, 28 MHz, 405 MHz, 23.51 W, 47, 0 %, 3217 MiB
2026/09/24 17:36:50.706, 1, 2857 MHz, 14001 MHz, 597.89 W, 68, 98 %, 471 MiB
2026/09/24 17:36:51.722, 0, 27 MHz, 405 MHz, 23.19 W, 47, 0 %, 3217 MiB
2026/09/24 17:36:51.722, 1, 2887 MHz, 14001 MHz, 593.92 W, 68, 98 %, 471 MiB
2026/09/24 17:36:52.726, 0, 28 MHz, 405 MHz, 23.26 W, 47, 0 %, 3217 MiB
2026/09/24 17:36:52.726, 1, 2895 MHz, 14001 MHz, 594.57 W, 68, 98 %, 471 MiB
2026/09/24 17:36:53.728, 0, 28 MHz, 405 MHz, 21.23 W, 47, 0 %, 3217 MiB
2026/09/24 17:36:53.728, 1, 2955 MHz, 14001 MHz, 232.65 W, 54, 0 %, 18 MiB
2026/09/24 17:36:54.728, 0, 43 MHz, 405 MHz, 24.19 W, 48, 0 %, 3217 MiB
2026/09/24 17:36:54.728, 1, 2955 MHz, 14001 MHz, 142.13 W, 54, 0 %, 18 MiB
2026/09/24 17:36:55.744, 0, 45 MHz, 405 MHz, 23.47 W, 48, 0 %, 3217 MiB
2026/09/24 17:36:55.744, 1, 2812 MHz, 14001 MHz, 119.89 W, 64, 94 %, 485 MiB
2026/09/24 17:36:56.750, 0, 42 MHz, 405 MHz, 25.59 W, 48, 1 %, 3217 MiB
2026/09/24 17:36:56.750, 1, 2932 MHz, 14001 MHz, 474.64 W, 62, 95 %, 485 MiB
2026/09/24 17:36:57.753, 0, 43 MHz, 405 MHz, 25.77 W, 48, 1 %, 3217 MiB
2026/09/24 17:36:57.753, 1, 2932 MHz, 14001 MHz, 424.75 W, 62, 96 %, 485 MiB
2026/09/24 17:36:58.767, 0, 31 MHz, 405 MHz, 20.77 W, 47, 0 %, 3217 MiB
2026/09/24 17:36:58.767, 1, 2932 MHz, 14001 MHz, 426.36 W, 62, 95 %, 485 MiB
2026/09/24 17:36:59.771, 0, 31 MHz, 405 MHz, 20.31 W, 47, 0 %, 3217 MiB
2026/09/24 17:36:59.771, 1, 2940 MHz, 14001 MHz, 295.10 W, 61, 96 %, 485 MiB
2026/09/24 17:37:00.773, 0, 33 MHz, 405 MHz, 21.62 W, 47, 0 %, 3217 MiB
2026/09/24 17:37:00.773, 1, 2932 MHz, 14001 MHz, 438.00 W, 62, 97 %, 485 MiB
2026/09/24 17:37:01.787, 0, 30 MHz, 405 MHz, 21.13 W, 47, 0 %, 3217 MiB
2026/09/24 17:37:01.787, 1, 2932 MHz, 14001 MHz, 436.51 W, 62, 96 %, 485 MiB
2026/09/24 17:37:02.796, 0, 30 MHz, 405 MHz, 21.28 W, 47, 0 %, 3217 MiB
2026/09/24 17:37:02.796, 1, 2932 MHz, 14001 MHz, 435.93 W, 62, 95 %, 485 MiB
2026/09/24 17:37:03.805, 0, 30 MHz, 405 MHz, 20.51 W, 47, 0 %, 3217 MiB
2026/09/24 17:37:03.805, 1, 2940 MHz, 14001 MHz, 299.12 W, 61, 96 %, 485 MiB
2026/09/24 17:37:04.820, 0, 30 MHz, 405 MHz, 20.64 W, 47, 0 %, 3217 MiB
2026/09/24 17:37:04.820, 1, 2932 MHz, 14001 MHz, 442.56 W, 62, 97 %, 485 MiB
2026/09/24 17:37:05.820, 0, 32 MHz, 405 MHz, 21.02 W, 47, 0 %, 3217 MiB
2026/09/24 17:37:05.820, 1, 2932 MHz, 14001 MHz, 441.99 W, 62, 97 %, 485 MiB
2026/09/24 17:37:06.830, 0, 32 MHz, 405 MHz, 20.74 W, 47, 0 %, 3217 MiB
2026/09/24 17:37:06.830, 1, 2932 MHz, 14001 MHz, 441.83 W, 62, 97 %, 485 MiB
2026/09/24 17:37:07.833, 0, 32 MHz, 405 MHz, 20.12 W, 47, 0 %, 3217 MiB
2026/09/24 17:37:07.833, 1, 2940 MHz, 14001 MHz, 315.76 W, 61, 96 %, 485 MiB
2026/09/24 17:37:08.835, 0, 32 MHz, 405 MHz, 20.23 W, 47, 0 %, 3217 MiB
2026/09/24 17:37:08.835, 1, 2932 MHz, 14001 MHz, 442.90 W, 62, 96 %, 485 MiB
2026/09/24 17:37:09.850, 0, 32 MHz, 405 MHz, 20.00 W, 47, 0 %, 3217 MiB
2026/09/24 17:37:09.850, 1, 2932 MHz, 14001 MHz, 442.90 W, 62, 97 %, 485 MiB
2026/09/24 17:37:10.854, 0, 32 MHz, 405 MHz, 19.65 W, 47, 0 %, 3217 MiB
2026/09/24 17:37:10.854, 1, 2932 MHz, 14001 MHz, 442.90 W, 62, 97 %, 485 MiB
2026/09/24 17:37:11.855, 0, 32 MHz, 405 MHz, 19.68 W, 47, 0 %, 3217 MiB
2026/09/24 17:37:11.855, 1, 2932 MHz, 14001 MHz, 316.57 W, 61, 97 %, 485 MiB
2026/09/24 17:37:12.868, 0, 32 MHz, 405 MHz, 20.44 W, 47, 0 %, 3217 MiB
2026/09/24 17:37:12.868, 1, 2932 MHz, 14001 MHz, 442.29 W, 62, 97 %, 485 MiB
2026/09/24 17:37:13.870, 0, 32 MHz, 405 MHz, 20.82 W, 47, 0 %, 3217 MiB
2026/09/24 17:37:13.870, 1, 2932 MHz, 14001 MHz, 442.53 W, 62, 97 %, 485 MiB
2026/09/24 17:37:14.874, 0, 33 MHz, 405 MHz, 20.32 W, 47, 0 %, 3217 MiB
2026/09/24 17:37:14.874, 1, 2932 MHz, 14001 MHz, 442.41 W, 62, 97 %, 485 MiB
2026/09/24 17:37:15.877, 0, 33 MHz, 405 MHz, 19.95 W, 47, 0 %, 3217 MiB
2026/09/24 17:37:15.877, 1, 2932 MHz, 14001 MHz, 314.49 W, 61, 96 %, 485 MiB
2026/09/24 17:37:16.892, 0, 33 MHz, 405 MHz, 20.69 W, 47, 0 %, 3217 MiB
2026/09/24 17:37:16.892, 1, 2932 MHz, 14001 MHz, 443.30 W, 62, 97 %, 485 MiB
2026/09/24 17:37:17.901, 0, 33 MHz, 405 MHz, 20.53 W, 47, 0 %, 3217 MiB
2026/09/24 17:37:17.901, 1, 2932 MHz, 14001 MHz, 443.65 W, 62, 97 %, 485 MiB
2026/09/24 17:37:18.908, 0, 33 MHz, 405 MHz, 20.28 W, 47, 0 %, 3217 MiB
2026/09/24 17:37:18.908, 1, 2932 MHz, 14001 MHz, 442.51 W, 62, 97 %, 485 MiB
2026/09/24 17:37:19.922, 0, 33 MHz, 405 MHz, 19.83 W, 47, 0 %, 3217 MiB
2026/09/24 17:37:19.922, 1, 2932 MHz, 14001 MHz, 326.53 W, 62, 97 %, 485 MiB
2026/09/24 17:37:20.936, 0, 33 MHz, 405 MHz, 20.19 W, 47, 0 %, 3217 MiB
2026/09/24 17:37:20.936, 1, 2932 MHz, 14001 MHz, 442.98 W, 62, 97 %, 485 MiB
2026/09/24 17:37:21.942, 0, 33 MHz, 405 MHz, 20.19 W, 47, 0 %, 3217 MiB
2026/09/24 17:37:21.942, 1, 2932 MHz, 14001 MHz, 442.12 W, 62, 96 %, 485 MiB
2026/09/24 17:37:22.945, 0, 32 MHz, 405 MHz, 20.47 W, 47, 0 %, 3217 MiB
2026/09/24 17:37:22.945, 1, 2932 MHz, 14001 MHz, 443.07 W, 62, 97 %, 485 MiB
2026/09/24 17:37:23.960, 0, 33 MHz, 405 MHz, 19.79 W, 47, 0 %, 3217 MiB
2026/09/24 17:37:23.960, 1, 2932 MHz, 14001 MHz, 326.11 W, 62, 97 %, 485 MiB
2026/09/24 17:37:24.964, 0, 32 MHz, 405 MHz, 20.16 W, 47, 0 %, 3217 MiB
2026/09/24 17:37:24.964, 1, 2932 MHz, 14001 MHz, 442.59 W, 62, 97 %, 485 MiB
2026/09/24 17:37:25.966, 0, 33 MHz, 405 MHz, 20.21 W, 47, 0 %, 3217 MiB
2026/09/24 17:37:25.966, 1, 2932 MHz, 14001 MHz, 442.79 W, 62, 97 %, 485 MiB
2026/09/24 17:37:26.972, 0, 32 MHz, 405 MHz, 20.04 W, 47, 0 %, 3217 MiB
2026/09/24 17:37:26.972, 1, 2932 MHz, 14001 MHz, 433.66 W, 60, 68 %, 485 MiB
2026/09/24 17:37:27.987, 0, 32 MHz, 405 MHz, 20.24 W, 47, 0 %, 3217 MiB
2026/09/24 17:37:27.987, 1, 2932 MHz, 14001 MHz, 326.66 W, 62, 97 %, 485 MiB
2026/09/24 17:37:29.002, 0, 34 MHz, 405 MHz, 20.21 W, 47, 0 %, 3217 MiB
2026/09/24 17:37:29.002, 1, 2932 MHz, 14001 MHz, 442.08 W, 62, 97 %, 485 MiB
2026/09/24 17:37:30.007, 0, 33 MHz, 405 MHz, 20.04 W, 47, 0 %, 3217 MiB
2026/09/24 17:37:30.007, 1, 2932 MHz, 14001 MHz, 441.89 W, 62, 97 %, 485 MiB
2026/09/24 17:37:31.012, 0, 33 MHz, 405 MHz, 19.47 W, 47, 0 %, 3217 MiB
2026/09/24 17:37:31.012, 1, 2940 MHz, 14001 MHz, 399.99 W, 55, 1 %, 485 MiB
2026/09/24 17:37:32.016, 0, 32 MHz, 405 MHz, 19.10 W, 47, 0 %, 3217 MiB
2026/09/24 17:37:32.016, 1, 2932 MHz, 14001 MHz, 335.48 W, 62, 96 %, 485 MiB
2026/09/24 17:37:33.018, 0, 33 MHz, 405 MHz, 19.57 W, 47, 0 %, 3217 MiB
2026/09/24 17:37:33.018, 1, 2932 MHz, 14001 MHz, 444.15 W, 62, 97 %, 485 MiB
2026/09/24 17:37:34.021, 0, 34 MHz, 405 MHz, 19.56 W, 47, 0 %, 3217 MiB
2026/09/24 17:37:34.021, 1, 2932 MHz, 14001 MHz, 443.24 W, 62, 97 %, 485 MiB
2026/09/24 17:37:35.025, 0, 33 MHz, 405 MHz, 19.36 W, 47, 0 %, 3217 MiB
2026/09/24 17:37:35.025, 1, 2947 MHz, 14001 MHz, 368.18 W, 54, 0 %, 485 MiB
2026/09/24 17:37:36.026, 0, 34 MHz, 405 MHz, 20.27 W, 47, 0 %, 3217 MiB
2026/09/24 17:37:36.026, 1, 2932 MHz, 14001 MHz, 396.41 W, 62, 96 %, 485 MiB
2026/09/24 17:37:37.027, 0, 32 MHz, 405 MHz, 19.86 W, 47, 0 %, 3217 MiB
2026/09/24 17:37:37.027, 1, 2932 MHz, 14001 MHz, 442.84 W, 62, 97 %, 485 MiB
2026/09/24 17:37:38.030, 0, 32 MHz, 405 MHz, 20.58 W, 47, 0 %, 3217 MiB
2026/09/24 17:37:38.030, 1, 2932 MHz, 14001 MHz, 442.53 W, 62, 97 %, 485 MiB
2026/09/24 17:37:39.034, 0, 33 MHz, 405 MHz, 20.09 W, 47, 0 %, 3217 MiB
2026/09/24 17:37:39.034, 1, 2955 MHz, 14001 MHz, 329.06 W, 53, 0 %, 485 MiB
2026/09/24 17:37:40.048, 0, 33 MHz, 405 MHz, 20.13 W, 47, 0 %, 3217 MiB
2026/09/24 17:37:40.048, 1, 2932 MHz, 14001 MHz, 398.61 W, 61, 97 %, 485 MiB
2026/09/24 17:37:41.062, 0, 32 MHz, 405 MHz, 20.53 W, 47, 0 %, 3217 MiB
2026/09/24 17:37:41.062, 1, 2932 MHz, 14001 MHz, 442.09 W, 62, 97 %, 485 MiB
2026/09/24 17:37:42.064, 0, 30 MHz, 405 MHz, 19.99 W, 47, 0 %, 3217 MiB
2026/09/24 17:37:42.064, 1, 2932 MHz, 14001 MHz, 442.04 W, 62, 97 %, 485 MiB
2026/09/24 17:37:43.067, 0, 30 MHz, 405 MHz, 19.78 W, 48, 0 %, 3217 MiB
2026/09/24 17:37:43.067, 1, 2955 MHz, 14001 MHz, 316.82 W, 58, 78 %, 485 MiB
2026/09/24 17:37:44.082, 0, 30 MHz, 405 MHz, 20.06 W, 47, 0 %, 3217 MiB
2026/09/24 17:37:44.082, 1, 2932 MHz, 14001 MHz, 433.40 W, 62, 97 %, 485 MiB
2026/09/24 17:37:45.088, 0, 33 MHz, 405 MHz, 19.92 W, 47, 0 %, 3217 MiB
2026/09/24 17:37:45.088, 1, 2932 MHz, 14001 MHz, 441.86 W, 62, 97 %, 485 MiB
2026/09/24 17:37:46.098, 0, 30 MHz, 405 MHz, 19.81 W, 47, 0 %, 3217 MiB
2026/09/24 17:37:46.098, 1, 2932 MHz, 14001 MHz, 441.36 W, 62, 96 %, 485 MiB
2026/09/24 17:37:47.106, 0, 30 MHz, 405 MHz, 19.75 W, 47, 0 %, 3217 MiB
2026/09/24 17:37:47.106, 1, 2947 MHz, 14001 MHz, 315.15 W, 60, 97 %, 485 MiB
2026/09/24 17:37:48.111, 0, 30 MHz, 405 MHz, 20.03 W, 47, 0 %, 3217 MiB
2026/09/24 17:37:48.111, 1, 2932 MHz, 14001 MHz, 442.67 W, 62, 97 %, 485 MiB
2026/09/24 17:37:49.116, 0, 30 MHz, 405 MHz, 20.59 W, 47, 0 %, 3217 MiB
2026/09/24 17:37:49.116, 1, 2932 MHz, 14001 MHz, 442.41 W, 62, 97 %, 485 MiB
2026/09/24 17:37:50.119, 0, 30 MHz, 405 MHz, 19.85 W, 47, 0 %, 3217 MiB
2026/09/24 17:37:50.119, 1, 2932 MHz, 14001 MHz, 442.16 W, 62, 96 %, 485 MiB
2026/09/24 17:37:51.128, 0, 30 MHz, 405 MHz, 19.67 W, 47, 0 %, 3217 MiB
2026/09/24 17:37:51.128, 1, 2932 MHz, 14001 MHz, 326.43 W, 61, 97 %, 485 MiB
2026/09/24 17:37:52.131, 0, 30 MHz, 405 MHz, 19.74 W, 47, 0 %, 3217 MiB
2026/09/24 17:37:52.131, 1, 2932 MHz, 14001 MHz, 443.75 W, 62, 96 %, 485 MiB
2026/09/24 17:37:53.135, 0, 30 MHz, 405 MHz, 19.59 W, 47, 0 %, 3217 MiB
2026/09/24 17:37:53.135, 1, 2932 MHz, 14001 MHz, 444.59 W, 62, 97 %, 485 MiB
2026/09/24 17:37:54.142, 0, 30 MHz, 405 MHz, 20.02 W, 47, 0 %, 3217 MiB
2026/09/24 17:37:54.142, 1, 2932 MHz, 14001 MHz, 444.11 W, 62, 97 %, 485 MiB
2026/09/24 17:37:55.145, 0, 30 MHz, 405 MHz, 19.99 W, 47, 0 %, 3217 MiB
2026/09/24 17:37:55.145, 1, 2932 MHz, 14001 MHz, 316.33 W, 61, 97 %, 485 MiB
2026/09/24 17:37:56.146, 0, 30 MHz, 405 MHz, 19.97 W, 47, 0 %, 3217 MiB
2026/09/24 17:37:56.146, 1, 2932 MHz, 14001 MHz, 443.47 W, 62, 97 %, 485 MiB
2026/09/24 17:37:57.151, 0, 31 MHz, 405 MHz, 19.75 W, 47, 0 %, 3217 MiB
2026/09/24 17:37:57.151, 1, 2932 MHz, 14001 MHz, 442.93 W, 62, 97 %, 485 MiB
2026/09/24 17:37:58.157, 0, 29 MHz, 405 MHz, 19.56 W, 47, 0 %, 3217 MiB
2026/09/24 17:37:58.157, 1, 2932 MHz, 14001 MHz, 443.48 W, 62, 97 %, 485 MiB
2026/09/24 17:37:59.159, 0, 29 MHz, 405 MHz, 19.46 W, 47, 0 %, 3217 MiB
2026/09/24 17:37:59.159, 1, 2932 MHz, 14001 MHz, 315.46 W, 61, 97 %, 485 MiB
2026/09/24 17:38:00.162, 0, 29 MHz, 405 MHz, 20.08 W, 47, 0 %, 3217 MiB
2026/09/24 17:38:00.162, 1, 2932 MHz, 14001 MHz, 444.45 W, 62, 97 %, 485 MiB
2026/09/24 17:38:01.168, 0, 30 MHz, 405 MHz, 20.21 W, 47, 0 %, 3217 MiB
2026/09/24 17:38:01.168, 1, 2932 MHz, 14001 MHz, 443.51 W, 62, 97 %, 485 MiB
2026/09/24 17:38:02.170, 0, 29 MHz, 405 MHz, 18.99 W, 47, 0 %, 3217 MiB
2026/09/24 17:38:02.170, 1, 2932 MHz, 14001 MHz, 442.60 W, 62, 97 %, 485 MiB
2026/09/24 17:38:03.174, 0, 29 MHz, 405 MHz, 19.68 W, 47, 0 %, 3217 MiB
2026/09/24 17:38:03.174, 1, 2932 MHz, 14001 MHz, 325.54 W, 61, 96 %, 485 MiB
2026/09/24 17:38:04.176, 0, 29 MHz, 405 MHz, 19.87 W, 47, 0 %, 3217 MiB
2026/09/24 17:38:04.176, 1, 2932 MHz, 14001 MHz, 443.11 W, 62, 97 %, 485 MiB
2026/09/24 17:38:05.181, 0, 29 MHz, 405 MHz, 19.94 W, 47, 0 %, 3217 MiB
2026/09/24 17:38:05.181, 1, 2932 MHz, 14001 MHz, 443.03 W, 62, 97 %, 485 MiB
2026/09/24 17:38:06.188, 0, 28 MHz, 405 MHz, 19.00 W, 47, 0 %, 3217 MiB
2026/09/24 17:38:06.188, 1, 2932 MHz, 14001 MHz, 423.01 W, 57, 39 %, 485 MiB
2026/09/24 17:38:07.191, 0, 28 MHz, 405 MHz, 19.66 W, 47, 0 %, 3217 MiB
2026/09/24 17:38:07.191, 1, 2932 MHz, 14001 MHz, 327.64 W, 61, 97 %, 485 MiB
2026/09/24 17:38:08.203, 0, 28 MHz, 405 MHz, 19.44 W, 47, 0 %, 3217 MiB
2026/09/24 17:38:08.203, 1, 2932 MHz, 14001 MHz, 444.50 W, 62, 97 %, 485 MiB
2026/09/24 17:38:09.206, 0, 28 MHz, 405 MHz, 19.89 W, 47, 0 %, 3217 MiB
2026/09/24 17:38:09.206, 1, 2932 MHz, 14001 MHz, 444.28 W, 62, 97 %, 485 MiB
2026/09/24 17:38:10.212, 0, 28 MHz, 405 MHz, 19.57 W, 47, 0 %, 3217 MiB
2026/09/24 17:38:10.212, 1, 2940 MHz, 14001 MHz, 383.27 W, 54, 1 %, 485 MiB
2026/09/24 17:38:11.216, 0, 28 MHz, 405 MHz, 19.65 W, 47, 0 %, 3217 MiB
2026/09/24 17:38:11.216, 1, 2932 MHz, 14001 MHz, 351.58 W, 62, 97 %, 485 MiB
2026/09/24 17:38:12.222, 0, 28 MHz, 405 MHz, 19.60 W, 47, 0 %, 3217 MiB
2026/09/24 17:38:12.222, 1, 2932 MHz, 14001 MHz, 442.37 W, 62, 97 %, 485 MiB
2026/09/24 17:38:13.237, 0, 28 MHz, 405 MHz, 19.63 W, 47, 0 %, 3217 MiB
2026/09/24 17:38:13.237, 1, 2932 MHz, 14001 MHz, 443.25 W, 62, 96 %, 485 MiB
2026/09/24 17:38:14.245, 0, 28 MHz, 405 MHz, 19.78 W, 47, 0 %, 3217 MiB
2026/09/24 17:38:14.245, 1, 2932 MHz, 14001 MHz, 312.24 W, 61, 1 %, 485 MiB
2026/09/24 17:38:15.246, 0, 28 MHz, 405 MHz, 19.86 W, 47, 0 %, 3217 MiB
2026/09/24 17:38:15.247, 1, 2932 MHz, 14001 MHz, 442.80 W, 62, 97 %, 485 MiB
2026/09/24 17:38:16.248, 0, 28 MHz, 405 MHz, 20.58 W, 48, 0 %, 3217 MiB
2026/09/24 17:38:16.248, 1, 2932 MHz, 14001 MHz, 443.10 W, 62, 97 %, 485 MiB
2026/09/24 17:38:17.253, 0, 28 MHz, 405 MHz, 20.42 W, 47, 0 %, 3217 MiB
2026/09/24 17:38:17.253, 1, 2932 MHz, 14001 MHz, 443.16 W, 62, 97 %, 485 MiB
2026/09/24 17:38:18.259, 0, 225 MHz, 405 MHz, 19.46 W, 47, 0 %, 3217 MiB
2026/09/24 17:38:18.259, 1, 2932 MHz, 14001 MHz, 315.16 W, 61, 45 %, 485 MiB
2026/09/24 17:38:19.260, 0, 28 MHz, 405 MHz, 19.70 W, 48, 0 %, 3217 MiB
2026/09/24 17:38:19.260, 1, 2932 MHz, 14001 MHz, 441.90 W, 62, 97 %, 485 MiB
2026/09/24 17:38:20.267, 0, 225 MHz, 405 MHz, 20.04 W, 47, 0 %, 3217 MiB
2026/09/24 17:38:20.267, 1, 2932 MHz, 14001 MHz, 441.85 W, 62, 97 %, 485 MiB
2026/09/24 17:38:21.272, 0, 28 MHz, 405 MHz, 20.65 W, 48, 0 %, 3217 MiB
2026/09/24 17:38:21.272, 1, 2932 MHz, 14001 MHz, 441.50 W, 62, 97 %, 485 MiB
2026/09/24 17:38:22.276, 0, 28 MHz, 405 MHz, 19.54 W, 48, 0 %, 3217 MiB
2026/09/24 17:38:22.276, 1, 2932 MHz, 14001 MHz, 327.07 W, 61, 97 %, 485 MiB
2026/09/24 17:38:23.282, 0, 225 MHz, 405 MHz, 20.17 W, 48, 0 %, 3217 MiB
2026/09/24 17:38:23.282, 1, 2932 MHz, 14001 MHz, 443.44 W, 62, 97 %, 485 MiB
2026/09/24 17:38:24.283, 0, 28 MHz, 405 MHz, 20.49 W, 48, 0 %, 3217 MiB
2026/09/24 17:38:24.283, 1, 2932 MHz, 14001 MHz, 443.47 W, 62, 97 %, 485 MiB
2026/09/24 17:38:25.284, 0, 28 MHz, 405 MHz, 20.31 W, 47, 0 %, 3217 MiB
2026/09/24 17:38:25.284, 1, 2940 MHz, 14001 MHz, 403.71 W, 55, 97 %, 485 MiB
2026/09/24 17:38:26.291, 0, 225 MHz, 405 MHz, 19.44 W, 48, 0 %, 3217 MiB
2026/09/24 17:38:26.291, 1, 2932 MHz, 14001 MHz, 320.50 W, 61, 97 %, 485 MiB
2026/09/24 17:38:27.294, 0, 28 MHz, 405 MHz, 20.47 W, 48, 0 %, 3217 MiB
2026/09/24 17:38:27.294, 1, 2932 MHz, 14001 MHz, 442.42 W, 62, 97 %, 485 MiB
2026/09/24 17:38:28.298, 0, 225 MHz, 405 MHz, 20.20 W, 47, 0 %, 3217 MiB
2026/09/24 17:38:28.298, 1, 2932 MHz, 14001 MHz, 442.36 W, 62, 97 %, 485 MiB
2026/09/24 17:38:29.305, 0, 28 MHz, 405 MHz, 20.00 W, 48, 0 %, 3217 MiB
2026/09/24 17:38:29.305, 1, 2940 MHz, 14001 MHz, 387.14 W, 54, 97 %, 485 MiB
2026/09/24 17:38:30.319, 0, 28 MHz, 405 MHz, 19.72 W, 48, 0 %, 3217 MiB
2026/09/24 17:38:30.319, 1, 2932 MHz, 14001 MHz, 378.91 W, 61, 97 %, 485 MiB
2026/09/24 17:38:31.332, 0, 28 MHz, 405 MHz, 20.26 W, 48, 0 %, 3217 MiB
2026/09/24 17:38:31.332, 1, 2932 MHz, 14001 MHz, 442.65 W, 62, 97 %, 485 MiB
2026/09/24 17:38:32.334, 0, 28 MHz, 405 MHz, 20.29 W, 48, 0 %, 3217 MiB
2026/09/24 17:38:32.334, 1, 2932 MHz, 14001 MHz, 442.49 W, 62, 97 %, 485 MiB
2026/09/24 17:38:33.343, 0, 28 MHz, 405 MHz, 20.25 W, 48, 0 %, 3217 MiB
2026/09/24 17:38:33.343, 1, 2955 MHz, 14001 MHz, 345.02 W, 53, 97 %, 485 MiB
2026/09/24 17:38:34.353, 0, 28 MHz, 405 MHz, 20.27 W, 48, 0 %, 3217 MiB
2026/09/24 17:38:34.353, 1, 2932 MHz, 14001 MHz, 411.42 W, 61, 97 %, 485 MiB
2026/09/24 17:38:35.357, 0, 36 MHz, 405 MHz, 20.98 W, 48, 1 %, 3217 MiB
2026/09/24 17:38:35.357, 1, 2932 MHz, 14001 MHz, 442.42 W, 62, 97 %, 485 MiB
2026/09/24 17:38:36.361, 0, 28 MHz, 405 MHz, 21.51 W, 47, 0 %, 3217 MiB
2026/09/24 17:38:36.361, 1, 2932 MHz, 14001 MHz, 442.26 W, 62, 97 %, 485 MiB
2026/09/24 17:38:37.368, 0, 30 MHz, 405 MHz, 20.82 W, 48, 0 %, 3205 MiB
2026/09/24 17:38:37.368, 1, 2955 MHz, 14001 MHz, 313.85 W, 53, 96 %, 485 MiB
2026/09/24 17:38:38.381, 0, 28 MHz, 405 MHz, 20.63 W, 48, 0 %, 3205 MiB
2026/09/24 17:38:38.381, 1, 2932 MHz, 14001 MHz, 413.74 W, 61, 97 %, 485 MiB
2026/09/24 17:38:39.383, 0, 28 MHz, 405 MHz, 20.68 W, 48, 0 %, 3205 MiB
2026/09/24 17:38:39.383, 1, 2932 MHz, 14001 MHz, 442.78 W, 62, 97 %, 485 MiB
2026/09/24 17:38:40.384, 0, 28 MHz, 405 MHz, 20.73 W, 48, 0 %, 3205 MiB
2026/09/24 17:38:40.384, 1, 2932 MHz, 14001 MHz, 441.52 W, 61, 97 %, 485 MiB
2026/09/24 17:38:41.392, 0, 28 MHz, 405 MHz, 20.58 W, 48, 0 %, 3205 MiB
2026/09/24 17:38:41.392, 1, 2947 MHz, 14001 MHz, 316.28 W, 59, 97 %, 485 MiB
2026/09/24 17:38:42.396, 0, 28 MHz, 405 MHz, 21.16 W, 48, 0 %, 3205 MiB
2026/09/24 17:38:42.396, 1, 2932 MHz, 14001 MHz, 441.67 W, 61, 97 %, 485 MiB
2026/09/24 17:38:43.411, 0, 28 MHz, 405 MHz, 20.34 W, 48, 0 %, 3205 MiB
2026/09/24 17:38:43.411, 1, 2932 MHz, 14001 MHz, 443.37 W, 62, 97 %, 485 MiB
2026/09/24 17:38:44.425, 0, 28 MHz, 405 MHz, 19.65 W, 47, 0 %, 3205 MiB
2026/09/24 17:38:44.425, 1, 2932 MHz, 14001 MHz, 442.27 W, 62, 97 %, 485 MiB
2026/09/24 17:38:45.426, 0, 28 MHz, 405 MHz, 19.62 W, 48, 0 %, 3205 MiB
2026/09/24 17:38:45.426, 1, 2940 MHz, 14001 MHz, 327.88 W, 60, 17 %, 485 MiB
2026/09/24 17:38:46.426, 0, 28 MHz, 405 MHz, 20.58 W, 48, 0 %, 3205 MiB
2026/09/24 17:38:46.426, 1, 2932 MHz, 14001 MHz, 443.13 W, 62, 96 %, 485 MiB
2026/09/24 17:38:47.429, 0, 27 MHz, 405 MHz, 21.09 W, 48, 0 %, 3205 MiB
2026/09/24 17:38:47.429, 1, 2932 MHz, 14001 MHz, 442.82 W, 62, 97 %, 485 MiB
2026/09/24 17:38:48.433, 0, 28 MHz, 405 MHz, 20.87 W, 48, 0 %, 3205 MiB
2026/09/24 17:38:48.433, 1, 2932 MHz, 14001 MHz, 442.85 W, 62, 97 %, 485 MiB
2026/09/24 17:38:49.449, 0, 28 MHz, 405 MHz, 20.18 W, 48, 0 %, 3205 MiB
2026/09/24 17:38:49.449, 1, 2932 MHz, 14001 MHz, 315.22 W, 61, 1 %, 485 MiB
2026/09/24 17:38:50.464, 0, 28 MHz, 405 MHz, 20.52 W, 48, 0 %, 3205 MiB
2026/09/24 17:38:50.464, 1, 2932 MHz, 14001 MHz, 442.24 W, 62, 97 %, 485 MiB
2026/09/24 17:38:51.467, 0, 28 MHz, 405 MHz, 20.80 W, 48, 0 %, 3205 MiB
2026/09/24 17:38:51.467, 1, 2932 MHz, 14001 MHz, 442.27 W, 62, 97 %, 485 MiB
2026/09/24 17:38:52.468, 0, 28 MHz, 405 MHz, 20.24 W, 47, 0 %, 3205 MiB
2026/09/24 17:38:52.468, 1, 2932 MHz, 14001 MHz, 442.38 W, 62, 97 %, 485 MiB
2026/09/24 17:38:53.473, 0, 28 MHz, 405 MHz, 20.48 W, 48, 0 %, 3205 MiB
2026/09/24 17:38:53.473, 1, 2932 MHz, 14001 MHz, 314.45 W, 61, 1 %, 485 MiB
2026/09/24 17:38:54.478, 0, 28 MHz, 405 MHz, 20.73 W, 48, 0 %, 3205 MiB
2026/09/24 17:38:54.478, 1, 2932 MHz, 14001 MHz, 440.53 W, 62, 96 %, 485 MiB
2026/09/24 17:38:55.493, 0, 28 MHz, 405 MHz, 20.40 W, 48, 0 %, 3205 MiB
2026/09/24 17:38:55.493, 1, 2932 MHz, 14001 MHz, 439.47 W, 62, 96 %, 485 MiB
2026/09/24 17:38:56.499, 0, 28 MHz, 405 MHz, 20.47 W, 48, 0 %, 3205 MiB
2026/09/24 17:38:56.499, 1, 2932 MHz, 14001 MHz, 439.99 W, 62, 95 %, 485 MiB
2026/09/24 17:38:57.502, 0, 28 MHz, 405 MHz, 20.18 W, 48, 0 %, 3205 MiB
2026/09/24 17:38:57.503, 1, 2932 MHz, 14001 MHz, 302.87 W, 61, 0 %, 485 MiB
2026/09/24 17:38:58.512, 0, 28 MHz, 405 MHz, 20.91 W, 48, 0 %, 3205 MiB
2026/09/24 17:38:58.512, 1, 2932 MHz, 14001 MHz, 440.16 W, 62, 95 %, 485 MiB
2026/09/24 17:38:59.514, 0, 28 MHz, 405 MHz, 20.26 W, 48, 0 %, 3205 MiB
2026/09/24 17:38:59.514, 1, 2932 MHz, 14001 MHz, 441.53 W, 62, 96 %, 485 MiB
2026/09/24 17:39:00.518, 0, 28 MHz, 405 MHz, 20.12 W, 47, 0 %, 3205 MiB
2026/09/24 17:39:00.518, 1, 2932 MHz, 14001 MHz, 441.15 W, 62, 96 %, 485 MiB
2026/09/24 17:39:01.530, 0, 28 MHz, 405 MHz, 20.41 W, 48, 0 %, 3205 MiB
2026/09/24 17:39:01.530, 1, 2932 MHz, 14001 MHz, 313.44 W, 61, 22 %, 485 MiB
2026/09/24 17:39:02.535, 0, 28 MHz, 405 MHz, 20.83 W, 48, 0 %, 3205 MiB
2026/09/24 17:39:02.535, 1, 2932 MHz, 14001 MHz, 439.84 W, 62, 96 %, 485 MiB
2026/09/24 17:39:03.538, 0, 28 MHz, 405 MHz, 20.87 W, 48, 0 %, 3205 MiB
2026/09/24 17:39:03.538, 1, 2932 MHz, 14001 MHz, 439.24 W, 62, 95 %, 485 MiB
2026/09/24 17:39:04.539, 0, 28 MHz, 405 MHz, 20.63 W, 48, 0 %, 3205 MiB
2026/09/24 17:39:04.539, 1, 2932 MHz, 14001 MHz, 442.38 W, 62, 96 %, 485 MiB
2026/09/24 17:39:05.551, 0, 28 MHz, 405 MHz, 20.23 W, 48, 0 %, 3205 MiB
2026/09/24 17:39:05.551, 1, 2932 MHz, 14001 MHz, 317.33 W, 61, 97 %, 485 MiB
2026/09/24 17:39:06.558, 0, 28 MHz, 405 MHz, 20.58 W, 48, 0 %, 3205 MiB
2026/09/24 17:39:06.558, 1, 2932 MHz, 14001 MHz, 442.06 W, 62, 97 %, 485 MiB
2026/09/24 17:39:07.565, 0, 28 MHz, 405 MHz, 20.99 W, 48, 0 %, 3205 MiB
2026/09/24 17:39:07.565, 1, 2932 MHz, 14001 MHz, 442.12 W, 62, 97 %, 485 MiB
2026/09/24 17:39:08.571, 0, 28 MHz, 405 MHz, 20.04 W, 47, 0 %, 3205 MiB
2026/09/24 17:39:08.571, 1, 2932 MHz, 14001 MHz, 413.24 W, 56, 96 %, 485 MiB
2026/09/24 17:39:09.578, 0, 28 MHz, 405 MHz, 19.75 W, 48, 0 %, 3205 MiB
2026/09/24 17:39:09.578, 1, 2932 MHz, 14001 MHz, 344.93 W, 62, 97 %, 485 MiB
2026/09/24 17:39:10.582, 0, 28 MHz, 405 MHz, 19.99 W, 48, 0 %, 3205 MiB
2026/09/24 17:39:10.582, 1, 2932 MHz, 14001 MHz, 442.94 W, 62, 97 %, 485 MiB
2026/09/24 17:39:11.583, 0, 225 MHz, 405 MHz, 19.98 W, 48, 0 %, 3205 MiB
2026/09/24 17:39:11.583, 1, 2932 MHz, 14001 MHz, 442.96 W, 62, 97 %, 485 MiB
2026/09/24 17:39:12.590, 0, 28 MHz, 405 MHz, 19.91 W, 48, 0 %, 3205 MiB
2026/09/24 17:39:12.590, 1, 2947 MHz, 14001 MHz, 370.02 W, 54, 97 %, 485 MiB
2026/09/24 17:39:13.603, 0, 28 MHz, 405 MHz, 20.09 W, 48, 0 %, 3205 MiB
2026/09/24 17:39:13.603, 1, 2932 MHz, 14001 MHz, 361.53 W, 62, 97 %, 485 MiB
2026/09/24 17:39:14.605, 0, 28 MHz, 405 MHz, 20.62 W, 48, 0 %, 3205 MiB
2026/09/24 17:39:14.605, 1, 2932 MHz, 14001 MHz, 443.12 W, 62, 97 %, 485 MiB
2026/09/24 17:39:15.608, 0, 28 MHz, 405 MHz, 19.82 W, 48, 0 %, 3205 MiB
2026/09/24 17:39:15.608, 1, 2932 MHz, 14001 MHz, 443.20 W, 62, 97 %, 485 MiB
2026/09/24 17:39:16.614, 0, 28 MHz, 405 MHz, 19.54 W, 48, 0 %, 3205 MiB
2026/09/24 17:39:16.614, 1, 2955 MHz, 14001 MHz, 334.79 W, 53, 96 %, 485 MiB
2026/09/24 17:39:17.620, 0, 32 MHz, 405 MHz, 19.86 W, 48, 0 %, 3205 MiB
2026/09/24 17:39:17.620, 1, 2932 MHz, 14001 MHz, 392.36 W, 62, 97 %, 485 MiB
2026/09/24 17:39:18.636, 0, 31 MHz, 405 MHz, 20.06 W, 48, 0 %, 3205 MiB
2026/09/24 17:39:18.636, 1, 2932 MHz, 14001 MHz, 443.59 W, 62, 97 %, 485 MiB
2026/09/24 17:39:19.640, 0, 32 MHz, 405 MHz, 19.96 W, 48, 0 %, 3205 MiB
2026/09/24 17:39:19.640, 1, 2932 MHz, 14001 MHz, 443.29 W, 62, 97 %, 485 MiB
2026/09/24 17:39:20.645, 0, 32 MHz, 405 MHz, 19.52 W, 48, 0 %, 3205 MiB
2026/09/24 17:39:20.645, 1, 2955 MHz, 14001 MHz, 319.26 W, 58, 97 %, 485 MiB
2026/09/24 17:39:21.646, 0, 33 MHz, 405 MHz, 20.58 W, 48, 0 %, 3205 MiB
2026/09/24 17:39:21.646, 1, 2932 MHz, 14001 MHz, 433.13 W, 62, 97 %, 485 MiB
2026/09/24 17:39:22.647, 0, 31 MHz, 405 MHz, 20.37 W, 48, 0 %, 3205 MiB
2026/09/24 17:39:22.647, 1, 2932 MHz, 14001 MHz, 443.56 W, 62, 97 %, 485 MiB
2026/09/24 17:39:23.656, 0, 30 MHz, 405 MHz, 20.62 W, 48, 0 %, 3205 MiB
2026/09/24 17:39:23.656, 1, 2932 MHz, 14001 MHz, 443.55 W, 62, 97 %, 485 MiB
2026/09/24 17:39:24.661, 0, 34 MHz, 405 MHz, 20.00 W, 48, 0 %, 3205 MiB
2026/09/24 17:39:24.661, 1, 2940 MHz, 14001 MHz, 316.47 W, 61, 43 %, 485 MiB
2026/09/24 17:39:25.664, 0, 30 MHz, 405 MHz, 20.12 W, 48, 0 %, 3205 MiB
2026/09/24 17:39:25.664, 1, 2932 MHz, 14001 MHz, 443.19 W, 62, 97 %, 485 MiB
2026/09/24 17:39:26.672, 0, 32 MHz, 405 MHz, 20.22 W, 48, 0 %, 3205 MiB
2026/09/24 17:39:26.672, 1, 2932 MHz, 14001 MHz, 442.73 W, 62, 97 %, 485 MiB
2026/09/24 17:39:27.674, 0, 30 MHz, 405 MHz, 20.54 W, 48, 0 %, 3205 MiB
2026/09/24 17:39:27.674, 1, 2932 MHz, 14001 MHz, 443.09 W, 62, 97 %, 485 MiB
2026/09/24 17:39:28.677, 0, 33 MHz, 405 MHz, 20.60 W, 48, 0 %, 3205 MiB
2026/09/24 17:39:28.677, 1, 2932 MHz, 14001 MHz, 327.41 W, 61, 1 %, 485 MiB
2026/09/24 17:39:29.680, 0, 31 MHz, 405 MHz, 20.23 W, 48, 0 %, 3205 MiB
2026/09/24 17:39:29.680, 1, 2932 MHz, 14001 MHz, 444.55 W, 62, 97 %, 485 MiB
2026/09/24 17:39:30.690, 0, 31 MHz, 405 MHz, 20.43 W, 48, 0 %, 3205 MiB
2026/09/24 17:39:30.690, 1, 2932 MHz, 14001 MHz, 444.76 W, 62, 97 %, 485 MiB
2026/09/24 17:39:31.693, 0, 31 MHz, 405 MHz, 20.22 W, 48, 0 %, 3205 MiB
2026/09/24 17:39:31.693, 1, 2932 MHz, 14001 MHz, 444.54 W, 62, 97 %, 485 MiB
2026/09/24 17:39:32.700, 0, 33 MHz, 405 MHz, 20.11 W, 48, 0 %, 3205 MiB
2026/09/24 17:39:32.700, 1, 2955 MHz, 14001 MHz, 174.77 W, 52, 1 %, 485 MiB
2026/09/24 17:39:33.703, 0, 34 MHz, 405 MHz, 19.78 W, 48, 0 %, 3205 MiB
2026/09/24 17:39:33.703, 1, 2970 MHz, 14001 MHz, 93.31 W, 52, 0 %, 18 MiB
2026/09/24 17:39:34.704, 0, 32 MHz, 405 MHz, 21.15 W, 48, 0 %, 3205 MiB
2026/09/24 17:39:34.704, 1, 457 MHz, 7001 MHz, 47.36 W, 49, 0 %, 18 MiB
2026/09/24 17:39:35.713, 0, 46 MHz, 405 MHz, 25.35 W, 48, 1 %, 3205 MiB
2026/09/24 17:39:35.713, 1, 412 MHz, 7001 MHz, 45.05 W, 49, 0 %, 18 MiB
2026/09/24 17:39:36.718, 0, 48 MHz, 405 MHz, 25.96 W, 48, 0 %, 3205 MiB
2026/09/24 17:39:36.718, 1, 1995 MHz, 14001 MHz, 74.76 W, 60, 0 %, 485 MiB
2026/09/24 17:39:37.720, 0, 46 MHz, 405 MHz, 26.24 W, 48, 0 %, 3205 MiB
2026/09/24 17:39:37.720, 1, 2932 MHz, 14001 MHz, 480.02 W, 60, 98 %, 485 MiB
2026/09/24 17:39:38.726, 0, 46 MHz, 405 MHz, 27.48 W, 48, 0 %, 3205 MiB
2026/09/24 17:39:38.726, 1, 2932 MHz, 14001 MHz, 424.83 W, 60, 97 %, 485 MiB
2026/09/24 17:39:39.730, 0, 382 MHz, 405 MHz, 27.41 W, 48, 0 %, 3205 MiB
2026/09/24 17:39:39.730, 1, 2932 MHz, 14001 MHz, 424.99 W, 61, 97 %, 485 MiB
2026/09/24 17:39:40.735, 0, 45 MHz, 405 MHz, 27.02 W, 48, 0 %, 3205 MiB
2026/09/24 17:39:40.735, 1, 2932 MHz, 14001 MHz, 435.44 W, 61, 97 %, 485 MiB
2026/09/24 17:39:41.750, 0, 382 MHz, 405 MHz, 26.55 W, 48, 0 %, 3205 MiB
2026/09/24 17:39:41.750, 1, 2932 MHz, 14001 MHz, 435.17 W, 61, 96 %, 485 MiB
2026/09/24 17:39:42.750, 0, 412 MHz, 405 MHz, 27.31 W, 48, 1 %, 3205 MiB
2026/09/24 17:39:42.750, 1, 2932 MHz, 14001 MHz, 436.09 W, 61, 97 %, 485 MiB
2026/09/24 17:39:43.755, 0, 405 MHz, 405 MHz, 28.02 W, 48, 1 %, 3205 MiB
2026/09/24 17:39:43.755, 1, 2932 MHz, 14001 MHz, 436.78 W, 62, 97 %, 485 MiB
2026/09/24 17:39:44.757, 0, 472 MHz, 405 MHz, 29.43 W, 48, 1 %, 3205 MiB
2026/09/24 17:39:44.757, 1, 2932 MHz, 14001 MHz, 439.32 W, 62, 97 %, 485 MiB
2026/09/24 17:39:45.772, 0, 375 MHz, 405 MHz, 29.67 W, 48, 1 %, 3205 MiB
2026/09/24 17:39:45.772, 1, 2932 MHz, 14001 MHz, 439.50 W, 62, 96 %, 485 MiB
2026/09/24 17:39:46.787, 0, 49 MHz, 405 MHz, 28.31 W, 48, 1 %, 3205 MiB
2026/09/24 17:39:46.787, 1, 2932 MHz, 14001 MHz, 440.19 W, 62, 97 %, 485 MiB
2026/09/24 17:39:47.799, 0, 450 MHz, 405 MHz, 28.87 W, 48, 1 %, 3205 MiB
2026/09/24 17:39:47.799, 1, 2970 MHz, 14001 MHz, 136.68 W, 52, 0 %, 18 MiB
2026/09/24 17:39:48.807, 0, 50 MHz, 405 MHz, 28.72 W, 48, 1 %, 3205 MiB
2026/09/24 17:39:48.807, 1, 2970 MHz, 14001 MHz, 132.73 W, 52, 0 %, 18 MiB
