timestamp, index, clocks.current.sm [MHz], clocks.current.memory [MHz], power.draw [W], temperature.gpu, utilization.gpu [%], memory.used [MiB]
2026/09/24 15:49:54.925, 0, 2580 MHz, 14001 MHz, 74.97 W, 55, 0 %, 3126 MiB
2026/09/24 15:49:54.928, 1, 2572 MHz, 14001 MHz, 56.28 W, 43, 0 %, 18 MiB
2026/09/24 15:49:55.940, 0, 615 MHz, 810 MHz, 61.32 W, 54, 1 %, 3126 MiB
2026/09/24 15:49:55.940, 1, 321 MHz, 14001 MHz, 57.80 W, 43, 0 %, 18 MiB
2026/09/24 15:49:56.942, 0, 487 MHz, 810 MHz, 37.72 W, 53, 1 %, 3128 MiB
2026/09/24 15:49:56.942, 1, 1822 MHz, 14001 MHz, 36.04 W, 43, 30 %, 2758 MiB
2026/09/24 15:49:57.945, 0, 540 MHz, 405 MHz, 37.16 W, 53, 4 %, 3203 MiB
2026/09/24 15:49:57.945, 1, 2782 MHz, 14001 MHz, 602.32 W, 61, 98 %, 2758 MiB
2026/09/24 15:49:58.950, 0, 495 MHz, 405 MHz, 41.42 W, 53, 1 %, 3203 MiB
2026/09/24 15:49:58.950, 1, 2782 MHz, 14001 MHz, 599.76 W, 61, 98 %, 2758 MiB
2026/09/24 15:49:59.950, 0, 375 MHz, 405 MHz, 36.66 W, 54, 2 %, 3170 MiB
2026/09/24 15:49:59.950, 1, 2775 MHz, 14001 MHz, 600.50 W, 62, 99 %, 2758 MiB
2026/09/24 15:50:00.965, 0, 57 MHz, 405 MHz, 35.85 W, 53, 2 %, 3155 MiB
2026/09/24 15:50:00.965, 1, 2767 MHz, 14001 MHz, 600.09 W, 63, 99 %, 2758 MiB
2026/09/24 15:50:01.967, 0, 435 MHz, 405 MHz, 35.25 W, 53, 1 %, 3137 MiB
2026/09/24 15:50:01.967, 1, 2760 MHz, 14001 MHz, 600.14 W, 63, 99 %, 2758 MiB
2026/09/24 15:50:02.971, 0, 307 MHz, 405 MHz, 35.31 W, 54, 0 %, 3137 MiB
2026/09/24 15:50:02.971, 1, 2760 MHz, 14001 MHz, 599.83 W, 63, 99 %, 2758 MiB
2026/09/24 15:50:03.974, 0, 480 MHz, 405 MHz, 34.44 W, 54, 2 %, 3126 MiB
2026/09/24 15:50:03.974, 1, 2760 MHz, 14001 MHz, 599.90 W, 64, 98 %, 2758 MiB
2026/09/24 15:50:04.981, 0, 472 MHz, 405 MHz, 36.14 W, 53, 2 %, 3096 MiB
2026/09/24 15:50:04.981, 1, 2760 MHz, 14001 MHz, 600.25 W, 65, 99 %, 2758 MiB
2026/09/24 15:50:05.985, 0, 420 MHz, 405 MHz, 39.08 W, 53, 2 %, 3096 MiB
2026/09/24 15:50:05.985, 1, 2752 MHz, 14001 MHz, 600.15 W, 65, 99 %, 2758 MiB
2026/09/24 15:50:06.992, 0, 37 MHz, 405 MHz, 31.71 W, 53, 0 %, 3096 MiB
2026/09/24 15:50:06.992, 1, 2752 MHz, 14001 MHz, 600.12 W, 66, 99 %, 2758 MiB
2026/09/24 15:50:07.997, 0, 442 MHz, 405 MHz, 35.33 W, 53, 2 %, 3129 MiB
2026/09/24 15:50:07.997, 1, 2752 MHz, 14001 MHz, 599.85 W, 66, 98 %, 2758 MiB
2026/09/24 15:50:09.002, 0, 427 MHz, 405 MHz, 41.28 W, 53, 0 %, 3142 MiB
2026/09/24 15:50:09.002, 1, 2745 MHz, 14001 MHz, 600.10 W, 66, 99 %, 2758 MiB
2026/09/24 15:50:10.008, 0, 450 MHz, 405 MHz, 41.16 W, 53, 1 %, 3142 MiB
2026/09/24 15:50:10.008, 1, 2745 MHz, 14001 MHz, 600.02 W, 67, 99 %, 2758 MiB
2026/09/24 15:50:11.012, 0, 472 MHz, 405 MHz, 41.10 W, 54, 1 %, 3134 MiB
2026/09/24 15:50:11.012, 1, 2745 MHz, 14001 MHz, 600.07 W, 67, 99 %, 2758 MiB
2026/09/24 15:50:12.015, 0, 457 MHz, 405 MHz, 40.66 W, 53, 1 %, 3125 MiB
2026/09/24 15:50:12.015, 1, 2745 MHz, 14001 MHz, 600.02 W, 66, 99 %, 2758 MiB
2026/09/24 15:50:13.024, 0, 442 MHz, 405 MHz, 40.77 W, 53, 0 %, 3118 MiB
2026/09/24 15:50:13.024, 1, 2745 MHz, 14001 MHz, 600.07 W, 67, 99 %, 2758 MiB
2026/09/24 15:50:14.038, 0, 495 MHz, 405 MHz, 42.21 W, 54, 1 %, 3107 MiB
2026/09/24 15:50:14.038, 1, 2745 MHz, 14001 MHz, 599.82 W, 67, 98 %, 2758 MiB
2026/09/24 15:50:15.041, 0, 472 MHz, 405 MHz, 41.26 W, 54, 1 %, 3107 MiB
2026/09/24 15:50:15.041, 1, 2745 MHz, 14001 MHz, 599.82 W, 66, 98 %, 2758 MiB
2026/09/24 15:50:16.043, 0, 517 MHz, 405 MHz, 41.36 W, 54, 1 %, 3106 MiB
2026/09/24 15:50:16.043, 1, 2745 MHz, 14001 MHz, 600.05 W, 66, 99 %, 2758 MiB
2026/09/24 15:50:17.050, 0, 435 MHz, 405 MHz, 40.72 W, 54, 1 %, 3106 MiB
2026/09/24 15:50:17.050, 1, 2745 MHz, 14001 MHz, 600.20 W, 67, 99 %, 2758 MiB
2026/09/24 15:50:18.064, 0, 435 MHz, 405 MHz, 41.14 W, 54, 0 %, 3106 MiB
2026/09/24 15:50:18.064, 1, 2737 MHz, 14001 MHz, 599.92 W, 67, 99 %, 2758 MiB
2026/09/24 15:50:19.067, 0, 457 MHz, 405 MHz, 41.56 W, 54, 1 %, 3107 MiB
2026/09/24 15:50:19.067, 1, 2745 MHz, 14001 MHz, 600.11 W, 67, 99 %, 2758 MiB
2026/09/24 15:50:20.074, 0, 435 MHz, 405 MHz, 41.08 W, 54, 0 %, 3115 MiB
2026/09/24 15:50:20.074, 1, 2737 MHz, 14001 MHz, 600.07 W, 67, 99 %, 2758 MiB
2026/09/24 15:50:21.077, 0, 412 MHz, 405 MHz, 41.47 W, 53, 0 %, 3117 MiB
2026/09/24 15:50:21.077, 1, 2737 MHz, 14001 MHz, 599.89 W, 67, 98 %, 2758 MiB
2026/09/24 15:50:22.085, 0, 450 MHz, 405 MHz, 40.53 W, 54, 1 %, 3117 MiB
2026/09/24 15:50:22.085, 1, 2737 MHz, 14001 MHz, 600.05 W, 67, 99 %, 2758 MiB
2026/09/24 15:50:23.087, 0, 412 MHz, 405 MHz, 40.70 W, 53, 0 %, 3117 MiB
2026/09/24 15:50:23.087, 1, 2737 MHz, 14001 MHz, 600.04 W, 67, 99 %, 2758 MiB
2026/09/24 15:50:24.102, 0, 450 MHz, 405 MHz, 40.99 W, 53, 0 %, 3114 MiB
2026/09/24 15:50:24.102, 1, 2737 MHz, 14001 MHz, 599.62 W, 67, 98 %, 2758 MiB
2026/09/24 15:50:25.117, 0, 495 MHz, 405 MHz, 41.63 W, 54, 1 %, 3112 MiB
2026/09/24 15:50:25.117, 1, 2737 MHz, 14001 MHz, 600.19 W, 67, 99 %, 2758 MiB
2026/09/24 15:50:26.131, 0, 525 MHz, 405 MHz, 41.17 W, 54, 1 %, 3112 MiB
2026/09/24 15:50:26.131, 1, 2745 MHz, 14001 MHz, 600.01 W, 68, 99 %, 2758 MiB
2026/09/24 15:50:27.136, 0, 487 MHz, 405 MHz, 41.10 W, 54, 1 %, 3115 MiB
2026/09/24 15:50:27.136, 1, 2737 MHz, 14001 MHz, 600.00 W, 67, 99 %, 2758 MiB
2026/09/24 15:50:28.139, 0, 442 MHz, 405 MHz, 40.38 W, 54, 0 %, 3130 MiB
2026/09/24 15:50:28.139, 1, 2730 MHz, 14001 MHz, 599.97 W, 68, 98 %, 2758 MiB
2026/09/24 15:50:29.150, 0, 352 MHz, 405 MHz, 38.52 W, 53, 1 %, 3130 MiB
2026/09/24 15:50:29.150, 1, 2737 MHz, 14001 MHz, 599.87 W, 68, 98 %, 2758 MiB
2026/09/24 15:50:30.165, 0, 35 MHz, 405 MHz, 25.22 W, 53, 1 %, 3130 MiB
2026/09/24 15:50:30.165, 1, 2730 MHz, 14001 MHz, 600.49 W, 68, 99 %, 2758 MiB
2026/09/24 15:50:31.169, 0, 292 MHz, 405 MHz, 25.70 W, 53, 0 %, 3130 MiB
2026/09/24 15:50:31.169, 1, 2730 MHz, 14001 MHz, 599.89 W, 68, 99 %, 2758 MiB
2026/09/24 15:50:32.184, 0, 33 MHz, 405 MHz, 26.06 W, 53, 0 %, 3130 MiB
2026/09/24 15:50:32.184, 1, 2730 MHz, 14001 MHz, 600.23 W, 68, 99 %, 2758 MiB
2026/09/24 15:50:33.188, 0, 34 MHz, 405 MHz, 23.60 W, 53, 0 %, 3130 MiB
2026/09/24 15:50:33.188, 1, 2730 MHz, 14001 MHz, 599.72 W, 67, 99 %, 2758 MiB
2026/09/24 15:50:34.192, 0, 31 MHz, 405 MHz, 25.07 W, 53, 0 %, 3130 MiB
2026/09/24 15:50:34.192, 1, 2730 MHz, 14001 MHz, 600.07 W, 68, 99 %, 2758 MiB
2026/09/24 15:50:35.195, 0, 30 MHz, 405 MHz, 22.57 W, 53, 0 %, 3136 MiB
2026/09/24 15:50:35.195, 1, 2730 MHz, 14001 MHz, 599.98 W, 68, 99 %, 2758 MiB
2026/09/24 15:50:36.198, 0, 33 MHz, 405 MHz, 26.27 W, 53, 0 %, 3136 MiB
2026/09/24 15:50:36.198, 1, 2730 MHz, 14001 MHz, 600.12 W, 68, 99 %, 2758 MiB
2026/09/24 15:50:37.200, 0, 33 MHz, 405 MHz, 24.84 W, 53, 0 %, 3136 MiB
2026/09/24 15:50:37.200, 1, 2730 MHz, 14001 MHz, 599.84 W, 68, 98 %, 2758 MiB
2026/09/24 15:50:38.202, 0, 37 MHz, 405 MHz, 25.50 W, 53, 0 %, 3136 MiB
2026/09/24 15:50:38.202, 1, 2722 MHz, 14001 MHz, 600.25 W, 68, 99 %, 2758 MiB
2026/09/24 15:50:39.206, 0, 36 MHz, 405 MHz, 23.06 W, 53, 0 %, 3136 MiB
2026/09/24 15:50:39.206, 1, 2722 MHz, 14001 MHz, 599.98 W, 68, 99 %, 2758 MiB
2026/09/24 15:50:40.212, 0, 35 MHz, 405 MHz, 22.02 W, 53, 0 %, 3136 MiB
2026/09/24 15:50:40.212, 1, 2925 MHz, 14001 MHz, 421.15 W, 55, 0 %, 18 MiB
2026/09/24 15:50:41.215, 0, 39 MHz, 405 MHz, 26.65 W, 53, 0 %, 3136 MiB
2026/09/24 15:50:41.215, 1, 2962 MHz, 14001 MHz, 116.74 W, 54, 0 %, 18 MiB
2026/09/24 15:50:42.220, 0, 37 MHz, 405 MHz, 26.68 W, 53, 0 %, 3136 MiB
2026/09/24 15:50:42.220, 1, 2017 MHz, 7001 MHz, 83.07 W, 51, 0 %, 3464 MiB
2026/09/24 15:50:43.228, 0, 40 MHz, 405 MHz, 28.48 W, 53, 0 %, 3117 MiB
2026/09/24 15:50:43.228, 1, 2677 MHz, 14001 MHz, 121.49 W, 63, 100 %, 3474 MiB
2026/09/24 15:50:44.243, 0, 892 MHz, 405 MHz, 49.41 W, 54, 2 %, 3297 MiB
2026/09/24 15:50:44.243, 1, 2730 MHz, 14001 MHz, 599.95 W, 68, 100 %, 3474 MiB
2026/09/24 15:50:45.246, 0, 1200 MHz, 405 MHz, 52.43 W, 54, 4 %, 3511 MiB
2026/09/24 15:50:45.246, 1, 2730 MHz, 14001 MHz, 599.83 W, 68, 100 %, 3474 MiB
2026/09/24 15:50:46.257, 0, 802 MHz, 14001 MHz, 46.94 W, 54, 2 %, 3221 MiB
2026/09/24 15:50:46.257, 1, 2730 MHz, 14001 MHz, 600.04 W, 68, 99 %, 3474 MiB
2026/09/24 15:50:47.260, 0, 2655 MHz, 14001 MHz, 77.44 W, 55, 1 %, 3354 MiB
2026/09/24 15:50:47.260, 1, 2730 MHz, 14001 MHz, 600.26 W, 68, 100 %, 3474 MiB
2026/09/24 15:50:48.262, 0, 2580 MHz, 14001 MHz, 74.47 W, 55, 1 %, 3397 MiB
2026/09/24 15:50:48.262, 1, 2730 MHz, 14001 MHz, 599.83 W, 68, 100 %, 3474 MiB
2026/09/24 15:50:49.263, 0, 592 MHz, 810 MHz, 46.34 W, 54, 2 %, 3397 MiB
2026/09/24 15:50:49.263, 1, 2722 MHz, 14001 MHz, 600.20 W, 68, 100 %, 3474 MiB
2026/09/24 15:50:50.269, 0, 435 MHz, 810 MHz, 35.46 W, 53, 1 %, 3392 MiB
2026/09/24 15:50:50.269, 1, 2722 MHz, 14001 MHz, 599.85 W, 68, 99 %, 3474 MiB
2026/09/24 15:50:51.281, 0, 315 MHz, 405 MHz, 30.31 W, 53, 1 %, 3385 MiB
2026/09/24 15:50:51.281, 1, 2722 MHz, 14001 MHz, 600.20 W, 68, 100 %, 3474 MiB
2026/09/24 15:50:52.283, 0, 322 MHz, 405 MHz, 26.55 W, 53, 2 %, 3385 MiB
2026/09/24 15:50:52.283, 1, 2722 MHz, 14001 MHz, 600.21 W, 68, 100 %, 3474 MiB
2026/09/24 15:50:53.296, 0, 315 MHz, 405 MHz, 26.84 W, 53, 3 %, 3385 MiB
2026/09/24 15:50:53.296, 1, 2722 MHz, 14001 MHz, 600.12 W, 68, 100 %, 3474 MiB
2026/09/24 15:50:54.303, 0, 300 MHz, 405 MHz, 28.20 W, 53, 2 %, 3380 MiB
2026/09/24 15:50:54.303, 1, 2722 MHz, 14001 MHz, 599.85 W, 69, 99 %, 3474 MiB
2026/09/24 15:50:55.305, 0, 322 MHz, 405 MHz, 37.70 W, 53, 4 %, 3237 MiB
2026/09/24 15:50:55.305, 1, 2722 MHz, 14001 MHz, 600.02 W, 69, 100 %, 3474 MiB
2026/09/24 15:50:56.321, 0, 390 MHz, 405 MHz, 36.70 W, 53, 1 %, 3231 MiB
2026/09/24 15:50:56.321, 1, 2722 MHz, 14001 MHz, 599.67 W, 69, 99 %, 3474 MiB
2026/09/24 15:50:57.335, 0, 480 MHz, 405 MHz, 39.31 W, 53, 1 %, 3239 MiB
2026/09/24 15:50:57.335, 1, 2722 MHz, 14001 MHz, 600.14 W, 68, 100 %, 3474 MiB
2026/09/24 15:50:58.338, 0, 352 MHz, 405 MHz, 37.31 W, 53, 0 %, 3239 MiB
2026/09/24 15:50:58.338, 1, 2722 MHz, 14001 MHz, 600.21 W, 69, 100 %, 3474 MiB
2026/09/24 15:50:59.339, 0, 56 MHz, 405 MHz, 37.32 W, 53, 0 %, 3233 MiB
2026/09/24 15:50:59.339, 1, 2715 MHz, 14001 MHz, 600.07 W, 69, 100 %, 3474 MiB
2026/09/24 15:51:00.355, 0, 43 MHz, 405 MHz, 31.70 W, 53, 0 %, 3233 MiB
2026/09/24 15:51:00.355, 1, 2722 MHz, 14001 MHz, 600.07 W, 69, 100 %, 3474 MiB
2026/09/24 15:51:01.367, 0, 42 MHz, 405 MHz, 31.43 W, 53, 1 %, 3231 MiB
2026/09/24 15:51:01.367, 1, 2715 MHz, 14001 MHz, 600.11 W, 69, 99 %, 3474 MiB
2026/09/24 15:51:02.382, 0, 285 MHz, 405 MHz, 28.14 W, 53, 0 %, 3231 MiB
2026/09/24 15:51:02.382, 1, 2715 MHz, 14001 MHz, 599.76 W, 69, 99 %, 3474 MiB
2026/09/24 15:51:03.384, 0, 472 MHz, 405 MHz, 31.04 W, 53, 0 %, 3220 MiB
2026/09/24 15:51:03.384, 1, 2715 MHz, 14001 MHz, 599.93 W, 68, 99 %, 3474 MiB
2026/09/24 15:51:04.385, 0, 465 MHz, 405 MHz, 36.54 W, 53, 1 %, 3235 MiB
2026/09/24 15:51:04.385, 1, 2715 MHz, 14001 MHz, 599.98 W, 69, 100 %, 3474 MiB
2026/09/24 15:51:05.386, 0, 300 MHz, 405 MHz, 34.24 W, 53, 0 %, 3235 MiB
2026/09/24 15:51:05.386, 1, 2715 MHz, 14001 MHz, 600.17 W, 69, 100 %, 3474 MiB
2026/09/24 15:51:06.389, 0, 322 MHz, 405 MHz, 34.00 W, 53, 2 %, 3235 MiB
2026/09/24 15:51:06.389, 1, 2715 MHz, 14001 MHz, 600.12 W, 69, 100 %, 3474 MiB
2026/09/24 15:51:07.395, 0, 330 MHz, 405 MHz, 33.62 W, 53, 1 %, 3235 MiB
2026/09/24 15:51:07.395, 1, 2715 MHz, 14001 MHz, 599.96 W, 69, 100 %, 3474 MiB
2026/09/24 15:51:08.402, 0, 292 MHz, 405 MHz, 31.42 W, 53, 0 %, 3238 MiB
2026/09/24 15:51:08.402, 1, 2715 MHz, 14001 MHz, 600.11 W, 69, 100 %, 3474 MiB
2026/09/24 15:51:09.409, 0, 37 MHz, 405 MHz, 34.53 W, 53, 1 %, 3245 MiB
2026/09/24 15:51:09.409, 1, 2715 MHz, 14001 MHz, 599.90 W, 69, 99 %, 3474 MiB
2026/09/24 15:51:10.410, 0, 300 MHz, 405 MHz, 32.96 W, 53, 1 %, 3244 MiB
2026/09/24 15:51:10.410, 1, 2707 MHz, 14001 MHz, 600.08 W, 69, 99 %, 3474 MiB
2026/09/24 15:51:11.415, 0, 36 MHz, 405 MHz, 29.52 W, 53, 1 %, 3241 MiB
2026/09/24 15:51:11.415, 1, 2707 MHz, 14001 MHz, 600.10 W, 69, 100 %, 3474 MiB
2026/09/24 15:51:12.418, 0, 30 MHz, 405 MHz, 27.94 W, 53, 0 %, 3238 MiB
2026/09/24 15:51:12.418, 1, 2715 MHz, 14001 MHz, 600.19 W, 69, 100 %, 3474 MiB
2026/09/24 15:51:13.420, 0, 472 MHz, 14001 MHz, 32.35 W, 54, 0 %, 3249 MiB
2026/09/24 15:51:13.420, 1, 2715 MHz, 14001 MHz, 600.08 W, 69, 100 %, 3474 MiB
2026/09/24 15:51:14.424, 0, 2602 MHz, 14001 MHz, 74.53 W, 55, 0 %, 3245 MiB
2026/09/24 15:51:14.424, 1, 2715 MHz, 14001 MHz, 599.88 W, 69, 100 %, 3474 MiB
2026/09/24 15:51:15.428, 0, 2610 MHz, 14001 MHz, 74.92 W, 55, 0 %, 3250 MiB
2026/09/24 15:51:15.428, 1, 2715 MHz, 14001 MHz, 599.92 W, 69, 100 %, 3474 MiB
2026/09/24 15:51:16.435, 0, 2602 MHz, 14001 MHz, 76.53 W, 55, 1 %, 3269 MiB
2026/09/24 15:51:16.435, 1, 2707 MHz, 14001 MHz, 600.12 W, 69, 100 %, 3474 MiB
2026/09/24 15:51:17.438, 0, 562 MHz, 810 MHz, 43.61 W, 54, 1 %, 3269 MiB
2026/09/24 15:51:17.438, 1, 2707 MHz, 14001 MHz, 599.89 W, 69, 100 %, 3474 MiB
2026/09/24 15:51:18.440, 0, 435 MHz, 405 MHz, 33.83 W, 53, 1 %, 3264 MiB
2026/09/24 15:51:18.440, 1, 2707 MHz, 14001 MHz, 599.91 W, 69, 99 %, 3474 MiB
2026/09/24 15:51:19.441, 0, 36 MHz, 405 MHz, 30.27 W, 53, 1 %, 3263 MiB
2026/09/24 15:51:19.441, 1, 2707 MHz, 14001 MHz, 599.93 W, 69, 100 %, 3474 MiB
2026/09/24 15:51:20.450, 0, 375 MHz, 405 MHz, 27.55 W, 53, 2 %, 3262 MiB
2026/09/24 15:51:20.450, 1, 2715 MHz, 14001 MHz, 599.99 W, 69, 100 %, 3474 MiB
2026/09/24 15:51:21.451, 0, 307 MHz, 405 MHz, 37.99 W, 53, 3 %, 3242 MiB
2026/09/24 15:51:21.451, 1, 2715 MHz, 14001 MHz, 600.02 W, 69, 100 %, 3474 MiB
2026/09/24 15:51:22.462, 0, 697 MHz, 405 MHz, 37.06 W, 54, 1 %, 3257 MiB
2026/09/24 15:51:22.462, 1, 2715 MHz, 14001 MHz, 600.09 W, 69, 100 %, 3474 MiB
2026/09/24 15:51:23.476, 0, 375 MHz, 405 MHz, 39.86 W, 53, 0 %, 3257 MiB
2026/09/24 15:51:23.476, 1, 2715 MHz, 14001 MHz, 600.01 W, 69, 100 %, 3474 MiB
2026/09/24 15:51:24.485, 0, 360 MHz, 405 MHz, 37.84 W, 53, 0 %, 3251 MiB
2026/09/24 15:51:24.485, 1, 2707 MHz, 14001 MHz, 600.09 W, 69, 100 %, 3474 MiB
2026/09/24 15:51:25.497, 0, 352 MHz, 405 MHz, 36.69 W, 53, 0 %, 3238 MiB
2026/09/24 15:51:25.497, 1, 2707 MHz, 14001 MHz, 600.21 W, 69, 99 %, 3474 MiB
2026/09/24 15:51:26.500, 0, 352 MHz, 405 MHz, 37.36 W, 53, 0 %, 3226 MiB
2026/09/24 15:51:26.500, 1, 2707 MHz, 14001 MHz, 599.70 W, 69, 99 %, 3474 MiB
2026/09/24 15:51:27.503, 0, 38 MHz, 405 MHz, 35.56 W, 53, 1 %, 3226 MiB
2026/09/24 15:51:27.503, 1, 2707 MHz, 14001 MHz, 599.86 W, 69, 100 %, 3474 MiB
2026/09/24 15:51:28.506, 0, 30 MHz, 405 MHz, 29.01 W, 53, 0 %, 3223 MiB
2026/09/24 15:51:28.506, 1, 2707 MHz, 14001 MHz, 600.06 W, 69, 100 %, 3474 MiB
2026/09/24 15:51:29.520, 0, 300 MHz, 405 MHz, 31.83 W, 53, 2 %, 3220 MiB
2026/09/24 15:51:29.520, 1, 2715 MHz, 14001 MHz, 600.05 W, 69, 100 %, 3474 MiB
2026/09/24 15:51:30.532, 0, 38 MHz, 405 MHz, 34.40 W, 53, 0 %, 3220 MiB
2026/09/24 15:51:30.532, 1, 2707 MHz, 14001 MHz, 600.12 W, 69, 100 %, 3474 MiB
2026/09/24 15:51:31.537, 0, 570 MHz, 405 MHz, 31.76 W, 53, 0 %, 3231 MiB
2026/09/24 15:51:31.537, 1, 2715 MHz, 14001 MHz, 599.94 W, 69, 100 %, 3474 MiB
2026/09/24 15:51:32.540, 0, 2610 MHz, 14001 MHz, 70.11 W, 55, 0 %, 3264 MiB
2026/09/24 15:51:32.540, 1, 2707 MHz, 14001 MHz, 599.96 W, 69, 100 %, 3474 MiB
2026/09/24 15:51:33.553, 0, 2587 MHz, 14001 MHz, 74.37 W, 55, 0 %, 3263 MiB
2026/09/24 15:51:33.553, 1, 2707 MHz, 14001 MHz, 600.04 W, 69, 100 %, 3474 MiB
2026/09/24 15:51:34.558, 0, 2595 MHz, 14001 MHz, 76.01 W, 55, 1 %, 3242 MiB
2026/09/24 15:51:34.558, 1, 2707 MHz, 14001 MHz, 599.77 W, 69, 99 %, 3474 MiB
2026/09/24 15:51:35.564, 0, 2587 MHz, 14001 MHz, 74.38 W, 55, 0 %, 3238 MiB
2026/09/24 15:51:35.564, 1, 2707 MHz, 14001 MHz, 600.07 W, 69, 100 %, 3474 MiB
2026/09/24 15:51:36.571, 0, 502 MHz, 810 MHz, 42.12 W, 53, 2 %, 3233 MiB
2026/09/24 15:51:36.571, 1, 2707 MHz, 14001 MHz, 599.88 W, 69, 100 %, 3474 MiB
2026/09/24 15:51:37.572, 0, 420 MHz, 810 MHz, 37.22 W, 53, 2 %, 3207 MiB
2026/09/24 15:51:37.572, 1, 2707 MHz, 14001 MHz, 599.94 W, 69, 100 %, 3474 MiB
2026/09/24 15:51:38.579, 0, 585 MHz, 405 MHz, 40.83 W, 54, 3 %, 3226 MiB
2026/09/24 15:51:38.579, 1, 2707 MHz, 14001 MHz, 600.04 W, 69, 100 %, 3474 MiB
2026/09/24 15:51:39.580, 0, 60 MHz, 405 MHz, 42.45 W, 53, 2 %, 3227 MiB
2026/09/24 15:51:39.580, 1, 2707 MHz, 14001 MHz, 600.13 W, 69, 100 %, 3474 MiB
2026/09/24 15:51:40.592, 0, 532 MHz, 405 MHz, 39.65 W, 54, 1 %, 3227 MiB
2026/09/24 15:51:40.592, 1, 2707 MHz, 14001 MHz, 599.95 W, 69, 100 %, 3474 MiB
2026/09/24 15:51:41.596, 0, 315 MHz, 405 MHz, 39.02 W, 54, 1 %, 3233 MiB
2026/09/24 15:51:41.596, 1, 2707 MHz, 14001 MHz, 600.06 W, 69, 100 %, 3474 MiB
2026/09/24 15:51:42.604, 0, 615 MHz, 14001 MHz, 43.37 W, 54, 5 %, 3280 MiB
2026/09/24 15:51:42.604, 1, 2707 MHz, 14001 MHz, 599.96 W, 69, 100 %, 3474 MiB
2026/09/24 15:51:43.609, 0, 2632 MHz, 14001 MHz, 77.89 W, 55, 1 %, 3281 MiB
2026/09/24 15:51:43.609, 1, 2707 MHz, 14001 MHz, 600.06 W, 69, 100 %, 3474 MiB
2026/09/24 15:51:44.611, 0, 2587 MHz, 14001 MHz, 75.04 W, 55, 0 %, 3326 MiB
2026/09/24 15:51:44.611, 1, 2707 MHz, 14001 MHz, 599.59 W, 70, 99 %, 3474 MiB
2026/09/24 15:51:45.613, 0, 2587 MHz, 14001 MHz, 75.83 W, 55, 2 %, 3311 MiB
2026/09/24 15:51:45.613, 1, 2707 MHz, 14001 MHz, 600.15 W, 69, 100 %, 3474 MiB
2026/09/24 15:51:46.617, 0, 907 MHz, 810 MHz, 47.23 W, 54, 2 %, 3308 MiB
2026/09/24 15:51:46.617, 1, 2707 MHz, 14001 MHz, 599.83 W, 69, 100 %, 3474 MiB
2026/09/24 15:51:47.632, 0, 502 MHz, 810 MHz, 35.14 W, 53, 1 %, 3314 MiB
2026/09/24 15:51:47.632, 1, 2707 MHz, 14001 MHz, 600.02 W, 69, 99 %, 3474 MiB
2026/09/24 15:51:48.639, 0, 2610 MHz, 14001 MHz, 51.43 W, 55, 3 %, 3286 MiB
2026/09/24 15:51:48.639, 1, 2707 MHz, 14001 MHz, 600.10 W, 69, 100 %, 3474 MiB
2026/09/24 15:51:49.654, 0, 2595 MHz, 14001 MHz, 75.63 W, 55, 1 %, 3291 MiB
2026/09/24 15:51:49.654, 1, 2715 MHz, 14001 MHz, 600.06 W, 69, 100 %, 3474 MiB
2026/09/24 15:51:50.657, 0, 2602 MHz, 14001 MHz, 74.72 W, 55, 1 %, 3283 MiB
2026/09/24 15:51:50.657, 1, 2707 MHz, 14001 MHz, 599.92 W, 69, 100 %, 3474 MiB
2026/09/24 15:51:51.661, 0, 2580 MHz, 14001 MHz, 73.58 W, 55, 0 %, 3276 MiB
2026/09/24 15:51:51.661, 1, 2707 MHz, 14001 MHz, 600.05 W, 69, 100 %, 3474 MiB
2026/09/24 15:51:52.667, 0, 55 MHz, 810 MHz, 39.60 W, 54, 0 %, 3260 MiB
2026/09/24 15:51:52.667, 1, 2707 MHz, 14001 MHz, 599.93 W, 69, 100 %, 3474 MiB
2026/09/24 15:51:53.682, 0, 32 MHz, 405 MHz, 29.61 W, 53, 0 %, 3253 MiB
2026/09/24 15:51:53.682, 1, 2707 MHz, 14001 MHz, 599.69 W, 69, 100 %, 3474 MiB
2026/09/24 15:51:54.682, 0, 510 MHz, 405 MHz, 27.25 W, 53, 0 %, 3235 MiB
2026/09/24 15:51:54.682, 1, 2707 MHz, 14001 MHz, 599.87 W, 69, 100 %, 3474 MiB
2026/09/24 15:51:55.687, 0, 47 MHz, 405 MHz, 27.01 W, 53, 0 %, 3232 MiB
2026/09/24 15:51:55.687, 1, 2707 MHz, 14001 MHz, 599.87 W, 69, 100 %, 3474 MiB
2026/09/24 15:51:56.691, 0, 42 MHz, 405 MHz, 33.29 W, 53, 1 %, 3234 MiB
2026/09/24 15:51:56.691, 1, 2707 MHz, 14001 MHz, 600.04 W, 69, 100 %, 3474 MiB
2026/09/24 15:51:57.695, 0, 33 MHz, 405 MHz, 27.85 W, 53, 0 %, 3234 MiB
2026/09/24 15:51:57.695, 1, 2707 MHz, 14001 MHz, 600.00 W, 69, 100 %, 3474 MiB
2026/09/24 15:51:58.696, 0, 35 MHz, 405 MHz, 25.04 W, 53, 0 %, 3233 MiB
2026/09/24 15:51:58.696, 1, 2707 MHz, 14001 MHz, 600.05 W, 69, 100 %, 3474 MiB
2026/09/24 15:51:59.702, 0, 33 MHz, 405 MHz, 22.46 W, 53, 0 %, 3233 MiB
2026/09/24 15:51:59.702, 1, 2707 MHz, 14001 MHz, 600.04 W, 69, 100 %, 3474 MiB
2026/09/24 15:52:00.706, 0, 28 MHz, 405 MHz, 21.59 W, 53, 0 %, 3233 MiB
2026/09/24 15:52:00.706, 1, 2707 MHz, 14001 MHz, 600.10 W, 69, 100 %, 3474 MiB
2026/09/24 15:52:01.708, 0, 32 MHz, 405 MHz, 23.54 W, 53, 0 %, 3224 MiB
2026/09/24 15:52:01.708, 1, 2707 MHz, 14001 MHz, 599.92 W, 69, 100 %, 3474 MiB
2026/09/24 15:52:02.721, 0, 28 MHz, 405 MHz, 27.92 W, 53, 1 %, 3224 MiB
2026/09/24 15:52:02.721, 1, 2707 MHz, 14001 MHz, 600.03 W, 69, 100 %, 3474 MiB
2026/09/24 15:52:03.727, 0, 28 MHz, 405 MHz, 25.36 W, 53, 0 %, 3224 MiB
2026/09/24 15:52:03.727, 1, 2707 MHz, 14001 MHz, 600.03 W, 69, 100 %, 3474 MiB
2026/09/24 15:52:04.735, 0, 28 MHz, 405 MHz, 25.61 W, 53, 0 %, 3224 MiB
2026/09/24 15:52:04.735, 1, 2707 MHz, 14001 MHz, 599.93 W, 69, 100 %, 3474 MiB
2026/09/24 15:52:05.736, 0, 33 MHz, 405 MHz, 25.42 W, 53, 0 %, 3224 MiB
2026/09/24 15:52:05.736, 1, 2707 MHz, 14001 MHz, 599.96 W, 69, 100 %, 3474 MiB
2026/09/24 15:52:06.739, 0, 31 MHz, 405 MHz, 25.81 W, 53, 0 %, 3224 MiB
2026/09/24 15:52:06.739, 1, 2707 MHz, 14001 MHz, 599.99 W, 69, 100 %, 3474 MiB
2026/09/24 15:52:07.753, 0, 32 MHz, 405 MHz, 25.73 W, 53, 0 %, 3220 MiB
2026/09/24 15:52:07.753, 1, 2707 MHz, 14001 MHz, 600.08 W, 69, 100 %, 3474 MiB
2026/09/24 15:52:08.766, 0, 34 MHz, 405 MHz, 25.53 W, 53, 0 %, 3220 MiB
2026/09/24 15:52:08.766, 1, 2707 MHz, 14001 MHz, 600.22 W, 70, 100 %, 3474 MiB
2026/09/24 15:52:09.769, 0, 31 MHz, 405 MHz, 25.99 W, 53, 0 %, 3220 MiB
2026/09/24 15:52:09.769, 1, 2707 MHz, 14001 MHz, 599.67 W, 70, 100 %, 3474 MiB
2026/09/24 15:52:10.784, 0, 31 MHz, 405 MHz, 25.83 W, 53, 0 %, 3220 MiB
2026/09/24 15:52:10.784, 1, 2707 MHz, 14001 MHz, 599.85 W, 70, 100 %, 3474 MiB
2026/09/24 15:52:11.787, 0, 31 MHz, 405 MHz, 25.36 W, 53, 0 %, 3220 MiB
2026/09/24 15:52:11.787, 1, 2707 MHz, 14001 MHz, 600.11 W, 69, 100 %, 3474 MiB
2026/09/24 15:52:12.802, 0, 35 MHz, 405 MHz, 25.35 W, 53, 0 %, 3220 MiB
2026/09/24 15:52:12.802, 1, 2707 MHz, 14001 MHz, 600.16 W, 69, 100 %, 3474 MiB
2026/09/24 15:52:13.807, 0, 31 MHz, 405 MHz, 25.83 W, 53, 0 %, 3220 MiB
2026/09/24 15:52:13.807, 1, 2707 MHz, 14001 MHz, 599.94 W, 69, 100 %, 3474 MiB
2026/09/24 15:52:14.809, 0, 39 MHz, 405 MHz, 26.00 W, 53, 0 %, 3220 MiB
2026/09/24 15:52:14.809, 1, 2707 MHz, 14001 MHz, 600.13 W, 69, 100 %, 3474 MiB
2026/09/24 15:52:15.817, 0, 36 MHz, 405 MHz, 25.70 W, 53, 0 %, 3217 MiB
2026/09/24 15:52:15.817, 1, 2707 MHz, 14001 MHz, 600.04 W, 69, 100 %, 3474 MiB
2026/09/24 15:52:16.819, 0, 38 MHz, 405 MHz, 25.65 W, 53, 0 %, 3217 MiB
2026/09/24 15:52:16.819, 1, 2707 MHz, 14001 MHz, 600.05 W, 69, 100 %, 3474 MiB
2026/09/24 15:52:17.819, 0, 36 MHz, 405 MHz, 25.52 W, 53, 0 %, 3217 MiB
2026/09/24 15:52:17.819, 1, 2707 MHz, 14001 MHz, 600.08 W, 70, 100 %, 3474 MiB
2026/09/24 15:52:18.823, 0, 32 MHz, 405 MHz, 26.28 W, 53, 0 %, 3217 MiB
2026/09/24 15:52:18.823, 1, 2707 MHz, 14001 MHz, 599.68 W, 69, 100 %, 3474 MiB
2026/09/24 15:52:19.825, 0, 34 MHz, 405 MHz, 26.21 W, 53, 0 %, 3217 MiB
2026/09/24 15:52:19.825, 1, 2707 MHz, 14001 MHz, 599.88 W, 69, 100 %, 3474 MiB
2026/09/24 15:52:20.826, 0, 292 MHz, 405 MHz, 26.03 W, 53, 0 %, 3217 MiB
2026/09/24 15:52:20.826, 1, 2707 MHz, 14001 MHz, 599.92 W, 70, 100 %, 3474 MiB
2026/09/24 15:52:21.840, 0, 38 MHz, 405 MHz, 26.05 W, 53, 0 %, 3217 MiB
2026/09/24 15:52:21.840, 1, 2707 MHz, 14001 MHz, 599.97 W, 69, 100 %, 3474 MiB
2026/09/24 15:52:22.841, 0, 33 MHz, 405 MHz, 25.58 W, 53, 0 %, 3217 MiB
2026/09/24 15:52:22.841, 1, 2707 MHz, 14001 MHz, 599.86 W, 70, 100 %, 3474 MiB
2026/09/24 15:52:23.848, 0, 41 MHz, 405 MHz, 25.32 W, 53, 0 %, 3217 MiB
2026/09/24 15:52:23.848, 1, 2707 MHz, 14001 MHz, 600.01 W, 69, 100 %, 3474 MiB
2026/09/24 15:52:24.854, 0, 40 MHz, 405 MHz, 26.11 W, 53, 0 %, 3217 MiB
2026/09/24 15:52:24.854, 1, 2707 MHz, 14001 MHz, 599.90 W, 69, 100 %, 3474 MiB
2026/09/24 15:52:25.868, 0, 40 MHz, 405 MHz, 25.61 W, 53, 0 %, 3217 MiB
2026/09/24 15:52:25.868, 1, 2707 MHz, 14001 MHz, 599.90 W, 69, 100 %, 3474 MiB
2026/09/24 15:52:26.872, 0, 40 MHz, 405 MHz, 25.35 W, 53, 0 %, 3217 MiB
2026/09/24 15:52:26.872, 1, 2707 MHz, 14001 MHz, 600.05 W, 70, 100 %, 3474 MiB
2026/09/24 15:52:27.880, 0, 38 MHz, 405 MHz, 25.32 W, 53, 0 %, 3217 MiB
2026/09/24 15:52:27.880, 1, 2707 MHz, 14001 MHz, 600.18 W, 70, 100 %, 3474 MiB
2026/09/24 15:52:28.881, 0, 42 MHz, 405 MHz, 26.22 W, 53, 0 %, 3217 MiB
2026/09/24 15:52:28.881, 1, 2707 MHz, 14001 MHz, 600.16 W, 70, 100 %, 3474 MiB
2026/09/24 15:52:29.896, 0, 285 MHz, 405 MHz, 26.60 W, 53, 0 %, 3217 MiB
2026/09/24 15:52:29.896, 1, 2707 MHz, 14001 MHz, 600.18 W, 70, 100 %, 3474 MiB
2026/09/24 15:52:30.899, 0, 36 MHz, 405 MHz, 25.97 W, 53, 0 %, 3217 MiB
2026/09/24 15:52:30.899, 1, 2707 MHz, 14001 MHz, 599.97 W, 70, 100 %, 3474 MiB
2026/09/24 15:52:31.906, 0, 36 MHz, 405 MHz, 25.72 W, 53, 0 %, 3217 MiB
2026/09/24 15:52:31.906, 1, 2707 MHz, 14001 MHz, 600.17 W, 70, 100 %, 3474 MiB
2026/09/24 15:52:32.915, 0, 99 MHz, 405 MHz, 27.65 W, 53, 9 %, 3250 MiB
2026/09/24 15:52:32.915, 1, 2707 MHz, 14001 MHz, 599.96 W, 69, 100 %, 3474 MiB
2026/09/24 15:52:33.922, 0, 39 MHz, 405 MHz, 29.59 W, 53, 0 %, 3250 MiB
2026/09/24 15:52:33.922, 1, 2707 MHz, 14001 MHz, 600.03 W, 69, 100 %, 3474 MiB
2026/09/24 15:52:34.924, 0, 52 MHz, 405 MHz, 21.43 W, 53, 1 %, 3254 MiB
2026/09/24 15:52:34.924, 1, 2707 MHz, 14001 MHz, 600.13 W, 69, 100 %, 3474 MiB
2026/09/24 15:52:35.928, 0, 41 MHz, 405 MHz, 31.65 W, 53, 0 %, 3252 MiB
2026/09/24 15:52:35.928, 1, 2707 MHz, 14001 MHz, 600.16 W, 69, 100 %, 3474 MiB
2026/09/24 15:52:36.933, 0, 76 MHz, 405 MHz, 28.21 W, 53, 2 %, 3251 MiB
2026/09/24 15:52:36.933, 1, 2707 MHz, 14001 MHz, 599.89 W, 69, 100 %, 3474 MiB
2026/09/24 15:52:37.947, 0, 40 MHz, 405 MHz, 22.24 W, 53, 0 %, 3251 MiB
2026/09/24 15:52:37.947, 1, 2707 MHz, 14001 MHz, 599.84 W, 70, 100 %, 3474 MiB
2026/09/24 15:52:38.955, 0, 36 MHz, 405 MHz, 24.67 W, 53, 0 %, 3241 MiB
2026/09/24 15:52:38.955, 1, 2707 MHz, 14001 MHz, 599.95 W, 69, 100 %, 3474 MiB
2026/09/24 15:52:39.957, 0, 442 MHz, 405 MHz, 38.45 W, 53, 1 %, 3245 MiB
2026/09/24 15:52:39.957, 1, 2707 MHz, 14001 MHz, 599.82 W, 69, 100 %, 3474 MiB
2026/09/24 15:52:40.962, 0, 382 MHz, 405 MHz, 40.72 W, 53, 1 %, 3267 MiB
2026/09/24 15:52:40.962, 1, 2707 MHz, 14001 MHz, 599.79 W, 69, 100 %, 3474 MiB
2026/09/24 15:52:41.968, 0, 2610 MHz, 14001 MHz, 74.34 W, 54, 1 %, 3215 MiB
2026/09/24 15:52:41.968, 1, 2707 MHz, 14001 MHz, 599.99 W, 70, 100 %, 3474 MiB
2026/09/24 15:52:42.982, 0, 2610 MHz, 14001 MHz, 77.00 W, 55, 2 %, 3209 MiB
2026/09/24 15:52:42.982, 1, 2707 MHz, 14001 MHz, 600.17 W, 69, 100 %, 3474 MiB
2026/09/24 15:52:43.988, 0, 892 MHz, 7001 MHz, 64.74 W, 54, 0 %, 3191 MiB
2026/09/24 15:52:43.988, 1, 2707 MHz, 14001 MHz, 599.93 W, 69, 100 %, 3474 MiB
2026/09/24 15:52:44.990, 0, 2197 MHz, 14001 MHz, 56.59 W, 55, 6 %, 3219 MiB
2026/09/24 15:52:44.990, 1, 2707 MHz, 14001 MHz, 600.10 W, 69, 100 %, 3474 MiB
2026/09/24 15:52:45.995, 0, 2602 MHz, 14001 MHz, 77.57 W, 55, 1 %, 3199 MiB
2026/09/24 15:52:45.995, 1, 2707 MHz, 14001 MHz, 599.98 W, 69, 100 %, 3474 MiB
2026/09/24 15:52:46.999, 0, 2610 MHz, 14001 MHz, 75.51 W, 55, 0 %, 3197 MiB
2026/09/24 15:52:46.999, 1, 2707 MHz, 14001 MHz, 599.94 W, 69, 100 %, 3474 MiB
2026/09/24 15:52:48.014, 0, 1132 MHz, 14001 MHz, 68.26 W, 55, 3 %, 3220 MiB
2026/09/24 15:52:48.014, 1, 2707 MHz, 14001 MHz, 599.90 W, 69, 100 %, 3474 MiB
2026/09/24 15:52:49.028, 0, 2602 MHz, 14001 MHz, 75.94 W, 55, 0 %, 3220 MiB
2026/09/24 15:52:49.028, 1, 2707 MHz, 14001 MHz, 600.05 W, 69, 100 %, 3474 MiB
2026/09/24 15:52:50.043, 0, 2580 MHz, 14001 MHz, 73.10 W, 55, 0 %, 3220 MiB
2026/09/24 15:52:50.043, 1, 2707 MHz, 14001 MHz, 600.13 W, 69, 100 %, 3474 MiB
2026/09/24 15:52:51.057, 0, 2595 MHz, 14001 MHz, 74.19 W, 55, 0 %, 3212 MiB
2026/09/24 15:52:51.057, 1, 2707 MHz, 14001 MHz, 599.78 W, 69, 100 %, 3474 MiB
2026/09/24 15:52:52.060, 0, 2595 MHz, 14001 MHz, 76.27 W, 55, 1 %, 3228 MiB
2026/09/24 15:52:52.060, 1, 2707 MHz, 14001 MHz, 599.68 W, 70, 99 %, 3474 MiB
2026/09/24 15:52:53.074, 0, 2610 MHz, 14001 MHz, 75.38 W, 55, 0 %, 3255 MiB
2026/09/24 15:52:53.074, 1, 2707 MHz, 14001 MHz, 600.03 W, 70, 100 %, 3474 MiB
2026/09/24 15:52:54.083, 0, 645 MHz, 810 MHz, 59.38 W, 54, 1 %, 3254 MiB
2026/09/24 15:52:54.083, 1, 2707 MHz, 14001 MHz, 600.06 W, 69, 100 %, 3474 MiB
2026/09/24 15:52:55.089, 0, 73 MHz, 810 MHz, 32.53 W, 53, 0 %, 3248 MiB
2026/09/24 15:52:55.089, 1, 2707 MHz, 14001 MHz, 600.04 W, 69, 100 %, 3474 MiB
2026/09/24 15:52:56.092, 0, 46 MHz, 405 MHz, 23.55 W, 53, 0 %, 3248 MiB
2026/09/24 15:52:56.092, 1, 2707 MHz, 14001 MHz, 599.96 W, 69, 100 %, 3474 MiB
2026/09/24 15:52:57.105, 0, 61 MHz, 405 MHz, 27.51 W, 53, 2 %, 3203 MiB
2026/09/24 15:52:57.105, 1, 2707 MHz, 14001 MHz, 599.91 W, 69, 99 %, 3474 MiB
2026/09/24 15:52:58.118, 0, 35 MHz, 405 MHz, 22.33 W, 53, 0 %, 3199 MiB
2026/09/24 15:52:58.118, 1, 2707 MHz, 14001 MHz, 599.96 W, 69, 99 %, 3474 MiB
2026/09/24 15:52:59.122, 0, 720 MHz, 405 MHz, 29.92 W, 53, 1 %, 3226 MiB
2026/09/24 15:52:59.122, 1, 2707 MHz, 14001 MHz, 600.07 W, 69, 100 %, 3474 MiB
2026/09/24 15:53:00.136, 0, 465 MHz, 405 MHz, 37.38 W, 53, 0 %, 3227 MiB
2026/09/24 15:53:00.136, 1, 2707 MHz, 14001 MHz, 600.04 W, 69, 100 %, 3474 MiB
2026/09/24 15:53:01.150, 0, 697 MHz, 405 MHz, 42.37 W, 53, 3 %, 3296 MiB
2026/09/24 15:53:01.150, 1, 2707 MHz, 14001 MHz, 599.90 W, 68, 100 %, 3474 MiB
2026/09/24 15:53:02.166, 0, 480 MHz, 405 MHz, 38.69 W, 53, 1 %, 3295 MiB
2026/09/24 15:53:02.166, 1, 2707 MHz, 14001 MHz, 599.34 W, 70, 99 %, 3474 MiB
2026/09/24 15:53:03.170, 0, 480 MHz, 405 MHz, 38.31 W, 53, 0 %, 3260 MiB
2026/09/24 15:53:03.170, 1, 2707 MHz, 14001 MHz, 600.11 W, 70, 100 %, 3474 MiB
2026/09/24 15:53:04.185, 0, 555 MHz, 405 MHz, 38.55 W, 53, 0 %, 3370 MiB
2026/09/24 15:53:04.185, 1, 2707 MHz, 14001 MHz, 600.02 W, 69, 100 %, 3474 MiB
2026/09/24 15:53:05.187, 0, 525 MHz, 405 MHz, 40.35 W, 53, 1 %, 3292 MiB
2026/09/24 15:53:05.187, 1, 2707 MHz, 14001 MHz, 599.92 W, 69, 100 %, 3474 MiB
2026/09/24 15:53:06.189, 0, 547 MHz, 405 MHz, 39.96 W, 53, 1 %, 3246 MiB
2026/09/24 15:53:06.189, 1, 2707 MHz, 14001 MHz, 599.98 W, 69, 100 %, 3474 MiB
2026/09/24 15:53:07.190, 0, 450 MHz, 405 MHz, 39.65 W, 53, 1 %, 3246 MiB
2026/09/24 15:53:07.190, 1, 2707 MHz, 14001 MHz, 599.95 W, 69, 100 %, 3474 MiB
2026/09/24 15:53:08.192, 0, 33 MHz, 405 MHz, 31.73 W, 53, 0 %, 3246 MiB
2026/09/24 15:53:08.192, 1, 2707 MHz, 14001 MHz, 600.02 W, 69, 100 %, 3474 MiB
2026/09/24 15:53:09.207, 0, 41 MHz, 405 MHz, 20.88 W, 53, 0 %, 3246 MiB
2026/09/24 15:53:09.207, 1, 2707 MHz, 14001 MHz, 599.84 W, 70, 100 %, 3474 MiB
2026/09/24 15:53:10.222, 0, 39 MHz, 405 MHz, 20.29 W, 53, 0 %, 3246 MiB
2026/09/24 15:53:10.222, 1, 2707 MHz, 14001 MHz, 600.00 W, 69, 100 %, 3474 MiB
2026/09/24 15:53:11.228, 0, 38 MHz, 405 MHz, 22.01 W, 53, 0 %, 3246 MiB
2026/09/24 15:53:11.228, 1, 2707 MHz, 14001 MHz, 599.90 W, 69, 100 %, 3474 MiB
2026/09/24 15:53:12.230, 0, 34 MHz, 405 MHz, 20.63 W, 53, 0 %, 3246 MiB
2026/09/24 15:53:12.230, 1, 2707 MHz, 14001 MHz, 600.01 W, 69, 100 %, 3474 MiB
2026/09/24 15:53:13.242, 0, 38 MHz, 405 MHz, 22.49 W, 53, 0 %, 3246 MiB
2026/09/24 15:53:13.242, 1, 2707 MHz, 14001 MHz, 599.89 W, 69, 100 %, 3474 MiB
2026/09/24 15:53:14.245, 0, 495 MHz, 405 MHz, 27.48 W, 53, 1 %, 3221 MiB
2026/09/24 15:53:14.245, 1, 2707 MHz, 14001 MHz, 599.96 W, 69, 100 %, 3474 MiB
2026/09/24 15:53:15.260, 0, 37 MHz, 405 MHz, 27.78 W, 53, 0 %, 3221 MiB
2026/09/24 15:53:15.260, 1, 2707 MHz, 14001 MHz, 600.18 W, 70, 100 %, 3474 MiB
2026/09/24 15:53:16.274, 0, 28 MHz, 405 MHz, 25.49 W, 53, 0 %, 3219 MiB
2026/09/24 15:53:16.274, 1, 2707 MHz, 14001 MHz, 599.85 W, 69, 100 %, 3474 MiB
2026/09/24 15:53:17.289, 0, 28 MHz, 405 MHz, 21.88 W, 53, 0 %, 3219 MiB
2026/09/24 15:53:17.289, 1, 2707 MHz, 14001 MHz, 599.96 W, 69, 100 %, 3474 MiB
2026/09/24 15:53:18.290, 0, 28 MHz, 405 MHz, 20.70 W, 53, 0 %, 3219 MiB
2026/09/24 15:53:18.290, 1, 2707 MHz, 14001 MHz, 599.95 W, 69, 100 %, 3474 MiB
2026/09/24 15:53:19.303, 0, 28 MHz, 405 MHz, 20.80 W, 53, 0 %, 3219 MiB
2026/09/24 15:53:19.303, 1, 2707 MHz, 14001 MHz, 600.03 W, 69, 100 %, 3474 MiB
2026/09/24 15:53:20.307, 0, 28 MHz, 405 MHz, 20.75 W, 53, 0 %, 3208 MiB
2026/09/24 15:53:20.307, 1, 2707 MHz, 14001 MHz, 600.20 W, 69, 99 %, 3474 MiB
2026/09/24 15:53:21.320, 0, 44 MHz, 405 MHz, 31.10 W, 53, 0 %, 3181 MiB
2026/09/24 15:53:21.320, 1, 2707 MHz, 14001 MHz, 600.05 W, 69, 100 %, 3474 MiB
2026/09/24 15:53:22.324, 0, 232 MHz, 14001 MHz, 37.25 W, 54, 0 %, 3198 MiB
2026/09/24 15:53:22.324, 1, 2707 MHz, 14001 MHz, 599.94 W, 69, 100 %, 3474 MiB
2026/09/24 15:53:23.325, 0, 2572 MHz, 14001 MHz, 74.33 W, 54, 0 %, 3200 MiB
2026/09/24 15:53:23.325, 1, 2707 MHz, 14001 MHz, 599.91 W, 69, 100 %, 3474 MiB
2026/09/24 15:53:24.330, 0, 2595 MHz, 14001 MHz, 75.23 W, 55, 0 %, 3201 MiB
2026/09/24 15:53:24.330, 1, 2707 MHz, 14001 MHz, 599.88 W, 69, 100 %, 3474 MiB
2026/09/24 15:53:25.337, 0, 58 MHz, 810 MHz, 37.86 W, 53, 0 %, 3201 MiB
2026/09/24 15:53:25.337, 1, 2707 MHz, 14001 MHz, 600.12 W, 69, 100 %, 3474 MiB
2026/09/24 15:53:26.345, 0, 32 MHz, 405 MHz, 27.69 W, 53, 0 %, 3201 MiB
2026/09/24 15:53:26.345, 1, 2707 MHz, 14001 MHz, 599.92 W, 69, 100 %, 3474 MiB
2026/09/24 15:53:27.350, 0, 31 MHz, 405 MHz, 21.55 W, 53, 0 %, 3203 MiB
2026/09/24 15:53:27.350, 1, 2707 MHz, 14001 MHz, 599.87 W, 69, 100 %, 3474 MiB
2026/09/24 15:53:28.353, 0, 44 MHz, 405 MHz, 22.94 W, 53, 0 %, 3203 MiB
2026/09/24 15:53:28.353, 1, 2707 MHz, 14001 MHz, 600.17 W, 69, 99 %, 3474 MiB
2026/09/24 15:53:29.357, 0, 53 MHz, 405 MHz, 32.70 W, 53, 6 %, 3231 MiB
2026/09/24 15:53:29.357, 1, 2707 MHz, 14001 MHz, 598.38 W, 70, 100 %, 3474 MiB
2026/09/24 15:53:30.364, 0, 45 MHz, 405 MHz, 27.89 W, 53, 1 %, 3224 MiB
2026/09/24 15:53:30.364, 1, 2707 MHz, 14001 MHz, 601.41 W, 69, 100 %, 3474 MiB
2026/09/24 15:53:31.379, 0, 28 MHz, 405 MHz, 24.95 W, 53, 0 %, 3224 MiB
2026/09/24 15:53:31.379, 1, 2707 MHz, 14001 MHz, 599.96 W, 69, 100 %, 3474 MiB
2026/09/24 15:53:32.386, 0, 30 MHz, 405 MHz, 23.81 W, 53, 0 %, 3224 MiB
2026/09/24 15:53:32.386, 1, 2707 MHz, 14001 MHz, 600.14 W, 69, 100 %, 3474 MiB
2026/09/24 15:53:33.392, 0, 247 MHz, 405 MHz, 22.13 W, 53, 0 %, 3209 MiB
2026/09/24 15:53:33.392, 1, 2707 MHz, 14001 MHz, 599.77 W, 69, 100 %, 3474 MiB
2026/09/24 15:53:34.393, 0, 28 MHz, 405 MHz, 24.67 W, 53, 1 %, 3217 MiB
2026/09/24 15:53:34.393, 1, 2707 MHz, 14001 MHz, 599.90 W, 70, 100 %, 3474 MiB
2026/09/24 15:53:35.395, 0, 322 MHz, 405 MHz, 24.47 W, 53, 0 %, 3209 MiB
2026/09/24 15:53:35.395, 1, 2707 MHz, 14001 MHz, 599.83 W, 69, 100 %, 3474 MiB
2026/09/24 15:53:36.410, 0, 45 MHz, 405 MHz, 34.15 W, 53, 0 %, 3210 MiB
2026/09/24 15:53:36.410, 1, 2707 MHz, 14001 MHz, 600.03 W, 69, 100 %, 3474 MiB
2026/09/24 15:53:37.412, 0, 28 MHz, 405 MHz, 25.44 W, 53, 0 %, 3203 MiB
2026/09/24 15:53:37.412, 1, 2707 MHz, 14001 MHz, 599.92 W, 69, 100 %, 3474 MiB
2026/09/24 15:53:38.427, 0, 28 MHz, 405 MHz, 20.84 W, 53, 0 %, 3203 MiB
2026/09/24 15:53:38.427, 1, 2715 MHz, 14001 MHz, 600.30 W, 69, 100 %, 3474 MiB
2026/09/24 15:53:39.439, 0, 37 MHz, 405 MHz, 21.74 W, 53, 0 %, 3194 MiB
2026/09/24 15:53:39.439, 1, 2707 MHz, 14001 MHz, 599.92 W, 69, 100 %, 3474 MiB
2026/09/24 15:53:40.443, 0, 30 MHz, 405 MHz, 26.95 W, 53, 0 %, 3194 MiB
2026/09/24 15:53:40.443, 1, 2707 MHz, 14001 MHz, 599.86 W, 69, 100 %, 3474 MiB
2026/09/24 15:53:41.449, 0, 32 MHz, 405 MHz, 24.07 W, 53, 1 %, 3192 MiB
2026/09/24 15:53:41.449, 1, 2715 MHz, 14001 MHz, 600.28 W, 69, 100 %, 3474 MiB
2026/09/24 15:53:42.452, 0, 30 MHz, 405 MHz, 21.75 W, 53, 0 %, 3192 MiB
2026/09/24 15:53:42.452, 1, 2707 MHz, 14001 MHz, 599.97 W, 69, 100 %, 3474 MiB
2026/09/24 15:53:43.458, 0, 30 MHz, 405 MHz, 20.38 W, 53, 0 %, 3191 MiB
2026/09/24 15:53:43.458, 1, 2715 MHz, 14001 MHz, 599.83 W, 69, 100 %, 3474 MiB
2026/09/24 15:53:44.461, 0, 39 MHz, 405 MHz, 29.09 W, 53, 1 %, 3192 MiB
2026/09/24 15:53:44.461, 1, 2715 MHz, 14001 MHz, 600.28 W, 69, 99 %, 3474 MiB
2026/09/24 15:53:45.477, 0, 60 MHz, 405 MHz, 34.03 W, 53, 3 %, 3291 MiB
2026/09/24 15:53:45.477, 1, 2715 MHz, 14001 MHz, 600.10 W, 69, 100 %, 3474 MiB
2026/09/24 15:53:46.484, 0, 30 MHz, 405 MHz, 23.81 W, 53, 0 %, 3290 MiB
2026/09/24 15:53:46.484, 1, 2715 MHz, 14001 MHz, 599.92 W, 69, 100 %, 3474 MiB
2026/09/24 15:53:47.486, 0, 28 MHz, 405 MHz, 20.31 W, 53, 0 %, 3290 MiB
2026/09/24 15:53:47.486, 1, 2715 MHz, 14001 MHz, 600.11 W, 69, 100 %, 3474 MiB
2026/09/24 15:53:48.500, 0, 31 MHz, 405 MHz, 20.93 W, 53, 0 %, 3290 MiB
2026/09/24 15:53:48.500, 1, 2707 MHz, 14001 MHz, 599.91 W, 69, 100 %, 3474 MiB
2026/09/24 15:53:49.503, 0, 28 MHz, 405 MHz, 21.19 W, 53, 0 %, 3290 MiB
2026/09/24 15:53:49.503, 1, 2715 MHz, 14001 MHz, 600.20 W, 69, 100 %, 3474 MiB
2026/09/24 15:53:50.511, 0, 28 MHz, 405 MHz, 20.46 W, 53, 0 %, 3290 MiB
2026/09/24 15:53:50.511, 1, 2707 MHz, 14001 MHz, 599.90 W, 69, 100 %, 3474 MiB
2026/09/24 15:53:51.516, 0, 28 MHz, 405 MHz, 20.31 W, 53, 0 %, 3258 MiB
2026/09/24 15:53:51.516, 1, 2715 MHz, 14001 MHz, 599.77 W, 69, 100 %, 3474 MiB
2026/09/24 15:53:52.523, 0, 435 MHz, 405 MHz, 33.07 W, 53, 0 %, 3264 MiB
2026/09/24 15:53:52.523, 1, 2715 MHz, 14001 MHz, 600.33 W, 69, 100 %, 3474 MiB
2026/09/24 15:53:53.524, 0, 60 MHz, 405 MHz, 37.30 W, 53, 0 %, 3262 MiB
2026/09/24 15:53:53.524, 1, 2715 MHz, 14001 MHz, 599.97 W, 69, 100 %, 3474 MiB
2026/09/24 15:53:54.526, 0, 397 MHz, 405 MHz, 32.29 W, 53, 0 %, 3264 MiB
2026/09/24 15:53:54.526, 1, 2715 MHz, 14001 MHz, 599.87 W, 69, 100 %, 3474 MiB
2026/09/24 15:53:55.530, 0, 457 MHz, 405 MHz, 37.87 W, 53, 2 %, 3267 MiB
2026/09/24 15:53:55.530, 1, 2715 MHz, 14001 MHz, 600.14 W, 69, 100 %, 3474 MiB
2026/09/24 15:53:56.545, 0, 53 MHz, 405 MHz, 37.62 W, 53, 2 %, 3267 MiB
2026/09/24 15:53:56.545, 1, 2715 MHz, 14001 MHz, 599.98 W, 69, 99 %, 3474 MiB
2026/09/24 15:53:57.557, 0, 990 MHz, 405 MHz, 39.21 W, 53, 0 %, 3248 MiB
2026/09/24 15:53:57.557, 1, 2715 MHz, 14001 MHz, 599.89 W, 69, 100 %, 3474 MiB
2026/09/24 15:53:58.559, 0, 457 MHz, 405 MHz, 39.54 W, 53, 1 %, 3248 MiB
2026/09/24 15:53:58.559, 1, 2715 MHz, 14001 MHz, 600.16 W, 69, 99 %, 3474 MiB
2026/09/24 15:53:59.561, 0, 517 MHz, 405 MHz, 38.59 W, 53, 2 %, 3206 MiB
2026/09/24 15:53:59.561, 1, 2715 MHz, 14001 MHz, 599.90 W, 69, 100 %, 3474 MiB
2026/09/24 15:54:00.568, 0, 570 MHz, 405 MHz, 37.14 W, 53, 1 %, 3207 MiB
2026/09/24 15:54:00.568, 1, 2715 MHz, 14001 MHz, 600.10 W, 69, 99 %, 3474 MiB
2026/09/24 15:54:01.615, 0, 442 MHz, 405 MHz, 39.16 W, 53, 2 %, 3204 MiB
2026/09/24 15:54:01.615, 1, 2715 MHz, 14001 MHz, 595.65 W, 70, 100 %, 3474 MiB
2026/09/24 15:54:02.620, 0, 43 MHz, 405 MHz, 35.72 W, 53, 2 %, 3243 MiB
2026/09/24 15:54:02.620, 1, 2722 MHz, 14001 MHz, 545.54 W, 69, 100 %, 3474 MiB
2026/09/24 15:54:03.626, 0, 450 MHz, 405 MHz, 35.60 W, 53, 7 %, 3270 MiB
2026/09/24 15:54:03.626, 1, 2955 MHz, 14001 MHz, 336.67 W, 57, 42 %, 3474 MiB
2026/09/24 15:54:04.817, 0, 502 MHz, 405 MHz, 39.50 W, 53, 1 %, 3259 MiB
2026/09/24 15:54:04.817, 1, 2917 MHz, 14001 MHz, 334.62 W, 55, 0 %, 3474 MiB
2026/09/24 15:54:05.825, 0, 2595 MHz, 14001 MHz, 63.93 W, 54, 0 %, 3244 MiB
2026/09/24 15:54:05.825, 1, 2715 MHz, 14001 MHz, 521.78 W, 68, 100 %, 3474 MiB
2026/09/24 15:54:06.837, 0, 2587 MHz, 14001 MHz, 72.93 W, 54, 0 %, 3244 MiB
2026/09/24 15:54:06.837, 1, 2722 MHz, 14001 MHz, 600.14 W, 68, 100 %, 3474 MiB
2026/09/24 15:54:07.848, 0, 2595 MHz, 14001 MHz, 73.05 W, 54, 0 %, 3244 MiB
2026/09/24 15:54:07.848, 1, 2715 MHz, 14001 MHz, 599.77 W, 67, 100 %, 3474 MiB
2026/09/24 15:54:08.854, 0, 652 MHz, 810 MHz, 56.32 W, 53, 0 %, 3244 MiB
2026/09/24 15:54:08.854, 1, 2722 MHz, 14001 MHz, 599.95 W, 68, 100 %, 3474 MiB
2026/09/24 15:54:09.856, 0, 50 MHz, 810 MHz, 31.42 W, 53, 0 %, 3244 MiB
2026/09/24 15:54:09.856, 1, 2715 MHz, 14001 MHz, 600.02 W, 68, 100 %, 3474 MiB
2026/09/24 15:54:10.858, 0, 39 MHz, 405 MHz, 24.51 W, 53, 0 %, 3244 MiB
2026/09/24 15:54:10.858, 1, 2722 MHz, 14001 MHz, 599.83 W, 68, 100 %, 3474 MiB
2026/09/24 15:54:11.866, 0, 39 MHz, 405 MHz, 23.26 W, 53, 0 %, 3244 MiB
2026/09/24 15:54:11.866, 1, 2722 MHz, 14001 MHz, 600.01 W, 68, 100 %, 3474 MiB
2026/09/24 15:54:12.867, 0, 37 MHz, 405 MHz, 22.98 W, 53, 0 %, 3244 MiB
2026/09/24 15:54:12.867, 1, 2715 MHz, 14001 MHz, 600.19 W, 68, 100 %, 3474 MiB
2026/09/24 15:54:13.873, 0, 54 MHz, 405 MHz, 29.93 W, 53, 1 %, 3244 MiB
2026/09/24 15:54:13.873, 1, 2722 MHz, 14001 MHz, 599.99 W, 68, 99 %, 3474 MiB
2026/09/24 15:54:14.876, 0, 52 MHz, 405 MHz, 30.10 W, 53, 2 %, 3244 MiB
2026/09/24 15:54:14.876, 1, 2715 MHz, 14001 MHz, 599.78 W, 67, 100 %, 3474 MiB
2026/09/24 15:54:15.881, 0, 52 MHz, 405 MHz, 30.64 W, 53, 3 %, 3244 MiB
2026/09/24 15:54:15.881, 1, 2722 MHz, 14001 MHz, 600.00 W, 68, 100 %, 3474 MiB
2026/09/24 15:54:16.891, 0, 375 MHz, 405 MHz, 28.95 W, 53, 1 %, 3244 MiB
2026/09/24 15:54:16.891, 1, 2722 MHz, 14001 MHz, 599.93 W, 68, 100 %, 3474 MiB
2026/09/24 15:54:17.895, 0, 435 MHz, 405 MHz, 29.73 W, 53, 3 %, 3244 MiB
2026/09/24 15:54:17.895, 1, 2722 MHz, 14001 MHz, 600.35 W, 68, 100 %, 3474 MiB
2026/09/24 15:54:18.903, 0, 54 MHz, 405 MHz, 32.22 W, 53, 4 %, 3244 MiB
2026/09/24 15:54:18.903, 1, 2722 MHz, 14001 MHz, 599.99 W, 68, 100 %, 3474 MiB
2026/09/24 15:54:19.906, 0, 420 MHz, 405 MHz, 30.16 W, 53, 4 %, 3244 MiB
2026/09/24 15:54:19.906, 1, 2715 MHz, 14001 MHz, 599.97 W, 68, 100 %, 3474 MiB
2026/09/24 15:54:20.909, 0, 420 MHz, 405 MHz, 30.04 W, 53, 2 %, 3244 MiB
2026/09/24 15:54:20.909, 1, 2722 MHz, 14001 MHz, 599.82 W, 68, 100 %, 3474 MiB
2026/09/24 15:54:21.910, 0, 442 MHz, 405 MHz, 30.46 W, 53, 3 %, 3244 MiB
2026/09/24 15:54:21.910, 1, 2722 MHz, 14001 MHz, 599.66 W, 68, 99 %, 3474 MiB
2026/09/24 15:54:22.916, 0, 435 MHz, 405 MHz, 29.65 W, 53, 1 %, 3244 MiB
2026/09/24 15:54:22.916, 1, 2715 MHz, 14001 MHz, 600.23 W, 67, 100 %, 3474 MiB
2026/09/24 15:54:23.920, 0, 46 MHz, 405 MHz, 30.33 W, 53, 3 %, 3244 MiB
2026/09/24 15:54:23.920, 1, 2722 MHz, 14001 MHz, 599.95 W, 68, 100 %, 3474 MiB
2026/09/24 15:54:24.927, 0, 412 MHz, 405 MHz, 31.13 W, 53, 4 %, 3244 MiB
2026/09/24 15:54:24.927, 1, 2722 MHz, 14001 MHz, 599.80 W, 68, 99 %, 3474 MiB
2026/09/24 15:54:25.930, 0, 47 MHz, 405 MHz, 31.61 W, 53, 3 %, 3244 MiB
2026/09/24 15:54:25.930, 1, 2715 MHz, 14001 MHz, 600.18 W, 67, 100 %, 3474 MiB
2026/09/24 15:54:26.940, 0, 53 MHz, 405 MHz, 31.21 W, 53, 3 %, 3244 MiB
2026/09/24 15:54:26.940, 1, 2730 MHz, 14001 MHz, 599.90 W, 68, 100 %, 3474 MiB
2026/09/24 15:54:27.955, 0, 382 MHz, 405 MHz, 31.11 W, 53, 3 %, 3244 MiB
2026/09/24 15:54:27.955, 1, 2722 MHz, 14001 MHz, 599.66 W, 68, 100 %, 3474 MiB
2026/09/24 15:54:28.956, 0, 502 MHz, 405 MHz, 37.23 W, 53, 6 %, 3206 MiB
2026/09/24 15:54:28.956, 1, 2715 MHz, 14001 MHz, 599.80 W, 69, 100 %, 3474 MiB
2026/09/24 15:54:29.960, 0, 517 MHz, 405 MHz, 42.13 W, 53, 6 %, 3206 MiB
2026/09/24 15:54:29.960, 1, 2722 MHz, 14001 MHz, 600.17 W, 68, 100 %, 3474 MiB
2026/09/24 15:54:30.963, 0, 382 MHz, 405 MHz, 38.45 W, 53, 4 %, 3200 MiB
2026/09/24 15:54:30.963, 1, 2722 MHz, 14001 MHz, 600.02 W, 68, 100 %, 3474 MiB
2026/09/24 15:54:31.968, 0, 450 MHz, 405 MHz, 32.08 W, 53, 3 %, 3200 MiB
2026/09/24 15:54:31.968, 1, 2715 MHz, 14001 MHz, 600.01 W, 68, 100 %, 3474 MiB
2026/09/24 15:54:32.976, 0, 427 MHz, 405 MHz, 32.21 W, 53, 4 %, 3200 MiB
2026/09/24 15:54:32.976, 1, 2715 MHz, 14001 MHz, 600.04 W, 68, 100 %, 3474 MiB
2026/09/24 15:54:33.982, 0, 46 MHz, 405 MHz, 32.23 W, 53, 3 %, 3190 MiB
2026/09/24 15:54:33.982, 1, 2722 MHz, 14001 MHz, 599.92 W, 68, 100 %, 3474 MiB
2026/09/24 15:54:34.990, 0, 667 MHz, 405 MHz, 39.35 W, 53, 2 %, 3198 MiB
2026/09/24 15:54:34.990, 1, 2722 MHz, 14001 MHz, 599.93 W, 68, 99 %, 3474 MiB
2026/09/24 15:54:35.995, 0, 510 MHz, 405 MHz, 42.15 W, 53, 1 %, 3198 MiB
2026/09/24 15:54:35.995, 1, 2715 MHz, 14001 MHz, 599.89 W, 69, 100 %, 3474 MiB
2026/09/24 15:54:37.009, 0, 420 MHz, 405 MHz, 35.54 W, 53, 1 %, 3194 MiB
2026/09/24 15:54:37.009, 1, 2722 MHz, 14001 MHz, 600.19 W, 68, 100 %, 3474 MiB
2026/09/24 15:54:38.016, 0, 412 MHz, 405 MHz, 31.23 W, 53, 0 %, 3194 MiB
2026/09/24 15:54:38.016, 1, 2730 MHz, 14001 MHz, 599.84 W, 68, 100 %, 3474 MiB
2026/09/24 15:54:39.021, 0, 55 MHz, 405 MHz, 30.60 W, 53, 0 %, 3194 MiB
2026/09/24 15:54:39.021, 1, 2730 MHz, 14001 MHz, 599.70 W, 68, 99 %, 3474 MiB
2026/09/24 15:54:40.031, 0, 42 MHz, 405 MHz, 24.59 W, 53, 0 %, 3194 MiB
2026/09/24 15:54:40.031, 1, 2715 MHz, 14001 MHz, 599.85 W, 69, 100 %, 3474 MiB
2026/09/24 15:54:41.034, 0, 39 MHz, 405 MHz, 25.37 W, 53, 0 %, 3194 MiB
2026/09/24 15:54:41.034, 1, 2722 MHz, 14001 MHz, 600.08 W, 68, 100 %, 3474 MiB
2026/09/24 15:54:42.047, 0, 39 MHz, 405 MHz, 24.35 W, 53, 0 %, 3194 MiB
2026/09/24 15:54:42.047, 1, 2730 MHz, 14001 MHz, 600.03 W, 68, 100 %, 3474 MiB
2026/09/24 15:54:43.050, 0, 337 MHz, 405 MHz, 25.07 W, 53, 0 %, 3177 MiB
2026/09/24 15:54:43.050, 1, 2730 MHz, 14001 MHz, 600.21 W, 68, 100 %, 3474 MiB
2026/09/24 15:54:44.055, 0, 630 MHz, 405 MHz, 41.81 W, 53, 7 %, 3188 MiB
2026/09/24 15:54:44.055, 1, 2722 MHz, 14001 MHz, 599.83 W, 68, 100 %, 3474 MiB
2026/09/24 15:54:45.059, 0, 40 MHz, 405 MHz, 34.72 W, 53, 0 %, 3192 MiB
2026/09/24 15:54:45.059, 1, 2715 MHz, 14001 MHz, 600.14 W, 68, 100 %, 3474 MiB
2026/09/24 15:54:46.071, 0, 58 MHz, 405 MHz, 34.40 W, 53, 1 %, 3223 MiB
2026/09/24 15:54:46.071, 1, 2722 MHz, 14001 MHz, 600.20 W, 68, 100 %, 3474 MiB
2026/09/24 15:54:47.072, 0, 577 MHz, 405 MHz, 41.01 W, 53, 0 %, 3297 MiB
2026/09/24 15:54:47.072, 1, 2730 MHz, 14001 MHz, 599.88 W, 68, 100 %, 3474 MiB
2026/09/24 15:54:48.078, 0, 315 MHz, 405 MHz, 29.67 W, 53, 1 %, 3295 MiB
2026/09/24 15:54:48.078, 1, 2730 MHz, 14001 MHz, 600.13 W, 68, 100 %, 3474 MiB
2026/09/24 15:54:49.080, 0, 502 MHz, 405 MHz, 36.77 W, 53, 2 %, 3291 MiB
2026/09/24 15:54:49.080, 1, 2722 MHz, 14001 MHz, 599.69 W, 69, 100 %, 3474 MiB
2026/09/24 15:54:50.081, 0, 367 MHz, 405 MHz, 37.04 W, 53, 0 %, 3287 MiB
2026/09/24 15:54:50.081, 1, 2715 MHz, 14001 MHz, 600.33 W, 69, 100 %, 3474 MiB
2026/09/24 15:54:51.095, 0, 34 MHz, 405 MHz, 31.92 W, 53, 0 %, 3287 MiB
2026/09/24 15:54:51.095, 1, 2722 MHz, 14001 MHz, 600.16 W, 68, 100 %, 3474 MiB
2026/09/24 15:54:52.110, 0, 390 MHz, 405 MHz, 35.14 W, 53, 2 %, 3300 MiB
2026/09/24 15:54:52.110, 1, 2730 MHz, 14001 MHz, 599.83 W, 68, 100 %, 3474 MiB
2026/09/24 15:54:53.115, 0, 442 MHz, 405 MHz, 38.91 W, 53, 2 %, 3338 MiB
2026/09/24 15:54:53.115, 1, 2730 MHz, 14001 MHz, 600.06 W, 68, 100 %, 3474 MiB
2026/09/24 15:54:54.120, 0, 50 MHz, 405 MHz, 36.19 W, 53, 0 %, 3341 MiB
2026/09/24 15:54:54.120, 1, 2730 MHz, 14001 MHz, 600.20 W, 68, 100 %, 3474 MiB
2026/09/24 15:54:55.123, 0, 330 MHz, 405 MHz, 32.20 W, 53, 0 %, 3335 MiB
2026/09/24 15:54:55.123, 1, 2722 MHz, 14001 MHz, 599.26 W, 68, 99 %, 3474 MiB
2026/09/24 15:54:56.131, 0, 35 MHz, 405 MHz, 33.73 W, 53, 0 %, 3341 MiB
2026/09/24 15:54:56.131, 1, 2715 MHz, 14001 MHz, 599.77 W, 69, 100 %, 3474 MiB
2026/09/24 15:54:57.131, 0, 75 MHz, 405 MHz, 31.33 W, 53, 0 %, 3358 MiB
2026/09/24 15:54:57.131, 1, 2715 MHz, 14001 MHz, 599.95 W, 69, 100 %, 3474 MiB
2026/09/24 15:54:58.135, 0, 41 MHz, 405 MHz, 26.31 W, 52, 0 %, 3324 MiB
2026/09/24 15:54:58.135, 1, 2722 MHz, 14001 MHz, 600.12 W, 68, 100 %, 3474 MiB
2026/09/24 15:54:59.137, 0, 600 MHz, 405 MHz, 39.59 W, 53, 7 %, 3381 MiB
2026/09/24 15:54:59.137, 1, 2955 MHz, 14001 MHz, 336.36 W, 54, 0 %, 18 MiB
2026/09/24 15:55:00.152, 0, 480 MHz, 405 MHz, 42.68 W, 53, 1 %, 3388 MiB
2026/09/24 15:55:00.152, 1, 2955 MHz, 14001 MHz, 107.52 W, 54, 0 %, 18 MiB
2026/09/24 15:55:01.154, 0, 42 MHz, 405 MHz, 36.17 W, 53, 1 %, 3344 MiB
2026/09/24 15:55:01.154, 1, 2490 MHz, 7001 MHz, 85.45 W, 52, 0 %, 2748 MiB
2026/09/24 15:55:02.156, 0, 427 MHz, 405 MHz, 32.30 W, 53, 1 %, 3340 MiB
2026/09/24 15:55:02.156, 1, 2827 MHz, 14001 MHz, 205.99 W, 66, 98 %, 2758 MiB
2026/09/24 15:55:03.161, 0, 49 MHz, 405 MHz, 31.66 W, 53, 0 %, 3339 MiB
2026/09/24 15:55:03.161, 1, 2752 MHz, 14001 MHz, 600.85 W, 67, 99 %, 2758 MiB
2026/09/24 15:55:04.162, 0, 40 MHz, 405 MHz, 25.16 W, 52, 0 %, 3339 MiB
2026/09/24 15:55:04.162, 1, 2752 MHz, 14001 MHz, 600.20 W, 67, 99 %, 2758 MiB
2026/09/24 15:55:05.171, 0, 38 MHz, 405 MHz, 23.29 W, 52, 0 %, 3339 MiB
2026/09/24 15:55:05.171, 1, 2745 MHz, 14001 MHz, 600.18 W, 67, 99 %, 2758 MiB
2026/09/24 15:55:06.181, 0, 33 MHz, 405 MHz, 23.36 W, 52, 0 %, 3339 MiB
2026/09/24 15:55:06.181, 1, 2745 MHz, 14001 MHz, 599.96 W, 67, 99 %, 2758 MiB
2026/09/24 15:55:07.187, 0, 37 MHz, 405 MHz, 22.13 W, 52, 0 %, 3339 MiB
2026/09/24 15:55:07.187, 1, 2745 MHz, 14001 MHz, 599.86 W, 67, 99 %, 2758 MiB
2026/09/24 15:55:08.192, 0, 35 MHz, 405 MHz, 23.28 W, 52, 0 %, 3326 MiB
2026/09/24 15:55:08.192, 1, 2745 MHz, 14001 MHz, 599.89 W, 67, 99 %, 2758 MiB
2026/09/24 15:55:09.194, 0, 427 MHz, 405 MHz, 30.31 W, 53, 0 %, 3304 MiB
2026/09/24 15:55:09.194, 1, 2745 MHz, 14001 MHz, 600.02 W, 67, 99 %, 2758 MiB
2026/09/24 15:55:10.199, 0, 2595 MHz, 14001 MHz, 70.84 W, 54, 0 %, 3304 MiB
2026/09/24 15:55:10.199, 1, 2745 MHz, 14001 MHz, 600.16 W, 67, 99 %, 2758 MiB
2026/09/24 15:55:11.212, 0, 2587 MHz, 14001 MHz, 71.82 W, 54, 0 %, 3304 MiB
2026/09/24 15:55:11.212, 1, 2737 MHz, 14001 MHz, 599.92 W, 68, 99 %, 2758 MiB
2026/09/24 15:55:12.227, 0, 802 MHz, 810 MHz, 57.39 W, 53, 0 %, 3297 MiB
2026/09/24 15:55:12.227, 1, 2737 MHz, 14001 MHz, 599.99 W, 68, 99 %, 2758 MiB
2026/09/24 15:55:13.228, 0, 54 MHz, 810 MHz, 29.58 W, 53, 0 %, 3296 MiB
2026/09/24 15:55:13.228, 1, 2737 MHz, 14001 MHz, 600.05 W, 68, 99 %, 2758 MiB
2026/09/24 15:55:14.233, 0, 54 MHz, 405 MHz, 28.00 W, 53, 0 %, 3290 MiB
2026/09/24 15:55:14.233, 1, 2737 MHz, 14001 MHz, 600.00 W, 68, 99 %, 2758 MiB
2026/09/24 15:55:15.236, 0, 532 MHz, 405 MHz, 22.28 W, 53, 0 %, 3290 MiB
2026/09/24 15:55:15.236, 1, 2737 MHz, 14001 MHz, 599.82 W, 68, 98 %, 2758 MiB
2026/09/24 15:55:16.236, 0, 442 MHz, 405 MHz, 28.69 W, 53, 0 %, 3280 MiB
2026/09/24 15:55:16.236, 1, 2790 MHz, 14001 MHz, 599.79 W, 68, 99 %, 2758 MiB
2026/09/24 15:55:17.242, 0, 41 MHz, 405 MHz, 24.21 W, 53, 0 %, 3307 MiB
2026/09/24 15:55:17.242, 1, 2737 MHz, 14001 MHz, 600.39 W, 68, 99 %, 2758 MiB
2026/09/24 15:55:18.244, 0, 757 MHz, 405 MHz, 33.03 W, 53, 0 %, 3308 MiB
2026/09/24 15:55:18.244, 1, 2737 MHz, 14001 MHz, 600.06 W, 68, 99 %, 2758 MiB
2026/09/24 15:55:19.252, 0, 49 MHz, 405 MHz, 29.56 W, 53, 0 %, 3308 MiB
2026/09/24 15:55:19.252, 1, 2737 MHz, 14001 MHz, 599.99 W, 68, 99 %, 2758 MiB
2026/09/24 15:55:20.257, 0, 44 MHz, 405 MHz, 26.55 W, 53, 0 %, 3299 MiB
2026/09/24 15:55:20.257, 1, 2737 MHz, 14001 MHz, 600.06 W, 68, 99 %, 2758 MiB
2026/09/24 15:55:21.258, 0, 43 MHz, 405 MHz, 26.50 W, 53, 0 %, 3294 MiB
2026/09/24 15:55:21.258, 1, 2737 MHz, 14001 MHz, 600.09 W, 68, 99 %, 2758 MiB
2026/09/24 15:55:22.271, 0, 42 MHz, 405 MHz, 25.62 W, 52, 0 %, 3291 MiB
2026/09/24 15:55:22.271, 1, 2730 MHz, 14001 MHz, 600.01 W, 68, 99 %, 2758 MiB
2026/09/24 15:55:23.282, 0, 47 MHz, 405 MHz, 24.96 W, 52, 0 %, 3284 MiB
2026/09/24 15:55:23.282, 1, 2730 MHz, 14001 MHz, 599.99 W, 69, 99 %, 2758 MiB
2026/09/24 15:55:24.287, 0, 43 MHz, 405 MHz, 26.87 W, 53, 0 %, 3281 MiB
2026/09/24 15:55:24.287, 1, 2730 MHz, 14001 MHz, 599.92 W, 69, 99 %, 2758 MiB
2026/09/24 15:55:25.289, 0, 37 MHz, 405 MHz, 28.64 W, 52, 0 %, 3277 MiB
2026/09/24 15:55:25.289, 1, 2730 MHz, 14001 MHz, 599.97 W, 69, 99 %, 2758 MiB
2026/09/24 15:55:26.304, 0, 28 MHz, 405 MHz, 26.28 W, 52, 0 %, 3277 MiB
2026/09/24 15:55:26.304, 1, 2730 MHz, 14001 MHz, 599.90 W, 69, 99 %, 2758 MiB
2026/09/24 15:55:27.309, 0, 32 MHz, 405 MHz, 26.49 W, 52, 0 %, 3281 MiB
2026/09/24 15:55:27.309, 1, 2730 MHz, 14001 MHz, 600.06 W, 69, 99 %, 2758 MiB
2026/09/24 15:55:28.316, 0, 28 MHz, 405 MHz, 24.28 W, 52, 1 %, 3282 MiB
2026/09/24 15:55:28.316, 1, 2730 MHz, 14001 MHz, 600.11 W, 69, 99 %, 2758 MiB
2026/09/24 15:55:29.316, 0, 38 MHz, 405 MHz, 27.29 W, 52, 0 %, 3282 MiB
2026/09/24 15:55:29.316, 1, 2730 MHz, 14001 MHz, 599.87 W, 69, 98 %, 2758 MiB
2026/09/24 15:55:30.323, 0, 30 MHz, 405 MHz, 27.16 W, 52, 0 %, 3282 MiB
2026/09/24 15:55:30.323, 1, 2752 MHz, 14001 MHz, 599.88 W, 68, 99 %, 2758 MiB
2026/09/24 15:55:31.339, 0, 31 MHz, 405 MHz, 25.65 W, 52, 0 %, 3281 MiB
2026/09/24 15:55:31.339, 1, 2730 MHz, 14001 MHz, 600.09 W, 68, 99 %, 2758 MiB
2026/09/24 15:55:32.345, 0, 37 MHz, 405 MHz, 26.21 W, 52, 0 %, 3277 MiB
2026/09/24 15:55:32.345, 1, 2730 MHz, 14001 MHz, 600.02 W, 69, 99 %, 2758 MiB
2026/09/24 15:55:33.348, 0, 29 MHz, 405 MHz, 26.73 W, 52, 0 %, 3279 MiB
2026/09/24 15:55:33.348, 1, 2730 MHz, 14001 MHz, 599.93 W, 69, 99 %, 2758 MiB
2026/09/24 15:55:34.356, 0, 35 MHz, 405 MHz, 23.13 W, 52, 0 %, 3282 MiB
2026/09/24 15:55:34.356, 1, 2722 MHz, 14001 MHz, 600.18 W, 69, 99 %, 2758 MiB
2026/09/24 15:55:35.369, 0, 32 MHz, 405 MHz, 25.58 W, 52, 0 %, 3281 MiB
2026/09/24 15:55:35.369, 1, 2722 MHz, 14001 MHz, 599.96 W, 69, 99 %, 2758 MiB
2026/09/24 15:55:36.384, 0, 28 MHz, 405 MHz, 27.24 W, 52, 0 %, 3281 MiB
2026/09/24 15:55:36.384, 1, 2722 MHz, 14001 MHz, 600.06 W, 69, 99 %, 2758 MiB
2026/09/24 15:55:37.392, 0, 32 MHz, 405 MHz, 26.51 W, 52, 0 %, 3240 MiB
2026/09/24 15:55:37.392, 1, 2722 MHz, 14001 MHz, 599.95 W, 69, 99 %, 2758 MiB
2026/09/24 15:55:38.402, 0, 28 MHz, 405 MHz, 26.89 W, 52, 0 %, 3240 MiB
2026/09/24 15:55:38.402, 1, 2722 MHz, 14001 MHz, 599.92 W, 68, 99 %, 2758 MiB
2026/09/24 15:55:39.402, 0, 322 MHz, 405 MHz, 27.06 W, 52, 0 %, 3234 MiB
2026/09/24 15:55:39.402, 1, 2722 MHz, 14001 MHz, 599.79 W, 69, 99 %, 2758 MiB
2026/09/24 15:55:40.405, 0, 405 MHz, 405 MHz, 36.61 W, 53, 0 %, 3251 MiB
2026/09/24 15:55:40.405, 1, 2722 MHz, 14001 MHz, 600.19 W, 69, 99 %, 2758 MiB
2026/09/24 15:55:41.409, 0, 397 MHz, 405 MHz, 38.99 W, 53, 0 %, 3251 MiB
2026/09/24 15:55:41.409, 1, 2722 MHz, 14001 MHz, 599.95 W, 69, 99 %, 2758 MiB
2026/09/24 15:55:42.412, 0, 51 MHz, 405 MHz, 38.49 W, 53, 0 %, 3251 MiB
2026/09/24 15:55:42.412, 1, 2722 MHz, 14001 MHz, 599.91 W, 69, 99 %, 2758 MiB
2026/09/24 15:55:43.424, 0, 74 MHz, 405 MHz, 30.69 W, 52, 0 %, 3252 MiB
2026/09/24 15:55:43.424, 1, 2722 MHz, 14001 MHz, 600.14 W, 69, 99 %, 2758 MiB
2026/09/24 15:55:44.430, 0, 77 MHz, 405 MHz, 36.43 W, 53, 3 %, 3374 MiB
2026/09/24 15:55:44.430, 1, 2730 MHz, 14001 MHz, 543.67 W, 59, 99 %, 18 MiB
2026/09/24 15:55:45.436, 0, 28 MHz, 405 MHz, 26.70 W, 52, 0 %, 3369 MiB
2026/09/24 15:55:45.436, 1, 2955 MHz, 14001 MHz, 137.92 W, 55, 0 %, 18 MiB
2026/09/24 15:55:46.439, 0, 31 MHz, 405 MHz, 22.38 W, 52, 0 %, 3369 MiB
2026/09/24 15:55:46.439, 1, 2490 MHz, 7001 MHz, 90.39 W, 53, 0 %, 18 MiB
2026/09/24 15:55:47.454, 0, 285 MHz, 405 MHz, 22.93 W, 52, 0 %, 3372 MiB
2026/09/24 15:55:47.454, 1, 2047 MHz, 14001 MHz, 51.71 W, 53, 0 %, 3474 MiB
2026/09/24 15:55:48.459, 0, 31 MHz, 405 MHz, 25.44 W, 52, 0 %, 3355 MiB
2026/09/24 15:55:48.459, 1, 2730 MHz, 14001 MHz, 578.81 W, 68, 100 %, 3474 MiB
2026/09/24 15:55:49.461, 0, 28 MHz, 405 MHz, 24.40 W, 52, 1 %, 3352 MiB
2026/09/24 15:55:49.461, 1, 2730 MHz, 14001 MHz, 600.20 W, 68, 100 %, 3474 MiB
2026/09/24 15:55:50.476, 0, 65 MHz, 405 MHz, 29.60 W, 53, 0 %, 3278 MiB
2026/09/24 15:55:50.476, 1, 2730 MHz, 14001 MHz, 600.17 W, 68, 100 %, 3474 MiB
2026/09/24 15:55:51.480, 0, 292 MHz, 405 MHz, 33.92 W, 52, 1 %, 3296 MiB
2026/09/24 15:55:51.480, 1, 2730 MHz, 14001 MHz, 600.16 W, 68, 100 %, 3474 MiB
2026/09/24 15:55:52.482, 0, 45 MHz, 405 MHz, 36.42 W, 52, 0 %, 3296 MiB
2026/09/24 15:55:52.482, 1, 2722 MHz, 14001 MHz, 599.83 W, 68, 100 %, 3474 MiB
2026/09/24 15:55:53.486, 0, 277 MHz, 405 MHz, 30.74 W, 53, 0 %, 3291 MiB
2026/09/24 15:55:53.486, 1, 2722 MHz, 14001 MHz, 600.00 W, 69, 100 %, 3474 MiB
2026/09/24 15:55:54.492, 0, 30 MHz, 405 MHz, 30.40 W, 52, 0 %, 3291 MiB
2026/09/24 15:55:54.492, 1, 2722 MHz, 14001 MHz, 599.85 W, 69, 100 %, 3474 MiB
2026/09/24 15:55:55.498, 0, 28 MHz, 405 MHz, 20.71 W, 52, 0 %, 3290 MiB
2026/09/24 15:55:55.498, 1, 2722 MHz, 14001 MHz, 600.20 W, 69, 100 %, 3474 MiB
2026/09/24 15:55:56.503, 0, 28 MHz, 405 MHz, 20.43 W, 52, 0 %, 3290 MiB
2026/09/24 15:55:56.503, 1, 2722 MHz, 14001 MHz, 599.99 W, 68, 100 %, 3474 MiB
2026/09/24 15:55:57.504, 0, 28 MHz, 405 MHz, 20.14 W, 52, 0 %, 3290 MiB
2026/09/24 15:55:57.504, 1, 2722 MHz, 14001 MHz, 600.14 W, 69, 100 %, 3474 MiB
2026/09/24 15:55:58.512, 0, 28 MHz, 405 MHz, 20.37 W, 52, 0 %, 3290 MiB
2026/09/24 15:55:58.512, 1, 2722 MHz, 14001 MHz, 599.77 W, 69, 100 %, 3474 MiB
2026/09/24 15:55:59.518, 0, 31 MHz, 405 MHz, 21.54 W, 52, 0 %, 3290 MiB
2026/09/24 15:55:59.518, 1, 2715 MHz, 14001 MHz, 599.96 W, 69, 100 %, 3474 MiB
2026/09/24 15:56:00.522, 0, 28 MHz, 405 MHz, 20.22 W, 52, 0 %, 3290 MiB
2026/09/24 15:56:00.522, 1, 2715 MHz, 14001 MHz, 600.03 W, 69, 100 %, 3474 MiB
2026/09/24 15:56:01.526, 0, 28 MHz, 405 MHz, 20.23 W, 52, 0 %, 3290 MiB
2026/09/24 15:56:01.526, 1, 2715 MHz, 14001 MHz, 599.66 W, 69, 99 %, 3474 MiB
2026/09/24 15:56:02.527, 0, 28 MHz, 405 MHz, 20.05 W, 52, 0 %, 3290 MiB
2026/09/24 15:56:02.527, 1, 2715 MHz, 14001 MHz, 600.15 W, 69, 100 %, 3474 MiB
2026/09/24 15:56:03.530, 0, 28 MHz, 405 MHz, 20.13 W, 52, 0 %, 3290 MiB
2026/09/24 15:56:03.530, 1, 2715 MHz, 14001 MHz, 599.96 W, 68, 100 %, 3474 MiB
2026/09/24 15:56:04.543, 0, 442 MHz, 405 MHz, 27.42 W, 52, 0 %, 3265 MiB
2026/09/24 15:56:04.543, 1, 2715 MHz, 14001 MHz, 600.20 W, 69, 100 %, 3474 MiB
2026/09/24 15:56:05.558, 0, 337 MHz, 405 MHz, 33.54 W, 52, 0 %, 3265 MiB
2026/09/24 15:56:05.558, 1, 2715 MHz, 14001 MHz, 599.97 W, 69, 100 %, 3474 MiB
2026/09/24 15:56:06.559, 0, 36 MHz, 405 MHz, 29.51 W, 52, 0 %, 3265 MiB
2026/09/24 15:56:06.559, 1, 2715 MHz, 14001 MHz, 599.96 W, 69, 100 %, 3474 MiB
2026/09/24 15:56:07.564, 0, 39 MHz, 405 MHz, 20.73 W, 52, 0 %, 3265 MiB
2026/09/24 15:56:07.564, 1, 2715 MHz, 14001 MHz, 600.10 W, 69, 100 %, 3474 MiB
2026/09/24 15:56:08.567, 0, 30 MHz, 405 MHz, 20.57 W, 52, 0 %, 3265 MiB
2026/09/24 15:56:08.567, 1, 2715 MHz, 14001 MHz, 600.20 W, 69, 100 %, 3474 MiB
2026/09/24 15:56:09.581, 0, 28 MHz, 405 MHz, 20.99 W, 52, 0 %, 3265 MiB
2026/09/24 15:56:09.581, 1, 2707 MHz, 14001 MHz, 599.77 W, 69, 99 %, 3474 MiB
2026/09/24 15:56:10.589, 0, 51 MHz, 405 MHz, 25.87 W, 52, 0 %, 3265 MiB
2026/09/24 15:56:10.589, 1, 2715 MHz, 14001 MHz, 600.09 W, 69, 100 %, 3474 MiB
2026/09/24 15:56:11.595, 0, 28 MHz, 405 MHz, 21.63 W, 52, 0 %, 3264 MiB
2026/09/24 15:56:11.595, 1, 2707 MHz, 14001 MHz, 600.13 W, 70, 100 %, 3474 MiB
2026/09/24 15:56:12.598, 0, 27 MHz, 405 MHz, 20.62 W, 52, 0 %, 3264 MiB
2026/09/24 15:56:12.598, 1, 2715 MHz, 14001 MHz, 600.06 W, 69, 100 %, 3474 MiB
2026/09/24 15:56:13.599, 0, 28 MHz, 405 MHz, 20.51 W, 52, 0 %, 3264 MiB
2026/09/24 15:56:13.599, 1, 2715 MHz, 14001 MHz, 600.07 W, 69, 100 %, 3474 MiB
2026/09/24 15:56:14.607, 0, 37 MHz, 405 MHz, 22.52 W, 52, 0 %, 3259 MiB
2026/09/24 15:56:14.607, 1, 2715 MHz, 14001 MHz, 600.00 W, 69, 100 %, 3474 MiB
2026/09/24 15:56:15.609, 0, 28 MHz, 405 MHz, 22.35 W, 52, 0 %, 3259 MiB
2026/09/24 15:56:15.609, 1, 2707 MHz, 14001 MHz, 599.88 W, 69, 100 %, 3474 MiB
2026/09/24 15:56:16.613, 0, 28 MHz, 405 MHz, 20.77 W, 52, 0 %, 3257 MiB
2026/09/24 15:56:16.613, 1, 2707 MHz, 14001 MHz, 599.92 W, 69, 100 %, 3474 MiB
2026/09/24 15:56:17.621, 0, 28 MHz, 405 MHz, 20.85 W, 52, 0 %, 3257 MiB
2026/09/24 15:56:17.621, 1, 2707 MHz, 14001 MHz, 600.08 W, 69, 100 %, 3474 MiB
2026/09/24 15:56:18.624, 0, 28 MHz, 405 MHz, 20.81 W, 52, 0 %, 3257 MiB
2026/09/24 15:56:18.624, 1, 2707 MHz, 14001 MHz, 599.86 W, 69, 100 %, 3474 MiB
2026/09/24 15:56:19.627, 0, 28 MHz, 405 MHz, 20.69 W, 52, 0 %, 3257 MiB
2026/09/24 15:56:19.627, 1, 2707 MHz, 14001 MHz, 599.89 W, 70, 99 %, 3474 MiB
2026/09/24 15:56:20.631, 0, 28 MHz, 405 MHz, 20.83 W, 52, 0 %, 3257 MiB
2026/09/24 15:56:20.631, 1, 2707 MHz, 14001 MHz, 599.70 W, 70, 100 %, 3474 MiB
2026/09/24 15:56:21.634, 0, 28 MHz, 405 MHz, 20.55 W, 52, 0 %, 3259 MiB
2026/09/24 15:56:21.634, 1, 2707 MHz, 14001 MHz, 600.26 W, 70, 100 %, 3474 MiB
2026/09/24 15:56:22.639, 0, 27 MHz, 405 MHz, 21.13 W, 52, 1 %, 3259 MiB
2026/09/24 15:56:22.639, 1, 2707 MHz, 14001 MHz, 600.13 W, 69, 100 %, 3474 MiB
2026/09/24 15:56:23.647, 0, 28 MHz, 405 MHz, 20.47 W, 52, 0 %, 3235 MiB
2026/09/24 15:56:23.647, 1, 2707 MHz, 14001 MHz, 600.06 W, 69, 100 %, 3474 MiB
2026/09/24 15:56:24.662, 0, 28 MHz, 405 MHz, 20.82 W, 52, 0 %, 3235 MiB
2026/09/24 15:56:24.662, 1, 2707 MHz, 14001 MHz, 600.04 W, 69, 100 %, 3474 MiB
2026/09/24 15:56:25.668, 0, 85 MHz, 405 MHz, 26.40 W, 52, 0 %, 3281 MiB
2026/09/24 15:56:25.668, 1, 2707 MHz, 14001 MHz, 599.84 W, 69, 100 %, 3474 MiB
2026/09/24 15:56:26.673, 0, 56 MHz, 405 MHz, 28.79 W, 52, 0 %, 3281 MiB
2026/09/24 15:56:26.673, 1, 2707 MHz, 14001 MHz, 599.89 W, 69, 100 %, 3474 MiB
2026/09/24 15:56:27.676, 0, 74 MHz, 405 MHz, 32.79 W, 52, 0 %, 3285 MiB
2026/09/24 15:56:27.676, 1, 2707 MHz, 14001 MHz, 600.08 W, 69, 100 %, 3474 MiB
2026/09/24 15:56:28.676, 0, 367 MHz, 405 MHz, 30.19 W, 52, 1 %, 3289 MiB
2026/09/24 15:56:28.676, 1, 2707 MHz, 14001 MHz, 600.06 W, 69, 100 %, 3474 MiB
2026/09/24 15:56:29.683, 0, 32 MHz, 405 MHz, 33.54 W, 52, 0 %, 3289 MiB
2026/09/24 15:56:29.683, 1, 2707 MHz, 14001 MHz, 599.69 W, 69, 100 %, 3474 MiB
2026/09/24 15:56:30.687, 0, 28 MHz, 405 MHz, 22.07 W, 52, 0 %, 3289 MiB
2026/09/24 15:56:30.687, 1, 2707 MHz, 14001 MHz, 599.86 W, 69, 99 %, 3474 MiB
2026/09/24 15:56:31.688, 0, 43 MHz, 405 MHz, 22.80 W, 52, 0 %, 3287 MiB
2026/09/24 15:56:31.688, 1, 2707 MHz, 14001 MHz, 599.82 W, 70, 100 %, 3474 MiB
2026/09/24 15:56:32.691, 0, 32 MHz, 405 MHz, 25.30 W, 52, 0 %, 3279 MiB
2026/09/24 15:56:32.691, 1, 2707 MHz, 14001 MHz, 600.10 W, 70, 100 %, 3474 MiB
2026/09/24 15:56:33.704, 0, 30 MHz, 405 MHz, 20.52 W, 52, 0 %, 3257 MiB
2026/09/24 15:56:33.704, 1, 2707 MHz, 14001 MHz, 600.14 W, 69, 100 %, 3474 MiB
2026/09/24 15:56:34.709, 0, 2610 MHz, 14001 MHz, 68.84 W, 54, 0 %, 3267 MiB
2026/09/24 15:56:34.709, 1, 2707 MHz, 14001 MHz, 599.99 W, 69, 100 %, 3474 MiB
2026/09/24 15:56:35.714, 0, 2580 MHz, 14001 MHz, 73.09 W, 54, 0 %, 3270 MiB
2026/09/24 15:56:35.714, 1, 2707 MHz, 14001 MHz, 600.08 W, 69, 100 %, 3474 MiB
2026/09/24 15:56:36.715, 0, 2580 MHz, 14001 MHz, 73.03 W, 54, 0 %, 3270 MiB
2026/09/24 15:56:36.715, 1, 2707 MHz, 14001 MHz, 600.09 W, 69, 100 %, 3474 MiB
2026/09/24 15:56:37.717, 0, 510 MHz, 7001 MHz, 47.68 W, 53, 1 %, 3270 MiB
2026/09/24 15:56:37.717, 1, 2707 MHz, 14001 MHz, 599.85 W, 69, 100 %, 3474 MiB
2026/09/24 15:56:38.720, 0, 35 MHz, 810 MHz, 28.63 W, 52, 0 %, 3286 MiB
2026/09/24 15:56:38.720, 1, 2707 MHz, 14001 MHz, 600.09 W, 69, 100 %, 3474 MiB
2026/09/24 15:56:39.722, 0, 30 MHz, 405 MHz, 33.19 W, 52, 4 %, 3286 MiB
2026/09/24 15:56:39.722, 1, 2707 MHz, 14001 MHz, 599.95 W, 69, 100 %, 3474 MiB
2026/09/24 15:56:40.736, 0, 34 MHz, 405 MHz, 26.82 W, 52, 1 %, 3270 MiB
2026/09/24 15:56:40.736, 1, 2707 MHz, 14001 MHz, 600.07 W, 69, 100 %, 3474 MiB
2026/09/24 15:56:41.738, 0, 30 MHz, 405 MHz, 30.97 W, 52, 1 %, 3272 MiB
2026/09/24 15:56:41.738, 1, 2707 MHz, 14001 MHz, 599.84 W, 69, 100 %, 3474 MiB
2026/09/24 15:56:42.742, 0, 28 MHz, 405 MHz, 28.26 W, 52, 0 %, 3272 MiB
2026/09/24 15:56:42.742, 1, 2707 MHz, 14001 MHz, 600.10 W, 69, 100 %, 3474 MiB
2026/09/24 15:56:43.758, 0, 877 MHz, 405 MHz, 18.28 W, 52, 0 %, 3266 MiB
2026/09/24 15:56:43.758, 1, 2707 MHz, 14001 MHz, 583.33 W, 65, 100 %, 3474 MiB
2026/09/24 15:56:44.760, 0, 2572 MHz, 14001 MHz, 69.60 W, 54, 0 %, 3281 MiB
2026/09/24 15:56:44.760, 1, 2707 MHz, 14001 MHz, 596.88 W, 70, 100 %, 3474 MiB
2026/09/24 15:56:45.768, 0, 2580 MHz, 14001 MHz, 74.75 W, 54, 2 %, 3277 MiB
2026/09/24 15:56:45.768, 1, 2707 MHz, 14001 MHz, 599.86 W, 70, 99 %, 3474 MiB
2026/09/24 15:56:46.769, 0, 517 MHz, 810 MHz, 37.61 W, 53, 0 %, 3277 MiB
2026/09/24 15:56:46.769, 1, 2707 MHz, 14001 MHz, 600.06 W, 70, 99 %, 3474 MiB
2026/09/24 15:56:47.772, 0, 307 MHz, 810 MHz, 30.40 W, 52, 0 %, 3277 MiB
2026/09/24 15:56:47.772, 1, 2707 MHz, 14001 MHz, 599.91 W, 69, 100 %, 3474 MiB
2026/09/24 15:56:48.779, 0, 33 MHz, 405 MHz, 28.24 W, 52, 0 %, 3264 MiB
2026/09/24 15:56:48.779, 1, 2707 MHz, 14001 MHz, 600.00 W, 69, 100 %, 3474 MiB
2026/09/24 15:56:49.783, 0, 31 MHz, 405 MHz, 24.01 W, 52, 0 %, 3264 MiB
2026/09/24 15:56:49.783, 1, 2707 MHz, 14001 MHz, 600.14 W, 69, 100 %, 3474 MiB
2026/09/24 15:56:50.788, 0, 34 MHz, 405 MHz, 21.58 W, 52, 0 %, 3263 MiB
2026/09/24 15:56:50.788, 1, 2707 MHz, 14001 MHz, 599.95 W, 69, 100 %, 3474 MiB
2026/09/24 15:56:51.793, 0, 40 MHz, 405 MHz, 20.92 W, 52, 1 %, 3260 MiB
2026/09/24 15:56:51.793, 1, 2707 MHz, 14001 MHz, 600.04 W, 69, 100 %, 3474 MiB
2026/09/24 15:56:52.794, 0, 37 MHz, 405 MHz, 23.77 W, 52, 0 %, 3253 MiB
2026/09/24 15:56:52.794, 1, 2707 MHz, 14001 MHz, 600.13 W, 69, 100 %, 3474 MiB
2026/09/24 15:56:53.800, 0, 37 MHz, 405 MHz, 19.76 W, 52, 1 %, 3252 MiB
2026/09/24 15:56:53.800, 1, 2707 MHz, 14001 MHz, 599.88 W, 69, 100 %, 3474 MiB
2026/09/24 15:56:54.815, 0, 28 MHz, 405 MHz, 23.01 W, 52, 0 %, 3253 MiB
2026/09/24 15:56:54.815, 1, 2707 MHz, 14001 MHz, 600.05 W, 69, 100 %, 3474 MiB
2026/09/24 15:56:55.820, 0, 34 MHz, 405 MHz, 22.74 W, 52, 1 %, 3253 MiB
2026/09/24 15:56:55.820, 1, 2707 MHz, 14001 MHz, 599.53 W, 69, 99 %, 3474 MiB
2026/09/24 15:56:56.821, 0, 27 MHz, 405 MHz, 23.74 W, 52, 0 %, 3252 MiB
2026/09/24 15:56:56.821, 1, 2707 MHz, 14001 MHz, 599.83 W, 69, 100 %, 3474 MiB
2026/09/24 15:56:57.828, 0, 32 MHz, 405 MHz, 24.94 W, 52, 0 %, 3253 MiB
2026/09/24 15:56:57.828, 1, 2707 MHz, 14001 MHz, 599.75 W, 69, 99 %, 3474 MiB
2026/09/24 15:56:58.836, 0, 32 MHz, 405 MHz, 22.54 W, 52, 0 %, 3252 MiB
2026/09/24 15:56:58.836, 1, 2707 MHz, 14001 MHz, 599.88 W, 69, 99 %, 3474 MiB
2026/09/24 15:56:59.838, 0, 32 MHz, 405 MHz, 26.34 W, 52, 0 %, 3252 MiB
2026/09/24 15:56:59.838, 1, 2707 MHz, 14001 MHz, 600.01 W, 70, 99 %, 3474 MiB
2026/09/24 15:57:00.840, 0, 33 MHz, 405 MHz, 21.67 W, 52, 1 %, 3253 MiB
2026/09/24 15:57:00.840, 1, 2707 MHz, 14001 MHz, 599.97 W, 70, 100 %, 3474 MiB
2026/09/24 15:57:01.855, 0, 34 MHz, 405 MHz, 23.45 W, 52, 0 %, 3253 MiB
2026/09/24 15:57:01.855, 1, 2707 MHz, 14001 MHz, 600.09 W, 69, 100 %, 3474 MiB
2026/09/24 15:57:02.859, 0, 37 MHz, 405 MHz, 24.57 W, 52, 1 %, 3253 MiB
2026/09/24 15:57:02.859, 1, 2707 MHz, 14001 MHz, 599.98 W, 69, 100 %, 3474 MiB
2026/09/24 15:57:03.862, 0, 28 MHz, 405 MHz, 21.45 W, 52, 0 %, 3253 MiB
2026/09/24 15:57:03.862, 1, 2715 MHz, 14001 MHz, 600.10 W, 69, 100 %, 3474 MiB
2026/09/24 15:57:04.876, 0, 36 MHz, 405 MHz, 21.91 W, 52, 0 %, 3252 MiB
2026/09/24 15:57:04.876, 1, 2707 MHz, 14001 MHz, 600.06 W, 69, 100 %, 3474 MiB
2026/09/24 15:57:05.882, 0, 30 MHz, 405 MHz, 21.15 W, 52, 0 %, 3253 MiB
2026/09/24 15:57:05.882, 1, 2707 MHz, 14001 MHz, 599.99 W, 69, 100 %, 3474 MiB
2026/09/24 15:57:06.884, 0, 32 MHz, 405 MHz, 24.63 W, 52, 0 %, 3228 MiB
2026/09/24 15:57:06.884, 1, 2707 MHz, 14001 MHz, 600.17 W, 69, 100 %, 3474 MiB
2026/09/24 15:57:07.887, 0, 34 MHz, 405 MHz, 25.75 W, 52, 1 %, 3228 MiB
2026/09/24 15:57:07.887, 1, 2707 MHz, 14001 MHz, 599.92 W, 69, 100 %, 3474 MiB
2026/09/24 15:57:08.891, 0, 35 MHz, 405 MHz, 21.65 W, 52, 1 %, 3229 MiB
2026/09/24 15:57:08.891, 1, 2707 MHz, 14001 MHz, 599.91 W, 69, 100 %, 3474 MiB
2026/09/24 15:57:09.906, 0, 30 MHz, 405 MHz, 25.06 W, 52, 0 %, 3229 MiB
2026/09/24 15:57:09.906, 1, 2707 MHz, 14001 MHz, 600.10 W, 69, 100 %, 3474 MiB
2026/09/24 15:57:10.912, 0, 28 MHz, 405 MHz, 23.18 W, 52, 0 %, 3229 MiB
2026/09/24 15:57:10.912, 1, 2715 MHz, 14001 MHz, 600.09 W, 69, 100 %, 3474 MiB
2026/09/24 15:57:11.917, 0, 30 MHz, 405 MHz, 25.39 W, 52, 0 %, 3229 MiB
2026/09/24 15:57:11.917, 1, 2707 MHz, 14001 MHz, 600.10 W, 69, 100 %, 3474 MiB
2026/09/24 15:57:12.921, 0, 30 MHz, 405 MHz, 25.12 W, 52, 0 %, 3229 MiB
2026/09/24 15:57:12.921, 1, 2707 MHz, 14001 MHz, 599.95 W, 69, 100 %, 3474 MiB
2026/09/24 15:57:13.926, 0, 29 MHz, 405 MHz, 26.90 W, 52, 0 %, 3229 MiB
2026/09/24 15:57:13.926, 1, 2707 MHz, 14001 MHz, 599.90 W, 69, 100 %, 3474 MiB
2026/09/24 15:57:14.935, 0, 570 MHz, 405 MHz, 29.35 W, 52, 2 %, 3233 MiB
2026/09/24 15:57:14.935, 1, 2707 MHz, 14001 MHz, 599.94 W, 69, 100 %, 3474 MiB
2026/09/24 15:57:15.937, 0, 397 MHz, 405 MHz, 39.19 W, 52, 0 %, 3245 MiB
2026/09/24 15:57:15.937, 1, 2707 MHz, 14001 MHz, 599.89 W, 69, 100 %, 3474 MiB
2026/09/24 15:57:16.939, 0, 397 MHz, 405 MHz, 38.29 W, 52, 0 %, 3228 MiB
2026/09/24 15:57:16.939, 1, 2707 MHz, 14001 MHz, 600.18 W, 69, 100 %, 3474 MiB
2026/09/24 15:57:17.940, 0, 32 MHz, 405 MHz, 35.11 W, 52, 0 %, 3233 MiB
2026/09/24 15:57:17.940, 1, 2707 MHz, 14001 MHz, 600.16 W, 69, 100 %, 3474 MiB
2026/09/24 15:57:18.945, 0, 32 MHz, 405 MHz, 23.43 W, 52, 0 %, 3363 MiB
2026/09/24 15:57:18.945, 1, 2707 MHz, 14001 MHz, 599.61 W, 69, 100 %, 3474 MiB
2026/09/24 15:57:19.952, 0, 42 MHz, 405 MHz, 33.98 W, 52, 1 %, 3359 MiB
2026/09/24 15:57:19.952, 1, 2707 MHz, 14001 MHz, 599.84 W, 69, 100 %, 3474 MiB
2026/09/24 15:57:20.960, 0, 30 MHz, 405 MHz, 21.50 W, 52, 0 %, 3359 MiB
2026/09/24 15:57:20.960, 1, 2707 MHz, 14001 MHz, 600.06 W, 69, 100 %, 3474 MiB
2026/09/24 15:57:21.971, 0, 28 MHz, 405 MHz, 20.66 W, 52, 0 %, 3359 MiB
2026/09/24 15:57:21.971, 1, 2707 MHz, 14001 MHz, 599.99 W, 69, 100 %, 3474 MiB
2026/09/24 15:57:22.973, 0, 28 MHz, 405 MHz, 20.88 W, 52, 0 %, 3359 MiB
2026/09/24 15:57:22.973, 1, 2707 MHz, 14001 MHz, 599.81 W, 69, 99 %, 3474 MiB
2026/09/24 15:57:23.981, 0, 28 MHz, 405 MHz, 20.54 W, 52, 0 %, 3358 MiB
2026/09/24 15:57:23.981, 1, 2707 MHz, 14001 MHz, 599.79 W, 69, 99 %, 3474 MiB
2026/09/24 15:57:24.985, 0, 28 MHz, 405 MHz, 20.33 W, 52, 0 %, 3358 MiB
2026/09/24 15:57:24.985, 1, 2707 MHz, 14001 MHz, 599.95 W, 69, 100 %, 3474 MiB
2026/09/24 15:57:25.990, 0, 48 MHz, 405 MHz, 30.29 W, 52, 1 %, 3285 MiB
2026/09/24 15:57:25.990, 1, 2707 MHz, 14001 MHz, 600.02 W, 69, 99 %, 3474 MiB
2026/09/24 15:57:26.998, 0, 36 MHz, 405 MHz, 34.79 W, 52, 0 %, 3291 MiB
2026/09/24 15:57:26.998, 1, 2707 MHz, 14001 MHz, 600.01 W, 69, 99 %, 3474 MiB
2026/09/24 15:57:28.005, 0, 225 MHz, 405 MHz, 32.50 W, 52, 0 %, 3298 MiB
2026/09/24 15:57:28.005, 1, 2707 MHz, 14001 MHz, 600.16 W, 69, 100 %, 3474 MiB
2026/09/24 15:57:29.011, 0, 32 MHz, 405 MHz, 30.29 W, 52, 0 %, 3297 MiB
2026/09/24 15:57:29.011, 1, 2707 MHz, 14001 MHz, 600.00 W, 69, 99 %, 3474 MiB
2026/09/24 15:57:30.017, 0, 442 MHz, 405 MHz, 25.83 W, 52, 1 %, 3308 MiB
2026/09/24 15:57:30.017, 1, 2707 MHz, 14001 MHz, 600.03 W, 69, 99 %, 3474 MiB
2026/09/24 15:57:31.024, 0, 427 MHz, 405 MHz, 34.41 W, 52, 1 %, 3309 MiB
2026/09/24 15:57:31.024, 1, 2707 MHz, 14001 MHz, 600.17 W, 69, 99 %, 3474 MiB
2026/09/24 15:57:32.031, 0, 412 MHz, 405 MHz, 34.05 W, 52, 0 %, 3295 MiB
2026/09/24 15:57:32.031, 1, 2707 MHz, 14001 MHz, 600.17 W, 69, 99 %, 3474 MiB
2026/09/24 15:57:33.038, 0, 57 MHz, 405 MHz, 32.93 W, 52, 1 %, 3291 MiB
2026/09/24 15:57:33.038, 1, 2707 MHz, 14001 MHz, 599.99 W, 69, 99 %, 3474 MiB
2026/09/24 15:57:34.046, 0, 49 MHz, 405 MHz, 27.70 W, 52, 1 %, 3291 MiB
2026/09/24 15:57:34.046, 1, 2707 MHz, 14001 MHz, 600.21 W, 69, 100 %, 3474 MiB
2026/09/24 15:57:35.048, 0, 270 MHz, 405 MHz, 29.53 W, 52, 0 %, 3292 MiB
2026/09/24 15:57:35.048, 1, 2707 MHz, 14001 MHz, 600.16 W, 69, 100 %, 3474 MiB
2026/09/24 15:57:36.052, 0, 34 MHz, 405 MHz, 33.80 W, 52, 0 %, 3281 MiB
2026/09/24 15:57:36.052, 1, 2707 MHz, 14001 MHz, 599.95 W, 69, 100 %, 3474 MiB
2026/09/24 15:57:37.057, 0, 697 MHz, 405 MHz, 29.22 W, 52, 6 %, 3310 MiB
2026/09/24 15:57:37.057, 1, 2707 MHz, 14001 MHz, 599.89 W, 69, 100 %, 3474 MiB
2026/09/24 15:57:38.063, 0, 330 MHz, 405 MHz, 33.44 W, 52, 0 %, 3310 MiB
2026/09/24 15:57:38.063, 1, 2707 MHz, 14001 MHz, 600.02 W, 69, 100 %, 3474 MiB
2026/09/24 15:57:39.071, 0, 35 MHz, 405 MHz, 32.43 W, 52, 0 %, 3310 MiB
2026/09/24 15:57:39.071, 1, 2707 MHz, 14001 MHz, 600.00 W, 69, 99 %, 3474 MiB
2026/09/24 15:57:40.073, 0, 30 MHz, 405 MHz, 29.40 W, 52, 0 %, 3311 MiB
2026/09/24 15:57:40.073, 1, 2707 MHz, 14001 MHz, 599.75 W, 69, 99 %, 3474 MiB
2026/09/24 15:57:41.081, 0, 457 MHz, 405 MHz, 30.77 W, 52, 1 %, 3312 MiB
2026/09/24 15:57:41.081, 1, 2707 MHz, 14001 MHz, 599.93 W, 69, 99 %, 3474 MiB
2026/09/24 15:57:42.081, 0, 465 MHz, 405 MHz, 38.23 W, 52, 1 %, 3312 MiB
2026/09/24 15:57:42.081, 1, 2707 MHz, 14001 MHz, 599.99 W, 68, 99 %, 3474 MiB
2026/09/24 15:57:43.096, 0, 29 MHz, 405 MHz, 31.88 W, 52, 0 %, 3312 MiB
2026/09/24 15:57:43.096, 1, 2707 MHz, 14001 MHz, 600.16 W, 69, 99 %, 3474 MiB
2026/09/24 15:57:44.100, 0, 37 MHz, 405 MHz, 26.04 W, 52, 0 %, 3311 MiB
2026/09/24 15:57:44.100, 1, 2707 MHz, 14001 MHz, 599.87 W, 69, 100 %, 3474 MiB
2026/09/24 15:57:45.103, 0, 412 MHz, 405 MHz, 30.28 W, 52, 1 %, 3301 MiB
2026/09/24 15:57:45.103, 1, 2707 MHz, 14001 MHz, 600.06 W, 69, 100 %, 3474 MiB
2026/09/24 15:57:46.106, 0, 285 MHz, 405 MHz, 31.97 W, 52, 0 %, 3300 MiB
2026/09/24 15:57:46.106, 1, 2707 MHz, 14001 MHz, 600.04 W, 69, 100 %, 3474 MiB
2026/09/24 15:57:47.118, 0, 32 MHz, 405 MHz, 27.73 W, 52, 0 %, 3295 MiB
2026/09/24 15:57:47.118, 1, 2707 MHz, 14001 MHz, 599.99 W, 69, 100 %, 3474 MiB
2026/09/24 15:57:48.122, 0, 39 MHz, 405 MHz, 26.23 W, 52, 0 %, 3291 MiB
2026/09/24 15:57:48.122, 1, 2707 MHz, 14001 MHz, 599.87 W, 69, 100 %, 3474 MiB
2026/09/24 15:57:49.126, 0, 420 MHz, 405 MHz, 30.87 W, 52, 1 %, 3303 MiB
2026/09/24 15:57:49.126, 1, 2707 MHz, 14001 MHz, 600.03 W, 69, 100 %, 3474 MiB
2026/09/24 15:57:50.128, 0, 397 MHz, 405 MHz, 38.74 W, 52, 0 %, 3262 MiB
2026/09/24 15:57:50.129, 1, 2707 MHz, 14001 MHz, 600.07 W, 69, 100 %, 3474 MiB
2026/09/24 15:57:51.135, 0, 270 MHz, 405 MHz, 37.61 W, 52, 0 %, 3267 MiB
2026/09/24 15:57:51.135, 1, 2707 MHz, 14001 MHz, 599.97 W, 69, 100 %, 3474 MiB
2026/09/24 15:57:52.150, 0, 28 MHz, 405 MHz, 23.90 W, 52, 0 %, 3345 MiB
2026/09/24 15:57:52.150, 1, 2707 MHz, 14001 MHz, 599.96 W, 69, 100 %, 3474 MiB
2026/09/24 15:57:53.151, 0, 28 MHz, 405 MHz, 29.11 W, 52, 0 %, 3335 MiB
2026/09/24 15:57:53.151, 1, 2707 MHz, 14001 MHz, 600.08 W, 69, 100 %, 3474 MiB
2026/09/24 15:57:54.159, 0, 28 MHz, 405 MHz, 23.60 W, 52, 0 %, 3335 MiB
2026/09/24 15:57:54.159, 1, 2707 MHz, 14001 MHz, 600.07 W, 69, 100 %, 3474 MiB
2026/09/24 15:57:55.162, 0, 28 MHz, 405 MHz, 24.40 W, 52, 0 %, 3335 MiB
2026/09/24 15:57:55.162, 1, 2715 MHz, 14001 MHz, 599.85 W, 69, 99 %, 3474 MiB
2026/09/24 15:57:56.164, 0, 30 MHz, 405 MHz, 24.62 W, 52, 0 %, 3335 MiB
2026/09/24 15:57:56.164, 1, 2707 MHz, 14001 MHz, 600.06 W, 69, 99 %, 3474 MiB
2026/09/24 15:57:57.167, 0, 31 MHz, 405 MHz, 24.39 W, 52, 0 %, 3329 MiB
2026/09/24 15:57:57.167, 1, 2707 MHz, 14001 MHz, 600.10 W, 69, 100 %, 3474 MiB
2026/09/24 15:57:58.179, 0, 31 MHz, 405 MHz, 24.75 W, 52, 0 %, 3335 MiB
2026/09/24 15:57:58.179, 1, 2707 MHz, 14001 MHz, 599.87 W, 69, 100 %, 3474 MiB
2026/09/24 15:57:59.184, 0, 66 MHz, 405 MHz, 30.29 W, 52, 1 %, 3273 MiB
2026/09/24 15:57:59.184, 1, 2707 MHz, 14001 MHz, 599.74 W, 69, 100 %, 3474 MiB
2026/09/24 15:58:00.187, 0, 28 MHz, 405 MHz, 29.75 W, 52, 0 %, 3273 MiB
2026/09/24 15:58:00.187, 1, 2715 MHz, 14001 MHz, 600.20 W, 69, 100 %, 3474 MiB
2026/09/24 15:58:01.191, 0, 33 MHz, 405 MHz, 25.40 W, 52, 0 %, 3269 MiB
2026/09/24 15:58:01.191, 1, 2707 MHz, 14001 MHz, 600.04 W, 69, 100 %, 3474 MiB
2026/09/24 15:58:02.200, 0, 33 MHz, 405 MHz, 25.68 W, 52, 0 %, 3269 MiB
2026/09/24 15:58:02.200, 1, 2707 MHz, 14001 MHz, 599.91 W, 69, 100 %, 3474 MiB
2026/09/24 15:58:03.205, 0, 28 MHz, 405 MHz, 24.68 W, 52, 0 %, 3268 MiB
2026/09/24 15:58:03.205, 1, 2707 MHz, 14001 MHz, 599.94 W, 69, 100 %, 3474 MiB
2026/09/24 15:58:04.206, 0, 30 MHz, 405 MHz, 25.36 W, 52, 0 %, 3267 MiB
2026/09/24 15:58:04.206, 1, 2715 MHz, 14001 MHz, 599.93 W, 69, 99 %, 3474 MiB
2026/09/24 15:58:05.210, 0, 42 MHz, 405 MHz, 26.72 W, 52, 1 %, 3249 MiB
2026/09/24 15:58:05.210, 1, 2715 MHz, 14001 MHz, 600.08 W, 69, 99 %, 3474 MiB
2026/09/24 15:58:06.216, 0, 35 MHz, 405 MHz, 24.25 W, 52, 1 %, 3240 MiB
2026/09/24 15:58:06.216, 1, 2707 MHz, 14001 MHz, 599.81 W, 69, 100 %, 3474 MiB
2026/09/24 15:58:07.229, 0, 33 MHz, 405 MHz, 23.12 W, 52, 0 %, 3240 MiB
2026/09/24 15:58:07.229, 1, 2707 MHz, 14001 MHz, 599.87 W, 69, 100 %, 3474 MiB
2026/09/24 15:58:08.234, 0, 32 MHz, 405 MHz, 25.67 W, 52, 0 %, 3240 MiB
2026/09/24 15:58:08.234, 1, 2707 MHz, 14001 MHz, 600.18 W, 69, 100 %, 3474 MiB
2026/09/24 15:58:09.236, 0, 32 MHz, 405 MHz, 23.29 W, 52, 0 %, 3240 MiB
2026/09/24 15:58:09.236, 1, 2715 MHz, 14001 MHz, 599.91 W, 68, 100 %, 3474 MiB
2026/09/24 15:58:10.240, 0, 225 MHz, 405 MHz, 27.60 W, 52, 0 %, 3240 MiB
2026/09/24 15:58:10.240, 1, 2707 MHz, 14001 MHz, 600.02 W, 69, 100 %, 3474 MiB
2026/09/24 15:58:11.254, 0, 35 MHz, 405 MHz, 30.23 W, 52, 0 %, 3244 MiB
2026/09/24 15:58:11.254, 1, 2715 MHz, 14001 MHz, 600.02 W, 69, 99 %, 3474 MiB
2026/09/24 15:58:12.270, 0, 28 MHz, 405 MHz, 24.98 W, 52, 0 %, 3244 MiB
2026/09/24 15:58:12.270, 1, 2707 MHz, 14001 MHz, 599.98 W, 69, 100 %, 3474 MiB
2026/09/24 15:58:13.283, 0, 32 MHz, 405 MHz, 22.86 W, 52, 0 %, 3244 MiB
2026/09/24 15:58:13.283, 1, 2707 MHz, 14001 MHz, 599.87 W, 69, 100 %, 3474 MiB
2026/09/24 15:58:14.290, 0, 247 MHz, 405 MHz, 21.87 W, 52, 0 %, 3240 MiB
2026/09/24 15:58:14.290, 1, 2715 MHz, 14001 MHz, 600.04 W, 69, 100 %, 3474 MiB
2026/09/24 15:58:15.294, 0, 32 MHz, 405 MHz, 23.98 W, 52, 0 %, 3235 MiB
2026/09/24 15:58:15.294, 1, 2715 MHz, 14001 MHz, 599.89 W, 68, 100 %, 3474 MiB
2026/09/24 15:58:16.302, 0, 37 MHz, 405 MHz, 21.90 W, 52, 0 %, 3235 MiB
2026/09/24 15:58:16.302, 1, 2715 MHz, 14001 MHz, 600.01 W, 69, 100 %, 3474 MiB
2026/09/24 15:58:17.317, 0, 31 MHz, 405 MHz, 22.19 W, 52, 0 %, 3237 MiB
2026/09/24 15:58:17.317, 1, 2715 MHz, 14001 MHz, 600.18 W, 69, 99 %, 3474 MiB
2026/09/24 15:58:18.324, 0, 270 MHz, 405 MHz, 22.42 W, 52, 0 %, 3237 MiB
2026/09/24 15:58:18.324, 1, 2715 MHz, 14001 MHz, 599.82 W, 69, 100 %, 3474 MiB
2026/09/24 15:58:19.339, 0, 28 MHz, 405 MHz, 22.05 W, 52, 0 %, 3240 MiB
2026/09/24 15:58:19.339, 1, 2707 MHz, 14001 MHz, 599.97 W, 69, 100 %, 3474 MiB
2026/09/24 15:58:20.354, 0, 28 MHz, 405 MHz, 22.68 W, 52, 0 %, 3240 MiB
2026/09/24 15:58:20.354, 1, 2715 MHz, 14001 MHz, 599.91 W, 69, 100 %, 3474 MiB
2026/09/24 15:58:21.367, 0, 28 MHz, 405 MHz, 22.42 W, 52, 0 %, 3240 MiB
2026/09/24 15:58:21.367, 1, 2715 MHz, 14001 MHz, 599.79 W, 69, 100 %, 3474 MiB
2026/09/24 15:58:22.375, 0, 28 MHz, 405 MHz, 23.31 W, 52, 0 %, 3240 MiB
2026/09/24 15:58:22.375, 1, 2707 MHz, 14001 MHz, 599.92 W, 69, 100 %, 3474 MiB
2026/09/24 15:58:23.378, 0, 32 MHz, 405 MHz, 23.87 W, 52, 0 %, 3239 MiB
2026/09/24 15:58:23.378, 1, 2707 MHz, 14001 MHz, 600.27 W, 69, 100 %, 3474 MiB
2026/09/24 15:58:24.382, 0, 31 MHz, 405 MHz, 21.64 W, 52, 0 %, 3235 MiB
2026/09/24 15:58:24.382, 1, 2715 MHz, 14001 MHz, 599.93 W, 69, 100 %, 3474 MiB
2026/09/24 15:58:25.388, 0, 50 MHz, 405 MHz, 25.54 W, 52, 0 %, 3239 MiB
2026/09/24 15:58:25.388, 1, 2715 MHz, 14001 MHz, 599.84 W, 69, 100 %, 3474 MiB
2026/09/24 15:58:26.394, 0, 32 MHz, 405 MHz, 25.78 W, 52, 0 %, 3239 MiB
2026/09/24 15:58:26.394, 1, 2707 MHz, 14001 MHz, 599.93 W, 69, 99 %, 3474 MiB
2026/09/24 15:58:27.407, 0, 36 MHz, 405 MHz, 21.57 W, 52, 0 %, 3237 MiB
2026/09/24 15:58:27.407, 1, 2707 MHz, 14001 MHz, 600.11 W, 69, 100 %, 3474 MiB
2026/09/24 15:58:28.410, 0, 28 MHz, 405 MHz, 22.23 W, 52, 0 %, 3239 MiB
2026/09/24 15:58:28.410, 1, 2715 MHz, 14001 MHz, 600.02 W, 69, 100 %, 3474 MiB
2026/09/24 15:58:29.416, 0, 32 MHz, 405 MHz, 22.59 W, 52, 0 %, 3239 MiB
2026/09/24 15:58:29.416, 1, 2715 MHz, 14001 MHz, 599.72 W, 69, 100 %, 3474 MiB
2026/09/24 15:58:30.422, 0, 39 MHz, 405 MHz, 24.37 W, 52, 0 %, 3242 MiB
2026/09/24 15:58:30.422, 1, 2707 MHz, 14001 MHz, 600.15 W, 69, 100 %, 3474 MiB
2026/09/24 15:58:31.424, 0, 42 MHz, 405 MHz, 22.95 W, 52, 1 %, 3242 MiB
2026/09/24 15:58:31.424, 1, 2715 MHz, 14001 MHz, 600.01 W, 69, 100 %, 3474 MiB
2026/09/24 15:58:32.428, 0, 32 MHz, 405 MHz, 23.44 W, 52, 0 %, 3238 MiB
2026/09/24 15:58:32.428, 1, 2715 MHz, 14001 MHz, 599.92 W, 69, 100 %, 3474 MiB
2026/09/24 15:58:33.434, 0, 36 MHz, 405 MHz, 20.99 W, 51, 0 %, 3238 MiB
2026/09/24 15:58:33.434, 1, 2707 MHz, 14001 MHz, 599.86 W, 69, 99 %, 3474 MiB
2026/09/24 15:58:34.444, 0, 29 MHz, 405 MHz, 22.24 W, 51, 1 %, 3238 MiB
2026/09/24 15:58:34.444, 1, 2707 MHz, 14001 MHz, 598.23 W, 70, 100 %, 3474 MiB
2026/09/24 15:58:35.447, 0, 34 MHz, 405 MHz, 24.53 W, 52, 1 %, 3246 MiB
2026/09/24 15:58:35.447, 1, 2707 MHz, 14001 MHz, 601.53 W, 69, 100 %, 3474 MiB
2026/09/24 15:58:36.462, 0, 35 MHz, 405 MHz, 24.51 W, 51, 0 %, 3222 MiB
2026/09/24 15:58:36.462, 1, 2707 MHz, 14001 MHz, 600.29 W, 69, 99 %, 3474 MiB
2026/09/24 15:58:37.477, 0, 38 MHz, 405 MHz, 22.83 W, 51, 0 %, 3241 MiB
2026/09/24 15:58:37.477, 1, 2707 MHz, 14001 MHz, 599.83 W, 69, 100 %, 3474 MiB
2026/09/24 15:58:38.491, 0, 36 MHz, 405 MHz, 24.19 W, 51, 0 %, 3240 MiB
2026/09/24 15:58:38.491, 1, 2707 MHz, 14001 MHz, 600.15 W, 69, 100 %, 3474 MiB
2026/09/24 15:58:39.496, 0, 48 MHz, 405 MHz, 27.45 W, 52, 0 %, 3240 MiB
2026/09/24 15:58:39.496, 1, 2707 MHz, 14001 MHz, 599.92 W, 69, 100 %, 3474 MiB
2026/09/24 15:58:40.500, 0, 63 MHz, 405 MHz, 29.75 W, 52, 0 %, 3234 MiB
2026/09/24 15:58:40.500, 1, 2707 MHz, 14001 MHz, 599.77 W, 69, 100 %, 3474 MiB
2026/09/24 15:58:41.501, 0, 397 MHz, 405 MHz, 38.48 W, 52, 0 %, 3245 MiB
2026/09/24 15:58:41.501, 1, 2707 MHz, 14001 MHz, 600.21 W, 69, 99 %, 3474 MiB
2026/09/24 15:58:42.516, 0, 397 MHz, 405 MHz, 38.55 W, 52, 0 %, 3233 MiB
2026/09/24 15:58:42.516, 1, 2707 MHz, 14001 MHz, 600.23 W, 69, 100 %, 3474 MiB
2026/09/24 15:58:43.520, 0, 30 MHz, 405 MHz, 33.29 W, 52, 0 %, 3234 MiB
2026/09/24 15:58:43.520, 1, 2715 MHz, 14001 MHz, 599.82 W, 68, 100 %, 3474 MiB
2026/09/24 15:58:44.529, 0, 66 MHz, 405 MHz, 23.56 W, 52, 0 %, 3307 MiB
2026/09/24 15:58:44.529, 1, 2707 MHz, 14001 MHz, 599.94 W, 69, 100 %, 3474 MiB
2026/09/24 15:58:45.531, 0, 34 MHz, 405 MHz, 31.40 W, 52, 0 %, 3307 MiB
2026/09/24 15:58:45.531, 1, 2715 MHz, 14001 MHz, 600.11 W, 69, 99 %, 3474 MiB
2026/09/24 15:58:46.532, 0, 28 MHz, 405 MHz, 26.00 W, 52, 0 %, 3285 MiB
2026/09/24 15:58:46.532, 1, 2707 MHz, 14001 MHz, 600.17 W, 69, 100 %, 3474 MiB
2026/09/24 15:58:47.535, 0, 465 MHz, 405 MHz, 27.28 W, 52, 0 %, 3285 MiB
2026/09/24 15:58:47.535, 1, 2715 MHz, 14001 MHz, 599.96 W, 69, 100 %, 3474 MiB
2026/09/24 15:58:48.538, 0, 31 MHz, 405 MHz, 30.80 W, 52, 1 %, 3296 MiB
2026/09/24 15:58:48.538, 1, 2715 MHz, 14001 MHz, 600.12 W, 69, 99 %, 3474 MiB
2026/09/24 15:58:49.543, 0, 435 MHz, 405 MHz, 22.56 W, 52, 0 %, 3279 MiB
2026/09/24 15:58:49.543, 1, 2707 MHz, 14001 MHz, 600.15 W, 69, 100 %, 3474 MiB
2026/09/24 15:58:50.549, 0, 28 MHz, 405 MHz, 27.00 W, 51, 0 %, 3274 MiB
2026/09/24 15:58:50.549, 1, 2715 MHz, 14001 MHz, 599.85 W, 69, 100 %, 3474 MiB
2026/09/24 15:58:51.551, 0, 28 MHz, 405 MHz, 19.81 W, 51, 0 %, 3274 MiB
2026/09/24 15:58:51.551, 1, 2715 MHz, 14001 MHz, 600.24 W, 69, 100 %, 3474 MiB
2026/09/24 15:58:52.554, 0, 442 MHz, 405 MHz, 22.85 W, 52, 0 %, 3253 MiB
2026/09/24 15:58:52.554, 1, 2715 MHz, 14001 MHz, 600.13 W, 69, 100 %, 3474 MiB
2026/09/24 15:58:53.560, 0, 28 MHz, 405 MHz, 26.75 W, 51, 1 %, 3253 MiB
2026/09/24 15:58:53.560, 1, 2715 MHz, 14001 MHz, 599.87 W, 69, 100 %, 3474 MiB
2026/09/24 15:58:54.566, 0, 30 MHz, 405 MHz, 19.83 W, 51, 0 %, 3252 MiB
2026/09/24 15:58:54.566, 1, 2715 MHz, 14001 MHz, 600.22 W, 69, 99 %, 3474 MiB
2026/09/24 15:58:55.571, 0, 34 MHz, 405 MHz, 19.58 W, 51, 0 %, 3248 MiB
2026/09/24 15:58:55.571, 1, 2707 MHz, 14001 MHz, 599.98 W, 69, 100 %, 3474 MiB
2026/09/24 15:58:56.575, 0, 337 MHz, 405 MHz, 27.15 W, 52, 0 %, 3248 MiB
2026/09/24 15:58:56.575, 1, 2715 MHz, 14001 MHz, 599.46 W, 69, 100 %, 3474 MiB
2026/09/24 15:58:57.578, 0, 292 MHz, 405 MHz, 32.92 W, 52, 0 %, 3248 MiB
2026/09/24 15:58:57.578, 1, 2715 MHz, 14001 MHz, 599.81 W, 69, 100 %, 3474 MiB
2026/09/24 15:58:58.581, 0, 307 MHz, 405 MHz, 33.38 W, 52, 0 %, 3248 MiB
2026/09/24 15:58:58.581, 1, 2722 MHz, 14001 MHz, 599.89 W, 69, 100 %, 3474 MiB
2026/09/24 15:58:59.586, 0, 34 MHz, 405 MHz, 33.51 W, 51, 0 %, 3248 MiB
2026/09/24 15:58:59.586, 1, 2715 MHz, 14001 MHz, 600.03 W, 69, 100 %, 3474 MiB
2026/09/24 15:59:00.592, 0, 30 MHz, 405 MHz, 21.18 W, 51, 0 %, 3248 MiB
2026/09/24 15:59:00.592, 1, 2707 MHz, 14001 MHz, 599.91 W, 69, 100 %, 3474 MiB
2026/09/24 15:59:01.597, 0, 30 MHz, 405 MHz, 19.92 W, 51, 0 %, 3248 MiB
2026/09/24 15:59:01.597, 1, 2715 MHz, 14001 MHz, 599.77 W, 69, 100 %, 3474 MiB
2026/09/24 15:59:02.601, 0, 30 MHz, 405 MHz, 19.63 W, 51, 0 %, 3248 MiB
2026/09/24 15:59:02.601, 1, 2707 MHz, 14001 MHz, 600.05 W, 69, 100 %, 3474 MiB
2026/09/24 15:59:03.602, 0, 435 MHz, 405 MHz, 22.67 W, 52, 0 %, 3250 MiB
2026/09/24 15:59:03.602, 1, 2715 MHz, 14001 MHz, 599.78 W, 69, 99 %, 3474 MiB
2026/09/24 15:59:04.606, 0, 30 MHz, 405 MHz, 33.29 W, 51, 2 %, 3288 MiB
2026/09/24 15:59:04.606, 1, 2707 MHz, 14001 MHz, 599.99 W, 69, 100 %, 3474 MiB
2026/09/24 15:59:05.615, 0, 40 MHz, 405 MHz, 22.86 W, 51, 0 %, 3289 MiB
2026/09/24 15:59:05.615, 1, 2715 MHz, 14001 MHz, 599.93 W, 69, 100 %, 3474 MiB
2026/09/24 15:59:06.619, 0, 412 MHz, 405 MHz, 29.62 W, 52, 0 %, 3291 MiB
2026/09/24 15:59:06.619, 1, 2715 MHz, 14001 MHz, 599.89 W, 69, 99 %, 3474 MiB
2026/09/24 15:59:07.626, 0, 37 MHz, 405 MHz, 34.10 W, 51, 4 %, 3306 MiB
2026/09/24 15:59:07.626, 1, 2715 MHz, 14001 MHz, 599.89 W, 69, 100 %, 3474 MiB
2026/09/24 15:59:08.630, 0, 41 MHz, 405 MHz, 31.05 W, 51, 1 %, 3306 MiB
2026/09/24 15:59:08.630, 1, 2715 MHz, 14001 MHz, 599.96 W, 69, 100 %, 3474 MiB
2026/09/24 15:59:09.632, 0, 30 MHz, 405 MHz, 30.00 W, 51, 0 %, 3306 MiB
2026/09/24 15:59:09.632, 1, 2715 MHz, 14001 MHz, 600.19 W, 69, 100 %, 3474 MiB
2026/09/24 15:59:10.634, 0, 29 MHz, 405 MHz, 21.20 W, 51, 0 %, 3304 MiB
2026/09/24 15:59:10.634, 1, 2715 MHz, 14001 MHz, 599.98 W, 69, 99 %, 3474 MiB
2026/09/24 15:59:11.642, 0, 34 MHz, 405 MHz, 26.70 W, 51, 0 %, 3292 MiB
2026/09/24 15:59:11.642, 1, 2715 MHz, 14001 MHz, 600.12 W, 69, 100 %, 3474 MiB
2026/09/24 15:59:12.643, 0, 47 MHz, 405 MHz, 21.02 W, 51, 0 %, 3273 MiB
2026/09/24 15:59:12.643, 1, 2715 MHz, 14001 MHz, 600.00 W, 69, 100 %, 3474 MiB
2026/09/24 15:59:13.647, 0, 28 MHz, 405 MHz, 20.75 W, 51, 0 %, 3254 MiB
2026/09/24 15:59:13.647, 1, 2715 MHz, 14001 MHz, 600.11 W, 69, 100 %, 3474 MiB
2026/09/24 15:59:14.652, 0, 37 MHz, 405 MHz, 28.74 W, 51, 2 %, 3261 MiB
2026/09/24 15:59:14.652, 1, 2715 MHz, 14001 MHz, 600.08 W, 69, 99 %, 3474 MiB
2026/09/24 15:59:15.654, 0, 292 MHz, 405 MHz, 32.73 W, 51, 1 %, 3261 MiB
2026/09/24 15:59:15.654, 1, 2715 MHz, 14001 MHz, 599.94 W, 69, 100 %, 3474 MiB
2026/09/24 15:59:16.668, 0, 31 MHz, 405 MHz, 33.85 W, 51, 0 %, 3261 MiB
2026/09/24 15:59:16.668, 1, 2707 MHz, 14001 MHz, 600.04 W, 68, 100 %, 3474 MiB
2026/09/24 15:59:17.670, 0, 28 MHz, 405 MHz, 24.52 W, 51, 0 %, 3261 MiB
2026/09/24 15:59:17.670, 1, 2715 MHz, 14001 MHz, 599.96 W, 69, 100 %, 3474 MiB
2026/09/24 15:59:18.672, 0, 28 MHz, 405 MHz, 23.53 W, 51, 0 %, 3261 MiB
2026/09/24 15:59:18.672, 1, 2707 MHz, 14001 MHz, 599.97 W, 69, 100 %, 3474 MiB
2026/09/24 15:59:19.678, 0, 28 MHz, 405 MHz, 23.62 W, 51, 0 %, 3261 MiB
2026/09/24 15:59:19.678, 1, 2715 MHz, 14001 MHz, 600.21 W, 68, 100 %, 3474 MiB
2026/09/24 15:59:20.686, 0, 30 MHz, 405 MHz, 23.24 W, 51, 0 %, 3261 MiB
2026/09/24 15:59:20.686, 1, 2707 MHz, 14001 MHz, 599.79 W, 68, 100 %, 3474 MiB
2026/09/24 15:59:21.701, 0, 28 MHz, 405 MHz, 23.30 W, 51, 0 %, 3261 MiB
2026/09/24 15:59:21.701, 1, 2722 MHz, 14001 MHz, 599.98 W, 69, 100 %, 3474 MiB
2026/09/24 15:59:22.702, 0, 28 MHz, 405 MHz, 23.59 W, 51, 0 %, 3261 MiB
2026/09/24 15:59:22.702, 1, 2715 MHz, 14001 MHz, 600.02 W, 69, 100 %, 3474 MiB
2026/09/24 15:59:23.705, 0, 28 MHz, 405 MHz, 23.49 W, 51, 0 %, 3261 MiB
2026/09/24 15:59:23.705, 1, 2707 MHz, 14001 MHz, 600.01 W, 68, 99 %, 3474 MiB
2026/09/24 15:59:24.720, 0, 28 MHz, 405 MHz, 23.32 W, 51, 0 %, 3261 MiB
2026/09/24 15:59:24.720, 1, 2715 MHz, 14001 MHz, 599.92 W, 69, 100 %, 3474 MiB
2026/09/24 15:59:25.735, 0, 30 MHz, 405 MHz, 23.43 W, 51, 0 %, 3261 MiB
2026/09/24 15:59:25.735, 1, 2715 MHz, 14001 MHz, 599.89 W, 68, 100 %, 3474 MiB
2026/09/24 15:59:26.740, 0, 28 MHz, 405 MHz, 23.65 W, 51, 0 %, 3261 MiB
2026/09/24 15:59:26.740, 1, 2715 MHz, 14001 MHz, 600.06 W, 69, 100 %, 3474 MiB
2026/09/24 15:59:27.745, 0, 29 MHz, 405 MHz, 23.48 W, 51, 0 %, 3261 MiB
2026/09/24 15:59:27.745, 1, 2722 MHz, 14001 MHz, 600.08 W, 69, 100 %, 3474 MiB
2026/09/24 15:59:28.753, 0, 28 MHz, 405 MHz, 23.16 W, 51, 0 %, 3261 MiB
2026/09/24 15:59:28.753, 1, 2707 MHz, 14001 MHz, 600.12 W, 68, 100 %, 3474 MiB
2026/09/24 15:59:29.755, 0, 28 MHz, 405 MHz, 24.54 W, 51, 0 %, 3261 MiB
2026/09/24 15:59:29.755, 1, 2722 MHz, 14001 MHz, 599.98 W, 68, 100 %, 3474 MiB
2026/09/24 15:59:30.761, 0, 28 MHz, 405 MHz, 23.27 W, 51, 0 %, 3261 MiB
2026/09/24 15:59:30.761, 1, 2715 MHz, 14001 MHz, 599.91 W, 67, 100 %, 3474 MiB
2026/09/24 15:59:31.762, 0, 28 MHz, 405 MHz, 22.93 W, 51, 0 %, 3261 MiB
2026/09/24 15:59:31.762, 1, 2715 MHz, 14001 MHz, 599.97 W, 68, 100 %, 3474 MiB
2026/09/24 15:59:32.776, 0, 30 MHz, 405 MHz, 23.44 W, 51, 0 %, 3261 MiB
2026/09/24 15:59:32.776, 1, 2722 MHz, 14001 MHz, 599.85 W, 69, 100 %, 3474 MiB
2026/09/24 15:59:33.790, 0, 28 MHz, 405 MHz, 23.22 W, 51, 0 %, 3261 MiB
2026/09/24 15:59:33.790, 1, 2715 MHz, 14001 MHz, 600.17 W, 68, 100 %, 3474 MiB
2026/09/24 15:59:34.793, 0, 28 MHz, 405 MHz, 23.57 W, 51, 0 %, 3261 MiB
2026/09/24 15:59:34.793, 1, 2715 MHz, 14001 MHz, 599.97 W, 69, 100 %, 3474 MiB
2026/09/24 15:59:35.796, 0, 28 MHz, 405 MHz, 23.90 W, 51, 0 %, 3261 MiB
2026/09/24 15:59:35.796, 1, 2722 MHz, 14001 MHz, 599.71 W, 69, 100 %, 3474 MiB
2026/09/24 15:59:36.798, 0, 28 MHz, 405 MHz, 23.50 W, 51, 0 %, 3261 MiB
2026/09/24 15:59:36.798, 1, 2707 MHz, 14001 MHz, 599.87 W, 68, 100 %, 3474 MiB
2026/09/24 15:59:37.802, 0, 28 MHz, 405 MHz, 23.23 W, 51, 0 %, 3261 MiB
2026/09/24 15:59:37.802, 1, 2715 MHz, 14001 MHz, 599.96 W, 69, 99 %, 3474 MiB
2026/09/24 15:59:38.848, 0, 30 MHz, 405 MHz, 23.60 W, 51, 0 %, 3272 MiB
2026/09/24 15:59:38.848, 1, 2722 MHz, 14001 MHz, 599.77 W, 69, 100 %, 3474 MiB
2026/09/24 15:59:39.850, 0, 2572 MHz, 14001 MHz, 55.36 W, 52, 8 %, 3236 MiB
2026/09/24 15:59:39.850, 1, 2722 MHz, 14001 MHz, 600.28 W, 68, 99 %, 3474 MiB
2026/09/24 15:59:40.851, 0, 2580 MHz, 14001 MHz, 72.31 W, 53, 0 %, 3231 MiB
2026/09/24 15:59:40.851, 1, 2722 MHz, 14001 MHz, 599.91 W, 69, 100 %, 3474 MiB
2026/09/24 15:59:41.857, 0, 2580 MHz, 14001 MHz, 72.77 W, 53, 0 %, 3223 MiB
2026/09/24 15:59:41.857, 1, 2707 MHz, 14001 MHz, 600.15 W, 68, 100 %, 3474 MiB
2026/09/24 15:59:42.860, 0, 2572 MHz, 14001 MHz, 72.48 W, 53, 0 %, 3215 MiB
2026/09/24 15:59:42.860, 1, 2715 MHz, 14001 MHz, 599.85 W, 69, 100 %, 3474 MiB
2026/09/24 15:59:43.874, 0, 435 MHz, 810 MHz, 40.13 W, 52, 1 %, 3203 MiB
2026/09/24 15:59:43.874, 1, 2722 MHz, 14001 MHz, 599.83 W, 69, 100 %, 3474 MiB
2026/09/24 15:59:44.875, 0, 41 MHz, 405 MHz, 34.06 W, 52, 1 %, 3203 MiB
2026/09/24 15:59:44.875, 1, 2722 MHz, 14001 MHz, 599.80 W, 68, 100 %, 3474 MiB
2026/09/24 15:59:45.878, 0, 32 MHz, 405 MHz, 28.47 W, 51, 0 %, 3204 MiB
2026/09/24 15:59:45.878, 1, 2707 MHz, 14001 MHz, 600.16 W, 68, 100 %, 3474 MiB
2026/09/24 15:59:46.880, 0, 28 MHz, 405 MHz, 22.26 W, 51, 0 %, 3203 MiB
2026/09/24 15:59:46.880, 1, 2715 MHz, 14001 MHz, 599.98 W, 69, 100 %, 3474 MiB
2026/09/24 15:59:47.894, 0, 34 MHz, 405 MHz, 24.56 W, 51, 0 %, 3203 MiB
2026/09/24 15:59:47.894, 1, 2722 MHz, 14001 MHz, 599.81 W, 69, 100 %, 3474 MiB
2026/09/24 15:59:48.897, 0, 28 MHz, 405 MHz, 23.75 W, 51, 0 %, 3203 MiB
2026/09/24 15:59:48.897, 1, 2722 MHz, 14001 MHz, 599.77 W, 68, 100 %, 3474 MiB
2026/09/24 15:59:49.912, 0, 41 MHz, 405 MHz, 23.34 W, 51, 0 %, 3203 MiB
2026/09/24 15:59:49.912, 1, 2707 MHz, 14001 MHz, 600.16 W, 68, 100 %, 3474 MiB
2026/09/24 15:59:50.915, 0, 225 MHz, 405 MHz, 22.29 W, 51, 0 %, 3203 MiB
2026/09/24 15:59:50.915, 1, 2715 MHz, 14001 MHz, 599.94 W, 69, 100 %, 3474 MiB
2026/09/24 15:59:51.921, 0, 29 MHz, 405 MHz, 21.70 W, 51, 0 %, 3203 MiB
2026/09/24 15:59:51.921, 1, 2722 MHz, 14001 MHz, 599.83 W, 69, 99 %, 3474 MiB
2026/09/24 15:59:52.926, 0, 30 MHz, 405 MHz, 21.98 W, 51, 0 %, 3203 MiB
2026/09/24 15:59:52.926, 1, 2722 MHz, 14001 MHz, 600.27 W, 69, 100 %, 3474 MiB
2026/09/24 15:59:53.929, 0, 225 MHz, 405 MHz, 22.00 W, 51, 0 %, 3203 MiB
2026/09/24 15:59:53.929, 1, 2722 MHz, 14001 MHz, 600.07 W, 68, 100 %, 3474 MiB
2026/09/24 15:59:54.931, 0, 225 MHz, 405 MHz, 27.66 W, 51, 0 %, 3203 MiB
2026/09/24 15:59:54.931, 1, 2715 MHz, 14001 MHz, 600.19 W, 69, 100 %, 3474 MiB
2026/09/24 15:59:55.945, 0, 28 MHz, 405 MHz, 22.09 W, 51, 0 %, 3203 MiB
2026/09/24 15:59:55.945, 1, 2715 MHz, 14001 MHz, 599.93 W, 69, 100 %, 3474 MiB
2026/09/24 15:59:56.947, 0, 435 MHz, 405 MHz, 25.43 W, 51, 1 %, 3203 MiB
2026/09/24 15:59:56.947, 1, 2722 MHz, 14001 MHz, 600.05 W, 68, 99 %, 3474 MiB
2026/09/24 15:59:57.947, 0, 435 MHz, 405 MHz, 32.72 W, 51, 2 %, 3204 MiB
2026/09/24 15:59:57.947, 1, 2722 MHz, 14001 MHz, 599.85 W, 69, 100 %, 3474 MiB
2026/09/24 15:59:58.958, 0, 36 MHz, 405 MHz, 24.23 W, 51, 1 %, 3204 MiB
2026/09/24 15:59:58.958, 1, 2722 MHz, 14001 MHz, 600.13 W, 68, 100 %, 3474 MiB
2026/09/24 15:59:59.960, 0, 37 MHz, 405 MHz, 23.13 W, 51, 0 %, 3203 MiB
2026/09/24 15:59:59.960, 1, 2715 MHz, 14001 MHz, 600.11 W, 69, 100 %, 3474 MiB
2026/09/24 16:00:00.975, 0, 420 MHz, 405 MHz, 33.78 W, 51, 1 %, 3203 MiB
2026/09/24 16:00:00.975, 1, 2715 MHz, 14001 MHz, 599.75 W, 69, 100 %, 3474 MiB
2026/09/24 16:00:01.981, 0, 30 MHz, 405 MHz, 27.00 W, 51, 0 %, 3203 MiB
2026/09/24 16:00:01.981, 1, 2955 MHz, 14001 MHz, 449.43 W, 56, 0 %, 18 MiB
2026/09/24 16:00:02.982, 0, 397 MHz, 405 MHz, 30.57 W, 51, 2 %, 3204 MiB
2026/09/24 16:00:02.982, 1, 2955 MHz, 14001 MHz, 98.21 W, 54, 0 %, 18 MiB
2026/09/24 16:00:03.985, 0, 367 MHz, 405 MHz, 34.06 W, 51, 2 %, 3204 MiB
2026/09/24 16:00:03.985, 1, 2955 MHz, 7001 MHz, 90.81 W, 52, 0 %, 18 MiB
2026/09/24 16:00:04.988, 0, 345 MHz, 405 MHz, 35.45 W, 51, 1 %, 3204 MiB
2026/09/24 16:00:04.988, 1, 2797 MHz, 14001 MHz, 179.77 W, 67, 99 %, 2758 MiB
2026/09/24 16:00:05.990, 0, 285 MHz, 405 MHz, 34.90 W, 51, 1 %, 3204 MiB
2026/09/24 16:00:05.990, 1, 2745 MHz, 14001 MHz, 601.58 W, 67, 98 %, 2758 MiB
2026/09/24 16:00:06.997, 0, 33 MHz, 405 MHz, 26.19 W, 51, 0 %, 3204 MiB
2026/09/24 16:00:06.997, 1, 2745 MHz, 14001 MHz, 600.29 W, 67, 99 %, 2758 MiB
2026/09/24 16:00:08.009, 0, 30 MHz, 405 MHz, 23.49 W, 51, 0 %, 3203 MiB
2026/09/24 16:00:08.009, 1, 2745 MHz, 14001 MHz, 600.07 W, 67, 99 %, 2758 MiB
2026/09/24 16:00:09.010, 0, 28 MHz, 405 MHz, 23.54 W, 51, 0 %, 3203 MiB
2026/09/24 16:00:09.010, 1, 2745 MHz, 14001 MHz, 599.94 W, 67, 99 %, 2758 MiB
2026/09/24 16:00:10.017, 0, 33 MHz, 405 MHz, 21.23 W, 51, 0 %, 3203 MiB
2026/09/24 16:00:10.017, 1, 2737 MHz, 14001 MHz, 600.08 W, 67, 99 %, 2758 MiB
2026/09/24 16:00:11.020, 0, 28 MHz, 405 MHz, 18.90 W, 51, 0 %, 3203 MiB
2026/09/24 16:00:11.020, 1, 2737 MHz, 14001 MHz, 599.92 W, 67, 99 %, 2758 MiB
2026/09/24 16:00:12.028, 0, 28 MHz, 405 MHz, 19.43 W, 51, 0 %, 3203 MiB
2026/09/24 16:00:12.028, 1, 2737 MHz, 14001 MHz, 599.93 W, 67, 99 %, 2758 MiB
2026/09/24 16:00:13.044, 0, 38 MHz, 405 MHz, 21.83 W, 51, 0 %, 3206 MiB
2026/09/24 16:00:13.044, 1, 2737 MHz, 14001 MHz, 599.90 W, 68, 99 %, 2758 MiB
2026/09/24 16:00:14.051, 0, 427 MHz, 405 MHz, 33.07 W, 51, 2 %, 3214 MiB
2026/09/24 16:00:14.051, 1, 2745 MHz, 14001 MHz, 599.78 W, 68, 98 %, 2758 MiB
2026/09/24 16:00:15.065, 0, 32 MHz, 405 MHz, 23.52 W, 51, 0 %, 3214 MiB
2026/09/24 16:00:15.065, 1, 2737 MHz, 14001 MHz, 600.05 W, 68, 99 %, 2758 MiB
2026/09/24 16:00:16.066, 0, 225 MHz, 405 MHz, 18.94 W, 51, 0 %, 3214 MiB
2026/09/24 16:00:16.066, 1, 2737 MHz, 14001 MHz, 599.93 W, 68, 99 %, 2758 MiB
2026/09/24 16:00:17.067, 0, 32 MHz, 405 MHz, 22.37 W, 51, 0 %, 3213 MiB
2026/09/24 16:00:17.067, 1, 2737 MHz, 14001 MHz, 599.93 W, 68, 99 %, 2758 MiB
2026/09/24 16:00:18.075, 0, 34 MHz, 405 MHz, 19.81 W, 51, 0 %, 3209 MiB
2026/09/24 16:00:18.075, 1, 2737 MHz, 14001 MHz, 599.84 W, 68, 99 %, 2758 MiB
2026/09/24 16:00:19.082, 0, 225 MHz, 405 MHz, 18.62 W, 51, 0 %, 3207 MiB
2026/09/24 16:00:19.082, 1, 2790 MHz, 14001 MHz, 599.46 W, 69, 99 %, 2758 MiB
2026/09/24 16:00:20.089, 0, 28 MHz, 405 MHz, 19.55 W, 51, 0 %, 3202 MiB
2026/09/24 16:00:20.089, 1, 2730 MHz, 14001 MHz, 600.78 W, 68, 99 %, 2758 MiB
2026/09/24 16:00:21.095, 0, 31 MHz, 405 MHz, 18.61 W, 51, 0 %, 3202 MiB
2026/09/24 16:00:21.095, 1, 2730 MHz, 14001 MHz, 599.94 W, 68, 99 %, 2758 MiB
2026/09/24 16:00:22.099, 0, 427 MHz, 405 MHz, 30.69 W, 51, 1 %, 3204 MiB
2026/09/24 16:00:22.099, 1, 2737 MHz, 14001 MHz, 599.82 W, 68, 98 %, 2758 MiB
2026/09/24 16:00:23.112, 0, 42 MHz, 405 MHz, 29.43 W, 51, 1 %, 3210 MiB
2026/09/24 16:00:23.112, 1, 2730 MHz, 14001 MHz, 600.17 W, 68, 99 %, 2758 MiB
2026/09/24 16:00:24.116, 0, 31 MHz, 405 MHz, 22.38 W, 51, 0 %, 3210 MiB
2026/09/24 16:00:24.116, 1, 2730 MHz, 14001 MHz, 599.84 W, 68, 99 %, 2758 MiB
2026/09/24 16:00:25.120, 0, 225 MHz, 405 MHz, 22.15 W, 51, 0 %, 3218 MiB
2026/09/24 16:00:25.120, 1, 2730 MHz, 14001 MHz, 600.28 W, 69, 99 %, 2758 MiB
2026/09/24 16:00:26.125, 0, 27 MHz, 405 MHz, 23.83 W, 51, 0 %, 3218 MiB
2026/09/24 16:00:26.125, 1, 2730 MHz, 14001 MHz, 599.85 W, 69, 99 %, 2758 MiB
2026/09/24 16:00:27.127, 0, 262 MHz, 405 MHz, 23.92 W, 51, 0 %, 3213 MiB
2026/09/24 16:00:27.127, 1, 2730 MHz, 14001 MHz, 600.04 W, 69, 99 %, 2758 MiB
2026/09/24 16:00:28.130, 0, 225 MHz, 405 MHz, 23.48 W, 51, 0 %, 3213 MiB
2026/09/24 16:00:28.130, 1, 2730 MHz, 14001 MHz, 599.60 W, 68, 98 %, 2758 MiB
2026/09/24 16:00:29.145, 0, 36 MHz, 405 MHz, 23.70 W, 51, 0 %, 3205 MiB
2026/09/24 16:00:29.145, 1, 2730 MHz, 14001 MHz, 600.07 W, 68, 99 %, 2758 MiB
2026/09/24 16:00:30.146, 0, 34 MHz, 405 MHz, 25.80 W, 51, 0 %, 3205 MiB
2026/09/24 16:00:30.146, 1, 2730 MHz, 14001 MHz, 600.03 W, 69, 99 %, 2758 MiB
2026/09/24 16:00:31.162, 0, 420 MHz, 405 MHz, 24.76 W, 51, 1 %, 3208 MiB
2026/09/24 16:00:31.162, 1, 2730 MHz, 14001 MHz, 600.02 W, 69, 99 %, 2758 MiB
2026/09/24 16:00:32.171, 0, 38 MHz, 405 MHz, 24.58 W, 51, 0 %, 3208 MiB
2026/09/24 16:00:32.171, 1, 2722 MHz, 14001 MHz, 600.13 W, 69, 99 %, 2758 MiB
2026/09/24 16:00:33.175, 0, 32 MHz, 405 MHz, 26.84 W, 51, 0 %, 3208 MiB
2026/09/24 16:00:33.175, 1, 2730 MHz, 14001 MHz, 599.95 W, 69, 99 %, 2758 MiB
2026/09/24 16:00:34.179, 0, 232 MHz, 405 MHz, 22.81 W, 51, 0 %, 3209 MiB
2026/09/24 16:00:34.179, 1, 2722 MHz, 14001 MHz, 599.91 W, 69, 99 %, 2758 MiB
2026/09/24 16:00:35.186, 0, 53 MHz, 405 MHz, 32.90 W, 51, 1 %, 3219 MiB
2026/09/24 16:00:35.186, 1, 2730 MHz, 14001 MHz, 599.88 W, 68, 99 %, 2758 MiB
2026/09/24 16:00:36.189, 0, 52 MHz, 405 MHz, 32.53 W, 51, 1 %, 3224 MiB
2026/09/24 16:00:36.189, 1, 2730 MHz, 14001 MHz, 600.28 W, 69, 99 %, 2758 MiB
2026/09/24 16:00:37.198, 0, 30 MHz, 405 MHz, 27.16 W, 51, 0 %, 3225 MiB
2026/09/24 16:00:37.198, 1, 2722 MHz, 14001 MHz, 600.11 W, 69, 99 %, 2758 MiB
2026/09/24 16:00:38.203, 0, 33 MHz, 405 MHz, 23.33 W, 51, 0 %, 3225 MiB
2026/09/24 16:00:38.203, 1, 2722 MHz, 14001 MHz, 599.88 W, 69, 99 %, 2758 MiB
2026/09/24 16:00:39.205, 0, 37 MHz, 405 MHz, 23.84 W, 51, 0 %, 3224 MiB
2026/09/24 16:00:39.205, 1, 2722 MHz, 14001 MHz, 599.99 W, 69, 99 %, 2758 MiB
2026/09/24 16:00:40.210, 0, 32 MHz, 405 MHz, 24.40 W, 51, 0 %, 3218 MiB
2026/09/24 16:00:40.210, 1, 2722 MHz, 14001 MHz, 599.95 W, 69, 99 %, 2758 MiB
2026/09/24 16:00:41.215, 0, 36 MHz, 405 MHz, 23.81 W, 51, 0 %, 3211 MiB
2026/09/24 16:00:41.215, 1, 2722 MHz, 14001 MHz, 600.16 W, 69, 99 %, 2758 MiB
2026/09/24 16:00:42.222, 0, 32 MHz, 405 MHz, 23.21 W, 51, 0 %, 3207 MiB
2026/09/24 16:00:42.222, 1, 2722 MHz, 14001 MHz, 599.91 W, 69, 99 %, 2758 MiB
2026/09/24 16:00:43.237, 0, 28 MHz, 405 MHz, 22.88 W, 51, 0 %, 3213 MiB
2026/09/24 16:00:43.237, 1, 2722 MHz, 14001 MHz, 599.94 W, 69, 99 %, 2758 MiB
2026/09/24 16:00:44.239, 0, 375 MHz, 405 MHz, 34.64 W, 51, 1 %, 3221 MiB
2026/09/24 16:00:44.239, 1, 2722 MHz, 14001 MHz, 599.84 W, 69, 99 %, 2758 MiB
2026/09/24 16:00:45.245, 0, 427 MHz, 405 MHz, 38.73 W, 51, 0 %, 3221 MiB
2026/09/24 16:00:45.245, 1, 2722 MHz, 14001 MHz, 600.16 W, 69, 99 %, 2758 MiB
2026/09/24 16:00:46.246, 0, 45 MHz, 405 MHz, 34.64 W, 51, 0 %, 3221 MiB
2026/09/24 16:00:46.246, 1, 2722 MHz, 14001 MHz, 600.03 W, 69, 99 %, 2758 MiB
2026/09/24 16:00:47.253, 0, 457 MHz, 405 MHz, 32.28 W, 51, 1 %, 3221 MiB
2026/09/24 16:00:47.253, 1, 2722 MHz, 14001 MHz, 599.95 W, 69, 99 %, 2758 MiB
2026/09/24 16:00:48.258, 0, 39 MHz, 405 MHz, 29.47 W, 51, 1 %, 3220 MiB
2026/09/24 16:00:48.258, 1, 2955 MHz, 14001 MHz, 322.14 W, 56, 0 %, 18 MiB
2026/09/24 16:00:49.262, 0, 2580 MHz, 14001 MHz, 56.50 W, 53, 0 %, 3220 MiB
2026/09/24 16:00:49.262, 1, 2955 MHz, 14001 MHz, 118.59 W, 55, 0 %, 18 MiB
2026/09/24 16:00:50.264, 0, 2587 MHz, 14001 MHz, 74.53 W, 53, 0 %, 3220 MiB
2026/09/24 16:00:50.264, 1, 735 MHz, 7001 MHz, 80.72 W, 53, 0 %, 3464 MiB
2026/09/24 16:00:51.271, 0, 570 MHz, 810 MHz, 56.05 W, 52, 1 %, 3220 MiB
2026/09/24 16:00:51.271, 1, 2842 MHz, 14001 MHz, 196.64 W, 69, 100 %, 3474 MiB
2026/09/24 16:00:52.272, 0, 337 MHz, 810 MHz, 31.83 W, 51, 0 %, 3218 MiB
2026/09/24 16:00:52.272, 1, 2730 MHz, 14001 MHz, 605.28 W, 68, 100 %, 3474 MiB
2026/09/24 16:00:53.275, 0, 37 MHz, 405 MHz, 25.52 W, 51, 0 %, 3206 MiB
2026/09/24 16:00:53.275, 1, 2722 MHz, 14001 MHz, 599.94 W, 68, 100 %, 3474 MiB
2026/09/24 16:00:54.290, 0, 607 MHz, 405 MHz, 31.27 W, 51, 7 %, 3230 MiB
2026/09/24 16:00:54.290, 1, 2730 MHz, 14001 MHz, 600.13 W, 68, 100 %, 3474 MiB
2026/09/24 16:00:55.306, 0, 37 MHz, 405 MHz, 23.71 W, 51, 0 %, 3230 MiB
2026/09/24 16:00:55.306, 1, 2722 MHz, 14001 MHz, 599.79 W, 68, 100 %, 3474 MiB
2026/09/24 16:00:56.309, 0, 30 MHz, 405 MHz, 24.61 W, 51, 0 %, 3230 MiB
2026/09/24 16:00:56.309, 1, 2722 MHz, 14001 MHz, 599.68 W, 69, 99 %, 3474 MiB
2026/09/24 16:00:57.317, 0, 45 MHz, 405 MHz, 31.13 W, 51, 0 %, 3232 MiB
2026/09/24 16:00:57.317, 1, 2722 MHz, 14001 MHz, 600.18 W, 68, 100 %, 3474 MiB
2026/09/24 16:00:58.321, 0, 367 MHz, 405 MHz, 32.56 W, 51, 1 %, 3232 MiB
2026/09/24 16:00:58.321, 1, 2722 MHz, 14001 MHz, 599.92 W, 69, 100 %, 3474 MiB
2026/09/24 16:00:59.322, 0, 420 MHz, 405 MHz, 27.60 W, 51, 2 %, 3204 MiB
2026/09/24 16:00:59.322, 1, 2730 MHz, 14001 MHz, 599.97 W, 69, 99 %, 3474 MiB
2026/09/24 16:01:00.323, 0, 28 MHz, 405 MHz, 28.92 W, 51, 0 %, 3204 MiB
2026/09/24 16:01:00.323, 1, 2722 MHz, 14001 MHz, 599.95 W, 69, 99 %, 3474 MiB
2026/09/24 16:01:01.325, 0, 255 MHz, 405 MHz, 18.59 W, 51, 0 %, 3210 MiB
2026/09/24 16:01:01.325, 1, 2722 MHz, 14001 MHz, 599.67 W, 69, 99 %, 3474 MiB
2026/09/24 16:01:02.330, 0, 28 MHz, 405 MHz, 23.17 W, 51, 0 %, 3212 MiB
2026/09/24 16:01:02.330, 1, 2722 MHz, 14001 MHz, 600.18 W, 69, 100 %, 3474 MiB
2026/09/24 16:01:03.337, 0, 41 MHz, 405 MHz, 30.76 W, 51, 0 %, 3213 MiB
2026/09/24 16:01:03.337, 1, 2722 MHz, 14001 MHz, 599.83 W, 69, 100 %, 3474 MiB
2026/09/24 16:01:04.344, 0, 33 MHz, 405 MHz, 29.55 W, 51, 0 %, 3237 MiB
2026/09/24 16:01:04.344, 1, 2722 MHz, 14001 MHz, 600.24 W, 69, 100 %, 3474 MiB
2026/09/24 16:01:05.359, 0, 270 MHz, 405 MHz, 38.53 W, 51, 0 %, 3237 MiB
2026/09/24 16:01:05.359, 1, 2715 MHz, 14001 MHz, 599.76 W, 69, 100 %, 3474 MiB
2026/09/24 16:01:06.375, 0, 53 MHz, 405 MHz, 35.80 W, 51, 0 %, 3237 MiB
2026/09/24 16:01:06.375, 1, 2715 MHz, 14001 MHz, 600.08 W, 68, 100 %, 3474 MiB
2026/09/24 16:01:07.376, 0, 41 MHz, 405 MHz, 27.76 W, 51, 1 %, 3238 MiB
2026/09/24 16:01:07.376, 1, 2715 MHz, 14001 MHz, 600.12 W, 69, 100 %, 3474 MiB
2026/09/24 16:01:08.379, 0, 435 MHz, 405 MHz, 31.67 W, 51, 1 %, 3241 MiB
2026/09/24 16:01:08.379, 1, 2715 MHz, 14001 MHz, 599.81 W, 69, 100 %, 3474 MiB
2026/09/24 16:01:09.390, 0, 397 MHz, 405 MHz, 38.74 W, 51, 0 %, 3232 MiB
2026/09/24 16:01:09.390, 1, 2715 MHz, 14001 MHz, 599.97 W, 69, 100 %, 3474 MiB
2026/09/24 16:01:10.391, 0, 397 MHz, 405 MHz, 38.47 W, 51, 0 %, 3215 MiB
2026/09/24 16:01:10.391, 1, 2715 MHz, 14001 MHz, 599.96 W, 69, 99 %, 3474 MiB
2026/09/24 16:01:11.397, 0, 270 MHz, 405 MHz, 35.61 W, 51, 0 %, 3220 MiB
2026/09/24 16:01:11.397, 1, 2715 MHz, 14001 MHz, 600.10 W, 69, 99 %, 3474 MiB
2026/09/24 16:01:12.398, 0, 28 MHz, 405 MHz, 26.59 W, 51, 0 %, 3220 MiB
2026/09/24 16:01:12.398, 1, 2715 MHz, 14001 MHz, 600.04 W, 68, 100 %, 3474 MiB
2026/09/24 16:01:13.402, 0, 28 MHz, 405 MHz, 31.42 W, 51, 6 %, 3347 MiB
2026/09/24 16:01:13.402, 1, 2707 MHz, 14001 MHz, 600.12 W, 69, 99 %, 3474 MiB
2026/09/24 16:01:14.407, 0, 28 MHz, 405 MHz, 27.48 W, 51, 1 %, 3347 MiB
2026/09/24 16:01:14.407, 1, 2715 MHz, 14001 MHz, 599.85 W, 69, 100 %, 3474 MiB
2026/09/24 16:01:15.420, 0, 54 MHz, 405 MHz, 34.03 W, 51, 1 %, 3316 MiB
2026/09/24 16:01:15.420, 1, 2715 MHz, 14001 MHz, 600.04 W, 69, 100 %, 3474 MiB
2026/09/24 16:01:16.424, 0, 405 MHz, 405 MHz, 35.99 W, 51, 1 %, 3312 MiB
2026/09/24 16:01:16.424, 1, 2707 MHz, 14001 MHz, 600.18 W, 70, 100 %, 3474 MiB
2026/09/24 16:01:17.439, 0, 34 MHz, 405 MHz, 33.35 W, 51, 0 %, 3323 MiB
2026/09/24 16:01:17.439, 1, 2707 MHz, 14001 MHz, 599.70 W, 69, 100 %, 3474 MiB
2026/09/24 16:01:18.444, 0, 28 MHz, 405 MHz, 26.33 W, 51, 0 %, 3306 MiB
2026/09/24 16:01:18.444, 1, 2707 MHz, 14001 MHz, 599.92 W, 70, 100 %, 3474 MiB
2026/09/24 16:01:19.450, 0, 255 MHz, 405 MHz, 31.50 W, 51, 0 %, 3308 MiB
2026/09/24 16:01:19.450, 1, 2707 MHz, 14001 MHz, 600.13 W, 69, 100 %, 3474 MiB
2026/09/24 16:01:20.453, 0, 28 MHz, 405 MHz, 30.10 W, 51, 0 %, 3308 MiB
2026/09/24 16:01:20.453, 1, 2707 MHz, 14001 MHz, 600.10 W, 69, 100 %, 3474 MiB
2026/09/24 16:01:21.455, 0, 28 MHz, 405 MHz, 24.40 W, 51, 0 %, 3308 MiB
2026/09/24 16:01:21.455, 1, 2707 MHz, 14001 MHz, 599.87 W, 69, 100 %, 3474 MiB
2026/09/24 16:01:22.462, 0, 28 MHz, 405 MHz, 24.34 W, 51, 0 %, 3308 MiB
2026/09/24 16:01:22.462, 1, 2707 MHz, 14001 MHz, 600.05 W, 69, 100 %, 3474 MiB
2026/09/24 16:01:23.467, 0, 300 MHz, 405 MHz, 25.60 W, 51, 0 %, 3308 MiB
2026/09/24 16:01:23.467, 1, 2707 MHz, 14001 MHz, 599.87 W, 70, 100 %, 3474 MiB
2026/09/24 16:01:24.469, 0, 47 MHz, 405 MHz, 33.01 W, 51, 0 %, 3308 MiB
2026/09/24 16:01:24.469, 1, 2707 MHz, 14001 MHz, 599.76 W, 70, 99 %, 3474 MiB
2026/09/24 16:01:25.475, 0, 28 MHz, 405 MHz, 23.32 W, 51, 0 %, 3308 MiB
2026/09/24 16:01:25.475, 1, 2707 MHz, 14001 MHz, 599.95 W, 70, 100 %, 3474 MiB
2026/09/24 16:01:26.477, 0, 28 MHz, 405 MHz, 22.70 W, 51, 0 %, 3308 MiB
2026/09/24 16:01:26.477, 1, 2707 MHz, 14001 MHz, 599.92 W, 69, 100 %, 3474 MiB
2026/09/24 16:01:27.480, 0, 28 MHz, 405 MHz, 22.51 W, 51, 0 %, 3308 MiB
2026/09/24 16:01:27.480, 1, 2707 MHz, 14001 MHz, 600.16 W, 69, 100 %, 3474 MiB
2026/09/24 16:01:28.495, 0, 28 MHz, 405 MHz, 22.39 W, 51, 0 %, 3308 MiB
2026/09/24 16:01:28.495, 1, 2707 MHz, 14001 MHz, 599.95 W, 69, 100 %, 3474 MiB
2026/09/24 16:01:29.501, 0, 32 MHz, 405 MHz, 24.48 W, 51, 1 %, 3308 MiB
2026/09/24 16:01:29.501, 1, 2707 MHz, 14001 MHz, 599.92 W, 69, 100 %, 3474 MiB
2026/09/24 16:01:30.505, 0, 28 MHz, 405 MHz, 23.23 W, 51, 0 %, 3308 MiB
2026/09/24 16:01:30.505, 1, 2707 MHz, 14001 MHz, 599.96 W, 69, 100 %, 3474 MiB
2026/09/24 16:01:31.508, 0, 28 MHz, 405 MHz, 23.10 W, 51, 0 %, 3308 MiB
2026/09/24 16:01:31.508, 1, 2707 MHz, 14001 MHz, 599.95 W, 69, 99 %, 3474 MiB
2026/09/24 16:01:32.520, 0, 28 MHz, 405 MHz, 22.83 W, 51, 0 %, 3308 MiB
2026/09/24 16:01:32.520, 1, 2707 MHz, 14001 MHz, 600.05 W, 70, 100 %, 3474 MiB
2026/09/24 16:01:33.520, 0, 28 MHz, 405 MHz, 21.66 W, 51, 0 %, 3308 MiB
2026/09/24 16:01:33.520, 1, 2707 MHz, 14001 MHz, 599.90 W, 70, 100 %, 3474 MiB
2026/09/24 16:01:34.529, 0, 28 MHz, 405 MHz, 21.87 W, 51, 0 %, 3308 MiB
2026/09/24 16:01:34.529, 1, 2707 MHz, 14001 MHz, 600.18 W, 69, 100 %, 3474 MiB
2026/09/24 16:01:35.533, 0, 28 MHz, 405 MHz, 22.77 W, 51, 1 %, 3315 MiB
2026/09/24 16:01:35.533, 1, 2707 MHz, 14001 MHz, 600.10 W, 69, 100 %, 3474 MiB
2026/09/24 16:01:36.534, 0, 28 MHz, 405 MHz, 22.29 W, 51, 0 %, 3315 MiB
2026/09/24 16:01:36.534, 1, 2707 MHz, 14001 MHz, 599.76 W, 69, 100 %, 3474 MiB
2026/09/24 16:01:37.536, 0, 28 MHz, 405 MHz, 25.67 W, 51, 0 %, 3315 MiB
2026/09/24 16:01:37.536, 1, 2707 MHz, 14001 MHz, 600.08 W, 69, 100 %, 3474 MiB
2026/09/24 16:01:38.539, 0, 2580 MHz, 14001 MHz, 45.99 W, 52, 0 %, 3314 MiB
2026/09/24 16:01:38.539, 1, 2707 MHz, 14001 MHz, 599.96 W, 69, 100 %, 3474 MiB
2026/09/24 16:01:39.547, 0, 2602 MHz, 14001 MHz, 73.77 W, 53, 1 %, 3329 MiB
2026/09/24 16:01:39.547, 1, 2707 MHz, 14001 MHz, 599.66 W, 70, 100 %, 3474 MiB
2026/09/24 16:01:40.549, 0, 2602 MHz, 810 MHz, 73.94 W, 53, 0 %, 3331 MiB
2026/09/24 16:01:40.549, 1, 2707 MHz, 14001 MHz, 599.92 W, 70, 100 %, 3474 MiB
2026/09/24 16:01:41.550, 0, 600 MHz, 810 MHz, 39.39 W, 52, 0 %, 3327 MiB
2026/09/24 16:01:41.550, 1, 2707 MHz, 14001 MHz, 599.91 W, 69, 100 %, 3474 MiB
2026/09/24 16:01:42.551, 0, 32 MHz, 405 MHz, 28.40 W, 51, 0 %, 3326 MiB
2026/09/24 16:01:42.551, 1, 2707 MHz, 14001 MHz, 600.15 W, 69, 100 %, 3474 MiB
2026/09/24 16:01:43.567, 0, 28 MHz, 405 MHz, 21.77 W, 51, 0 %, 3326 MiB
2026/09/24 16:01:43.567, 1, 2707 MHz, 14001 MHz, 600.11 W, 69, 100 %, 3474 MiB
2026/09/24 16:01:44.571, 0, 29 MHz, 405 MHz, 23.23 W, 51, 1 %, 3326 MiB
2026/09/24 16:01:44.571, 1, 2707 MHz, 14001 MHz, 599.94 W, 69, 100 %, 3474 MiB
2026/09/24 16:01:45.581, 0, 28 MHz, 405 MHz, 22.73 W, 51, 0 %, 3326 MiB
2026/09/24 16:01:45.581, 1, 2707 MHz, 14001 MHz, 600.08 W, 69, 100 %, 3474 MiB
2026/09/24 16:01:46.586, 0, 28 MHz, 405 MHz, 22.84 W, 51, 0 %, 3326 MiB
2026/09/24 16:01:46.586, 1, 2707 MHz, 14001 MHz, 600.20 W, 69, 100 %, 3474 MiB
2026/09/24 16:01:47.601, 0, 28 MHz, 405 MHz, 22.93 W, 51, 0 %, 3326 MiB
2026/09/24 16:01:47.601, 1, 2707 MHz, 14001 MHz, 599.73 W, 70, 99 %, 3474 MiB
2026/09/24 16:01:48.616, 0, 28 MHz, 405 MHz, 22.76 W, 51, 0 %, 3326 MiB
2026/09/24 16:01:48.616, 1, 2707 MHz, 14001 MHz, 599.95 W, 70, 100 %, 3474 MiB
2026/09/24 16:01:49.632, 0, 36 MHz, 405 MHz, 23.18 W, 51, 0 %, 3291 MiB
2026/09/24 16:01:49.632, 1, 2707 MHz, 14001 MHz, 599.93 W, 69, 100 %, 3474 MiB
2026/09/24 16:01:50.636, 0, 405 MHz, 405 MHz, 31.99 W, 51, 2 %, 3288 MiB
2026/09/24 16:01:50.636, 1, 2707 MHz, 14001 MHz, 600.16 W, 69, 100 %, 3474 MiB
2026/09/24 16:01:51.639, 0, 48 MHz, 405 MHz, 32.97 W, 51, 0 %, 3291 MiB
2026/09/24 16:01:51.639, 1, 2707 MHz, 14001 MHz, 600.08 W, 69, 100 %, 3474 MiB
2026/09/24 16:01:52.643, 0, 38 MHz, 405 MHz, 26.62 W, 51, 0 %, 3291 MiB
2026/09/24 16:01:52.643, 1, 2707 MHz, 14001 MHz, 599.96 W, 69, 100 %, 3474 MiB
2026/09/24 16:01:53.644, 0, 30 MHz, 405 MHz, 21.03 W, 51, 0 %, 3291 MiB
2026/09/24 16:01:53.644, 1, 2707 MHz, 14001 MHz, 599.95 W, 69, 100 %, 3474 MiB
2026/09/24 16:01:54.646, 0, 28 MHz, 405 MHz, 20.55 W, 51, 0 %, 3291 MiB
2026/09/24 16:01:54.646, 1, 2707 MHz, 14001 MHz, 599.80 W, 69, 99 %, 3474 MiB
2026/09/24 16:01:55.655, 0, 28 MHz, 405 MHz, 20.42 W, 51, 0 %, 3288 MiB
2026/09/24 16:01:55.655, 1, 2707 MHz, 14001 MHz, 599.98 W, 69, 100 %, 3474 MiB
2026/09/24 16:01:56.669, 0, 48 MHz, 405 MHz, 30.56 W, 51, 1 %, 3248 MiB
2026/09/24 16:01:56.669, 1, 2707 MHz, 14001 MHz, 600.09 W, 70, 100 %, 3474 MiB
2026/09/24 16:01:57.673, 0, 43 MHz, 405 MHz, 31.58 W, 51, 1 %, 3265 MiB
2026/09/24 16:01:57.673, 1, 2707 MHz, 14001 MHz, 600.00 W, 69, 100 %, 3474 MiB
2026/09/24 16:01:58.680, 0, 47 MHz, 405 MHz, 33.11 W, 51, 2 %, 3265 MiB
2026/09/24 16:01:58.680, 1, 2707 MHz, 14001 MHz, 600.11 W, 69, 100 %, 3474 MiB
2026/09/24 16:01:59.684, 0, 330 MHz, 405 MHz, 33.78 W, 51, 1 %, 3265 MiB
2026/09/24 16:01:59.684, 1, 2715 MHz, 14001 MHz, 600.08 W, 69, 100 %, 3474 MiB
2026/09/24 16:02:00.691, 0, 367 MHz, 405 MHz, 30.98 W, 51, 0 %, 3265 MiB
2026/09/24 16:02:00.691, 1, 2707 MHz, 14001 MHz, 599.96 W, 69, 100 %, 3474 MiB
2026/09/24 16:02:01.706, 0, 307 MHz, 405 MHz, 36.35 W, 51, 1 %, 3265 MiB
2026/09/24 16:02:01.706, 1, 2707 MHz, 14001 MHz, 600.09 W, 69, 100 %, 3474 MiB
2026/09/24 16:02:02.710, 0, 41 MHz, 405 MHz, 30.35 W, 51, 0 %, 3264 MiB
2026/09/24 16:02:02.710, 1, 2707 MHz, 14001 MHz, 600.03 W, 69, 100 %, 3474 MiB
2026/09/24 16:02:03.724, 0, 810 MHz, 405 MHz, 32.02 W, 51, 0 %, 3278 MiB
2026/09/24 16:02:03.724, 1, 2707 MHz, 14001 MHz, 599.67 W, 69, 100 %, 3474 MiB
2026/09/24 16:02:04.730, 0, 30 MHz, 405 MHz, 33.83 W, 51, 0 %, 3278 MiB
2026/09/24 16:02:04.730, 1, 2707 MHz, 14001 MHz, 600.09 W, 69, 100 %, 3474 MiB
2026/09/24 16:02:05.736, 0, 34 MHz, 405 MHz, 26.39 W, 51, 0 %, 3269 MiB
2026/09/24 16:02:05.736, 1, 2707 MHz, 14001 MHz, 599.87 W, 69, 100 %, 3474 MiB
2026/09/24 16:02:06.746, 0, 28 MHz, 405 MHz, 26.71 W, 51, 0 %, 3269 MiB
2026/09/24 16:02:06.746, 1, 2707 MHz, 14001 MHz, 600.14 W, 69, 100 %, 3474 MiB
2026/09/24 16:02:07.750, 0, 28 MHz, 405 MHz, 26.70 W, 51, 0 %, 3268 MiB
2026/09/24 16:02:07.750, 1, 2707 MHz, 14001 MHz, 600.07 W, 69, 100 %, 3474 MiB
2026/09/24 16:02:08.751, 0, 34 MHz, 405 MHz, 26.30 W, 51, 0 %, 3268 MiB
2026/09/24 16:02:08.751, 1, 2707 MHz, 14001 MHz, 600.04 W, 69, 100 %, 3474 MiB
2026/09/24 16:02:09.752, 0, 28 MHz, 405 MHz, 26.60 W, 51, 0 %, 3268 MiB
2026/09/24 16:02:09.752, 1, 2707 MHz, 14001 MHz, 599.90 W, 69, 100 %, 3474 MiB
2026/09/24 16:02:10.758, 0, 28 MHz, 405 MHz, 26.55 W, 51, 0 %, 3254 MiB
2026/09/24 16:02:10.758, 1, 2707 MHz, 14001 MHz, 600.07 W, 69, 100 %, 3474 MiB
2026/09/24 16:02:11.759, 0, 262 MHz, 405 MHz, 34.29 W, 51, 3 %, 3254 MiB
2026/09/24 16:02:11.759, 1, 2707 MHz, 14001 MHz, 600.03 W, 69, 100 %, 3474 MiB
2026/09/24 16:02:12.774, 0, 435 MHz, 405 MHz, 35.17 W, 51, 0 %, 3254 MiB
2026/09/24 16:02:12.774, 1, 2707 MHz, 14001 MHz, 599.91 W, 69, 100 %, 3474 MiB
2026/09/24 16:02:13.787, 0, 337 MHz, 405 MHz, 32.13 W, 51, 0 %, 3259 MiB
2026/09/24 16:02:13.787, 1, 2730 MHz, 14001 MHz, 599.52 W, 69, 99 %, 3474 MiB
2026/09/24 16:02:14.794, 0, 412 MHz, 405 MHz, 29.74 W, 51, 1 %, 3261 MiB
2026/09/24 16:02:14.794, 1, 2707 MHz, 14001 MHz, 600.90 W, 69, 100 %, 3474 MiB
2026/09/24 16:02:15.810, 0, 397 MHz, 405 MHz, 38.55 W, 51, 0 %, 3273 MiB
2026/09/24 16:02:15.810, 1, 2707 MHz, 14001 MHz, 600.09 W, 69, 100 %, 3474 MiB
2026/09/24 16:02:16.813, 0, 397 MHz, 405 MHz, 38.36 W, 51, 0 %, 3273 MiB
2026/09/24 16:02:16.813, 1, 2707 MHz, 14001 MHz, 599.94 W, 69, 100 %, 3474 MiB
2026/09/24 16:02:17.820, 0, 397 MHz, 405 MHz, 38.39 W, 51, 0 %, 3260 MiB
2026/09/24 16:02:17.820, 1, 2707 MHz, 14001 MHz, 600.08 W, 69, 99 %, 3474 MiB
2026/09/24 16:02:18.825, 0, 390 MHz, 405 MHz, 38.57 W, 51, 0 %, 3263 MiB
2026/09/24 16:02:18.825, 1, 2707 MHz, 14001 MHz, 599.83 W, 69, 100 %, 3474 MiB
2026/09/24 16:02:19.825, 0, 28 MHz, 405 MHz, 28.65 W, 51, 0 %, 3261 MiB
2026/09/24 16:02:19.825, 1, 2707 MHz, 14001 MHz, 600.03 W, 69, 100 %, 3474 MiB
2026/09/24 16:02:20.830, 0, 540 MHz, 405 MHz, 34.18 W, 51, 0 %, 3361 MiB
2026/09/24 16:02:20.830, 1, 2707 MHz, 14001 MHz, 599.79 W, 69, 99 %, 3474 MiB
2026/09/24 16:02:21.832, 0, 47 MHz, 405 MHz, 34.71 W, 51, 0 %, 3341 MiB
2026/09/24 16:02:21.832, 1, 2707 MHz, 14001 MHz, 599.99 W, 69, 100 %, 3474 MiB
2026/09/24 16:02:22.834, 0, 382 MHz, 405 MHz, 33.84 W, 51, 0 %, 3353 MiB
2026/09/24 16:02:22.834, 1, 2707 MHz, 14001 MHz, 600.10 W, 69, 100 %, 3474 MiB
2026/09/24 16:02:23.835, 0, 30 MHz, 405 MHz, 34.01 W, 51, 0 %, 3354 MiB
2026/09/24 16:02:23.835, 1, 2707 MHz, 14001 MHz, 600.21 W, 69, 100 %, 3474 MiB
2026/09/24 16:02:24.840, 0, 532 MHz, 405 MHz, 31.38 W, 51, 0 %, 3354 MiB
2026/09/24 16:02:24.840, 1, 2707 MHz, 14001 MHz, 600.18 W, 69, 100 %, 3474 MiB
2026/09/24 16:02:25.847, 0, 390 MHz, 405 MHz, 37.07 W, 51, 0 %, 3321 MiB
2026/09/24 16:02:25.847, 1, 2707 MHz, 14001 MHz, 599.96 W, 68, 100 %, 3474 MiB
2026/09/24 16:02:26.850, 0, 32 MHz, 405 MHz, 29.80 W, 51, 0 %, 3311 MiB
2026/09/24 16:02:26.851, 1, 2707 MHz, 14001 MHz, 599.89 W, 68, 100 %, 3474 MiB
2026/09/24 16:02:27.853, 0, 28 MHz, 405 MHz, 23.12 W, 51, 0 %, 3311 MiB
2026/09/24 16:02:27.853, 1, 2707 MHz, 14001 MHz, 600.12 W, 69, 100 %, 3474 MiB
2026/09/24 16:02:28.857, 0, 28 MHz, 405 MHz, 21.09 W, 51, 0 %, 3304 MiB
2026/09/24 16:02:28.857, 1, 2707 MHz, 14001 MHz, 599.97 W, 69, 100 %, 3474 MiB
2026/09/24 16:02:29.862, 0, 34 MHz, 405 MHz, 27.81 W, 51, 1 %, 3304 MiB
2026/09/24 16:02:29.862, 1, 2707 MHz, 14001 MHz, 600.06 W, 69, 100 %, 3474 MiB
2026/09/24 16:02:30.870, 0, 225 MHz, 405 MHz, 27.92 W, 51, 0 %, 3310 MiB
2026/09/24 16:02:30.870, 1, 2707 MHz, 14001 MHz, 600.24 W, 69, 100 %, 3474 MiB
2026/09/24 16:02:31.872, 0, 32 MHz, 405 MHz, 28.41 W, 51, 0 %, 3310 MiB
2026/09/24 16:02:31.872, 1, 2707 MHz, 14001 MHz, 600.04 W, 69, 100 %, 3474 MiB
2026/09/24 16:02:32.885, 0, 28 MHz, 405 MHz, 20.26 W, 51, 0 %, 3310 MiB
2026/09/24 16:02:32.885, 1, 2707 MHz, 14001 MHz, 600.00 W, 69, 100 %, 3474 MiB
2026/09/24 16:02:33.888, 0, 28 MHz, 405 MHz, 19.92 W, 51, 0 %, 3310 MiB
2026/09/24 16:02:33.888, 1, 2707 MHz, 14001 MHz, 599.99 W, 69, 100 %, 3474 MiB
2026/09/24 16:02:34.891, 0, 28 MHz, 405 MHz, 19.63 W, 51, 0 %, 3313 MiB
2026/09/24 16:02:34.891, 1, 2707 MHz, 14001 MHz, 600.10 W, 69, 100 %, 3474 MiB
2026/09/24 16:02:35.906, 0, 28 MHz, 405 MHz, 21.17 W, 51, 1 %, 3313 MiB
2026/09/24 16:02:35.906, 1, 2707 MHz, 14001 MHz, 600.01 W, 68, 100 %, 3474 MiB
2026/09/24 16:02:36.907, 0, 28 MHz, 405 MHz, 19.83 W, 51, 0 %, 3313 MiB
2026/09/24 16:02:36.907, 1, 2707 MHz, 14001 MHz, 599.94 W, 68, 100 %, 3474 MiB
2026/09/24 16:02:37.914, 0, 2595 MHz, 14001 MHz, 54.02 W, 52, 0 %, 3311 MiB
2026/09/24 16:02:37.914, 1, 2707 MHz, 14001 MHz, 600.14 W, 69, 100 %, 3474 MiB
2026/09/24 16:02:38.922, 0, 2595 MHz, 14001 MHz, 74.12 W, 53, 0 %, 3315 MiB
2026/09/24 16:02:38.922, 1, 2707 MHz, 14001 MHz, 599.97 W, 69, 100 %, 3474 MiB
2026/09/24 16:02:39.931, 0, 2595 MHz, 14001 MHz, 74.38 W, 53, 0 %, 3318 MiB
2026/09/24 16:02:39.931, 1, 2707 MHz, 14001 MHz, 600.14 W, 69, 100 %, 3474 MiB
2026/09/24 16:02:40.939, 0, 60 MHz, 810 MHz, 52.50 W, 52, 0 %, 3318 MiB
2026/09/24 16:02:40.939, 1, 2707 MHz, 14001 MHz, 600.14 W, 69, 100 %, 3474 MiB
2026/09/24 16:02:41.941, 0, 345 MHz, 810 MHz, 32.70 W, 51, 0 %, 3327 MiB
2026/09/24 16:02:41.941, 1, 2707 MHz, 14001 MHz, 600.08 W, 69, 100 %, 3474 MiB
2026/09/24 16:02:42.944, 0, 28 MHz, 405 MHz, 31.58 W, 51, 0 %, 3327 MiB
2026/09/24 16:02:42.944, 1, 2707 MHz, 14001 MHz, 599.91 W, 69, 100 %, 3474 MiB
2026/09/24 16:02:43.948, 0, 472 MHz, 405 MHz, 27.17 W, 51, 2 %, 3327 MiB
2026/09/24 16:02:43.948, 1, 2707 MHz, 14001 MHz, 600.01 W, 69, 99 %, 3474 MiB
2026/09/24 16:02:44.952, 0, 337 MHz, 405 MHz, 35.06 W, 51, 1 %, 3327 MiB
2026/09/24 16:02:44.952, 1, 2707 MHz, 14001 MHz, 599.77 W, 69, 99 %, 3474 MiB
2026/09/24 16:02:45.961, 0, 32 MHz, 405 MHz, 26.69 W, 51, 0 %, 3326 MiB
2026/09/24 16:02:45.961, 1, 2707 MHz, 14001 MHz, 599.75 W, 69, 100 %, 3474 MiB
2026/09/24 16:02:46.963, 0, 32 MHz, 405 MHz, 22.46 W, 51, 0 %, 3317 MiB
2026/09/24 16:02:46.963, 1, 2707 MHz, 14001 MHz, 600.35 W, 68, 99 %, 3474 MiB
2026/09/24 16:02:47.965, 0, 337 MHz, 405 MHz, 28.81 W, 51, 1 %, 3317 MiB
2026/09/24 16:02:47.965, 1, 2707 MHz, 14001 MHz, 600.08 W, 69, 100 %, 3474 MiB
2026/09/24 16:02:48.979, 0, 51 MHz, 405 MHz, 36.56 W, 51, 2 %, 3318 MiB
2026/09/24 16:02:48.979, 1, 2707 MHz, 14001 MHz, 599.98 W, 69, 100 %, 3474 MiB
2026/09/24 16:02:49.983, 0, 44 MHz, 405 MHz, 34.08 W, 51, 1 %, 3318 MiB
2026/09/24 16:02:49.983, 1, 2707 MHz, 14001 MHz, 600.09 W, 69, 100 %, 3474 MiB
2026/09/24 16:02:50.988, 0, 34 MHz, 405 MHz, 26.17 W, 51, 0 %, 3318 MiB
2026/09/24 16:02:50.988, 1, 2707 MHz, 14001 MHz, 599.96 W, 69, 100 %, 3474 MiB
2026/09/24 16:02:51.998, 0, 30 MHz, 405 MHz, 24.84 W, 51, 0 %, 3294 MiB
2026/09/24 16:02:51.998, 1, 2707 MHz, 14001 MHz, 599.80 W, 69, 100 %, 3474 MiB
2026/09/24 16:02:53.006, 0, 36 MHz, 405 MHz, 28.63 W, 51, 0 %, 3300 MiB
2026/09/24 16:02:53.006, 1, 2707 MHz, 14001 MHz, 600.24 W, 69, 100 %, 3474 MiB
2026/09/24 16:02:54.007, 0, 450 MHz, 405 MHz, 30.25 W, 51, 1 %, 3301 MiB
2026/09/24 16:02:54.007, 1, 2715 MHz, 14001 MHz, 599.75 W, 69, 99 %, 3474 MiB
2026/09/24 16:02:55.010, 0, 435 MHz, 405 MHz, 38.04 W, 51, 1 %, 3326 MiB
2026/09/24 16:02:55.010, 1, 2707 MHz, 14001 MHz, 600.15 W, 69, 99 %, 3474 MiB
2026/09/24 16:02:56.024, 0, 397 MHz, 405 MHz, 39.24 W, 51, 0 %, 3312 MiB
2026/09/24 16:02:56.024, 1, 2707 MHz, 14001 MHz, 600.05 W, 68, 100 %, 3474 MiB
2026/09/24 16:02:57.028, 0, 397 MHz, 405 MHz, 38.42 W, 51, 0 %, 3295 MiB
2026/09/24 16:02:57.028, 1, 2707 MHz, 14001 MHz, 600.10 W, 69, 100 %, 3474 MiB
2026/09/24 16:02:58.038, 0, 270 MHz, 405 MHz, 36.81 W, 51, 0 %, 3300 MiB
2026/09/24 16:02:58.038, 1, 2707 MHz, 14001 MHz, 599.84 W, 69, 100 %, 3474 MiB
2026/09/24 16:02:59.040, 0, 34 MHz, 405 MHz, 27.86 W, 51, 0 %, 3300 MiB
2026/09/24 16:02:59.040, 1, 2707 MHz, 14001 MHz, 599.91 W, 69, 99 %, 3474 MiB
2026/09/24 16:03:00.043, 0, 285 MHz, 405 MHz, 29.34 W, 51, 0 %, 3367 MiB
2026/09/24 16:03:00.043, 1, 2707 MHz, 14001 MHz, 600.05 W, 68, 99 %, 3474 MiB
2026/09/24 16:03:01.048, 0, 592 MHz, 405 MHz, 30.42 W, 51, 4 %, 3347 MiB
2026/09/24 16:03:01.048, 1, 2707 MHz, 14001 MHz, 599.97 W, 69, 99 %, 3474 MiB
2026/09/24 16:03:02.050, 0, 435 MHz, 405 MHz, 35.49 W, 51, 0 %, 3347 MiB
2026/09/24 16:03:02.050, 1, 2707 MHz, 14001 MHz, 599.97 W, 69, 100 %, 3474 MiB
2026/09/24 16:03:03.053, 0, 330 MHz, 405 MHz, 36.26 W, 51, 0 %, 3367 MiB
2026/09/24 16:03:03.053, 1, 2707 MHz, 14001 MHz, 600.19 W, 69, 100 %, 3474 MiB
2026/09/24 16:03:04.057, 0, 255 MHz, 405 MHz, 34.72 W, 51, 0 %, 3367 MiB
2026/09/24 16:03:04.057, 1, 2707 MHz, 14001 MHz, 600.09 W, 69, 100 %, 3474 MiB
2026/09/24 16:03:05.062, 0, 262 MHz, 405 MHz, 31.51 W, 51, 0 %, 3367 MiB
2026/09/24 16:03:05.062, 1, 2707 MHz, 14001 MHz, 599.91 W, 69, 100 %, 3474 MiB
2026/09/24 16:03:06.067, 0, 28 MHz, 405 MHz, 22.63 W, 51, 0 %, 3367 MiB
2026/09/24 16:03:06.067, 1, 2707 MHz, 14001 MHz, 600.09 W, 69, 100 %, 3474 MiB
2026/09/24 16:03:07.072, 0, 34 MHz, 405 MHz, 21.42 W, 51, 0 %, 3361 MiB
2026/09/24 16:03:07.072, 1, 2707 MHz, 14001 MHz, 599.80 W, 69, 100 %, 3474 MiB
2026/09/24 16:03:08.075, 0, 32 MHz, 405 MHz, 21.71 W, 51, 0 %, 3323 MiB
2026/09/24 16:03:08.075, 1, 2707 MHz, 14001 MHz, 599.98 W, 69, 99 %, 3474 MiB
2026/09/24 16:03:09.088, 0, 255 MHz, 405 MHz, 29.03 W, 51, 0 %, 3329 MiB
2026/09/24 16:03:09.088, 1, 2707 MHz, 14001 MHz, 599.89 W, 69, 100 %, 3474 MiB
2026/09/24 16:03:10.090, 0, 32 MHz, 405 MHz, 27.98 W, 51, 0 %, 3331 MiB
2026/09/24 16:03:10.090, 1, 2707 MHz, 14001 MHz, 600.10 W, 69, 100 %, 3474 MiB
2026/09/24 16:03:11.093, 0, 45 MHz, 405 MHz, 31.14 W, 51, 1 %, 3348 MiB
2026/09/24 16:03:11.093, 1, 2707 MHz, 14001 MHz, 599.98 W, 69, 100 %, 3474 MiB
2026/09/24 16:03:12.104, 0, 232 MHz, 405 MHz, 22.93 W, 51, 0 %, 3348 MiB
2026/09/24 16:03:12.104, 1, 2707 MHz, 14001 MHz, 599.90 W, 69, 100 %, 3474 MiB
2026/09/24 16:03:13.121, 0, 30 MHz, 405 MHz, 21.03 W, 51, 0 %, 3348 MiB
2026/09/24 16:03:13.121, 1, 2707 MHz, 14001 MHz, 599.99 W, 69, 100 %, 3474 MiB
2026/09/24 16:03:14.127, 0, 36 MHz, 405 MHz, 25.98 W, 51, 0 %, 3328 MiB
2026/09/24 16:03:14.127, 1, 2707 MHz, 14001 MHz, 599.75 W, 69, 99 %, 3474 MiB
2026/09/24 16:03:15.129, 0, 28 MHz, 405 MHz, 24.35 W, 51, 0 %, 3328 MiB
2026/09/24 16:03:15.129, 1, 2707 MHz, 14001 MHz, 599.97 W, 69, 100 %, 3474 MiB
2026/09/24 16:03:16.130, 0, 28 MHz, 405 MHz, 21.44 W, 51, 0 %, 3326 MiB
2026/09/24 16:03:16.130, 1, 2707 MHz, 14001 MHz, 600.01 W, 69, 100 %, 3474 MiB
2026/09/24 16:03:17.132, 0, 28 MHz, 405 MHz, 20.92 W, 51, 0 %, 3326 MiB
2026/09/24 16:03:17.132, 1, 2707 MHz, 14001 MHz, 600.14 W, 69, 100 %, 3474 MiB
2026/09/24 16:03:18.134, 0, 28 MHz, 405 MHz, 20.56 W, 51, 0 %, 3326 MiB
2026/09/24 16:03:18.134, 1, 2707 MHz, 14001 MHz, 600.01 W, 69, 100 %, 3474 MiB
2026/09/24 16:03:19.141, 0, 29 MHz, 405 MHz, 20.97 W, 51, 0 %, 3326 MiB
2026/09/24 16:03:19.141, 1, 2707 MHz, 14001 MHz, 599.98 W, 69, 100 %, 3474 MiB
2026/09/24 16:03:20.147, 0, 28 MHz, 405 MHz, 21.21 W, 51, 0 %, 3326 MiB
2026/09/24 16:03:20.147, 1, 2707 MHz, 14001 MHz, 600.17 W, 69, 100 %, 3474 MiB
2026/09/24 16:03:21.154, 0, 27 MHz, 405 MHz, 21.15 W, 51, 0 %, 3326 MiB
2026/09/24 16:03:21.154, 1, 2707 MHz, 14001 MHz, 599.96 W, 69, 100 %, 3474 MiB
2026/09/24 16:03:22.159, 0, 29 MHz, 405 MHz, 21.31 W, 51, 0 %, 3326 MiB
2026/09/24 16:03:22.159, 1, 2707 MHz, 14001 MHz, 600.13 W, 69, 100 %, 3474 MiB
2026/09/24 16:03:23.171, 0, 28 MHz, 405 MHz, 21.10 W, 51, 0 %, 3326 MiB
2026/09/24 16:03:23.171, 1, 2707 MHz, 14001 MHz, 599.79 W, 68, 100 %, 3474 MiB
2026/09/24 16:03:24.177, 0, 28 MHz, 405 MHz, 20.60 W, 51, 0 %, 3326 MiB
2026/09/24 16:03:24.177, 1, 2707 MHz, 14001 MHz, 599.90 W, 69, 99 %, 3474 MiB
2026/09/24 16:03:25.180, 0, 28 MHz, 405 MHz, 21.15 W, 51, 0 %, 3325 MiB
2026/09/24 16:03:25.180, 1, 2707 MHz, 14001 MHz, 599.92 W, 69, 100 %, 3474 MiB
2026/09/24 16:03:26.182, 0, 28 MHz, 405 MHz, 21.46 W, 51, 0 %, 3325 MiB
2026/09/24 16:03:26.182, 1, 2707 MHz, 14001 MHz, 600.15 W, 69, 100 %, 3474 MiB
2026/09/24 16:03:27.185, 0, 28 MHz, 405 MHz, 20.79 W, 51, 0 %, 3325 MiB
2026/09/24 16:03:27.185, 1, 2715 MHz, 14001 MHz, 599.78 W, 69, 100 %, 3474 MiB
2026/09/24 16:03:28.191, 0, 28 MHz, 405 MHz, 20.59 W, 51, 0 %, 3325 MiB
2026/09/24 16:03:28.191, 1, 2715 MHz, 14001 MHz, 599.86 W, 69, 100 %, 3474 MiB
2026/09/24 16:03:29.195, 0, 34 MHz, 405 MHz, 20.76 W, 51, 0 %, 3325 MiB
2026/09/24 16:03:29.195, 1, 2707 MHz, 14001 MHz, 599.92 W, 69, 100 %, 3474 MiB
2026/09/24 16:03:30.210, 0, 31 MHz, 405 MHz, 21.07 W, 51, 0 %, 3325 MiB
2026/09/24 16:03:30.210, 1, 2707 MHz, 14001 MHz, 600.06 W, 69, 100 %, 3474 MiB
2026/09/24 16:03:31.225, 0, 29 MHz, 405 MHz, 20.81 W, 51, 0 %, 3325 MiB
2026/09/24 16:03:31.225, 1, 2715 MHz, 14001 MHz, 600.03 W, 68, 100 %, 3474 MiB
2026/09/24 16:03:32.228, 0, 29 MHz, 405 MHz, 21.04 W, 51, 0 %, 3325 MiB
2026/09/24 16:03:32.228, 1, 2715 MHz, 14001 MHz, 599.82 W, 69, 100 %, 3474 MiB
2026/09/24 16:03:33.236, 0, 30 MHz, 405 MHz, 20.93 W, 51, 0 %, 3325 MiB
2026/09/24 16:03:33.236, 1, 2707 MHz, 14001 MHz, 599.88 W, 69, 100 %, 3474 MiB
2026/09/24 16:03:34.250, 0, 30 MHz, 405 MHz, 21.23 W, 51, 0 %, 3337 MiB
2026/09/24 16:03:34.250, 1, 2715 MHz, 14001 MHz, 599.86 W, 69, 100 %, 3474 MiB
2026/09/24 16:03:35.257, 0, 43 MHz, 405 MHz, 31.34 W, 51, 1 %, 3333 MiB
2026/09/24 16:03:35.257, 1, 2715 MHz, 14001 MHz, 599.82 W, 69, 100 %, 3474 MiB
2026/09/24 16:03:36.257, 0, 32 MHz, 405 MHz, 26.37 W, 51, 0 %, 3333 MiB
2026/09/24 16:03:36.257, 1, 2707 MHz, 14001 MHz, 600.17 W, 69, 100 %, 3474 MiB
2026/09/24 16:03:37.273, 0, 37 MHz, 405 MHz, 24.77 W, 51, 0 %, 3333 MiB
2026/09/24 16:03:37.273, 1, 2707 MHz, 14001 MHz, 600.16 W, 69, 100 %, 3474 MiB
2026/09/24 16:03:38.285, 0, 30 MHz, 405 MHz, 24.97 W, 51, 0 %, 3323 MiB
2026/09/24 16:03:38.285, 1, 2707 MHz, 14001 MHz, 599.73 W, 69, 99 %, 3474 MiB
2026/09/24 16:03:39.293, 0, 30 MHz, 405 MHz, 25.94 W, 51, 0 %, 3319 MiB
2026/09/24 16:03:39.293, 1, 2707 MHz, 14001 MHz, 600.04 W, 69, 100 %, 3474 MiB
2026/09/24 16:03:40.300, 0, 55 MHz, 405 MHz, 31.39 W, 51, 1 %, 3311 MiB
2026/09/24 16:03:40.300, 1, 2707 MHz, 14001 MHz, 599.85 W, 69, 100 %, 3474 MiB
2026/09/24 16:03:41.315, 0, 96 MHz, 405 MHz, 33.47 W, 51, 7 %, 3331 MiB
2026/09/24 16:03:41.315, 1, 2707 MHz, 14001 MHz, 599.95 W, 69, 100 %, 3474 MiB
2026/09/24 16:03:42.330, 0, 29 MHz, 405 MHz, 28.58 W, 51, 0 %, 3333 MiB
2026/09/24 16:03:42.330, 1, 2707 MHz, 14001 MHz, 600.02 W, 68, 100 %, 3474 MiB
2026/09/24 16:03:43.344, 0, 34 MHz, 405 MHz, 22.34 W, 51, 0 %, 3333 MiB
2026/09/24 16:03:43.344, 1, 2715 MHz, 14001 MHz, 599.95 W, 69, 100 %, 3474 MiB
2026/09/24 16:03:44.349, 0, 457 MHz, 405 MHz, 27.77 W, 51, 1 %, 3319 MiB
2026/09/24 16:03:44.349, 1, 2715 MHz, 14001 MHz, 600.28 W, 69, 99 %, 3474 MiB
2026/09/24 16:03:45.349, 0, 29 MHz, 405 MHz, 27.12 W, 51, 0 %, 3319 MiB
2026/09/24 16:03:45.349, 1, 2707 MHz, 14001 MHz, 599.99 W, 69, 100 %, 3474 MiB
2026/09/24 16:03:46.352, 0, 31 MHz, 405 MHz, 22.85 W, 51, 0 %, 3316 MiB
2026/09/24 16:03:46.352, 1, 2715 MHz, 14001 MHz, 599.89 W, 69, 99 %, 3474 MiB
2026/09/24 16:03:47.353, 0, 46 MHz, 405 MHz, 22.62 W, 51, 1 %, 3305 MiB
2026/09/24 16:03:47.353, 1, 2715 MHz, 14001 MHz, 599.99 W, 69, 100 %, 3474 MiB
2026/09/24 16:03:48.358, 0, 38 MHz, 405 MHz, 24.19 W, 51, 1 %, 3304 MiB
2026/09/24 16:03:48.358, 1, 2715 MHz, 14001 MHz, 600.10 W, 69, 99 %, 3474 MiB
2026/09/24 16:03:49.362, 0, 39 MHz, 405 MHz, 21.92 W, 51, 1 %, 3303 MiB
2026/09/24 16:03:49.362, 1, 2707 MHz, 14001 MHz, 600.01 W, 69, 100 %, 3474 MiB
2026/09/24 16:03:50.368, 0, 38 MHz, 405 MHz, 22.46 W, 51, 1 %, 3303 MiB
2026/09/24 16:03:50.368, 1, 2715 MHz, 14001 MHz, 599.84 W, 69, 100 %, 3474 MiB
2026/09/24 16:03:51.372, 0, 36 MHz, 405 MHz, 21.72 W, 51, 1 %, 3303 MiB
2026/09/24 16:03:51.372, 1, 2715 MHz, 14001 MHz, 599.91 W, 69, 100 %, 3474 MiB
2026/09/24 16:03:52.375, 0, 49 MHz, 405 MHz, 25.19 W, 51, 1 %, 3291 MiB
2026/09/24 16:03:52.375, 1, 2707 MHz, 14001 MHz, 600.12 W, 69, 100 %, 3474 MiB
2026/09/24 16:03:53.379, 0, 367 MHz, 405 MHz, 28.86 W, 51, 2 %, 3291 MiB
2026/09/24 16:03:53.379, 1, 2707 MHz, 14001 MHz, 600.17 W, 69, 100 %, 3474 MiB
2026/09/24 16:03:54.383, 0, 40 MHz, 405 MHz, 25.05 W, 51, 1 %, 3243 MiB
2026/09/24 16:03:54.383, 1, 2715 MHz, 14001 MHz, 599.86 W, 69, 100 %, 3474 MiB
2026/09/24 16:03:55.391, 0, 42 MHz, 405 MHz, 22.34 W, 51, 1 %, 3243 MiB
2026/09/24 16:03:55.391, 1, 2707 MHz, 14001 MHz, 599.86 W, 69, 100 %, 3474 MiB
2026/09/24 16:03:56.394, 0, 40 MHz, 405 MHz, 22.19 W, 51, 1 %, 3243 MiB
2026/09/24 16:03:56.394, 1, 2715 MHz, 14001 MHz, 600.03 W, 68, 100 %, 3474 MiB
2026/09/24 16:03:57.398, 0, 63 MHz, 405 MHz, 27.20 W, 51, 3 %, 3243 MiB
2026/09/24 16:03:57.398, 1, 2715 MHz, 14001 MHz, 599.88 W, 69, 100 %, 3474 MiB
2026/09/24 16:03:58.401, 0, 32 MHz, 405 MHz, 25.22 W, 51, 0 %, 3244 MiB
2026/09/24 16:03:58.401, 1, 2707 MHz, 14001 MHz, 600.01 W, 68, 100 %, 3474 MiB
2026/09/24 16:03:59.416, 0, 48 MHz, 405 MHz, 24.10 W, 51, 1 %, 3244 MiB
2026/09/24 16:03:59.416, 1, 2715 MHz, 14001 MHz, 600.17 W, 69, 100 %, 3474 MiB
2026/09/24 16:04:00.420, 0, 37 MHz, 405 MHz, 26.33 W, 51, 0 %, 3244 MiB
2026/09/24 16:04:00.420, 1, 2715 MHz, 14001 MHz, 600.04 W, 69, 100 %, 3474 MiB
2026/09/24 16:04:01.425, 0, 37 MHz, 405 MHz, 27.87 W, 51, 1 %, 3244 MiB
2026/09/24 16:04:01.425, 1, 2715 MHz, 14001 MHz, 600.08 W, 68, 100 %, 3474 MiB
2026/09/24 16:04:02.426, 0, 31 MHz, 405 MHz, 27.80 W, 51, 0 %, 3250 MiB
2026/09/24 16:04:02.426, 1, 2715 MHz, 14001 MHz, 599.92 W, 69, 100 %, 3474 MiB
2026/09/24 16:04:03.429, 0, 35 MHz, 405 MHz, 26.69 W, 51, 1 %, 3250 MiB
2026/09/24 16:04:03.429, 1, 2707 MHz, 14001 MHz, 600.06 W, 69, 100 %, 3474 MiB
2026/09/24 16:04:04.433, 0, 30 MHz, 405 MHz, 24.26 W, 51, 1 %, 3246 MiB
2026/09/24 16:04:04.433, 1, 2715 MHz, 14001 MHz, 599.91 W, 69, 100 %, 3474 MiB
2026/09/24 16:04:05.440, 0, 32 MHz, 405 MHz, 21.30 W, 51, 1 %, 3242 MiB
2026/09/24 16:04:05.440, 1, 2715 MHz, 14001 MHz, 600.17 W, 69, 99 %, 3474 MiB
2026/09/24 16:04:06.445, 0, 37 MHz, 405 MHz, 21.78 W, 51, 1 %, 3242 MiB
2026/09/24 16:04:06.445, 1, 2715 MHz, 14001 MHz, 599.97 W, 68, 100 %, 3474 MiB
2026/09/24 16:04:07.459, 0, 32 MHz, 405 MHz, 22.17 W, 51, 1 %, 3242 MiB
2026/09/24 16:04:07.459, 1, 2715 MHz, 14001 MHz, 600.17 W, 68, 100 %, 3474 MiB
2026/09/24 16:04:08.466, 0, 80 MHz, 405 MHz, 26.05 W, 51, 0 %, 3243 MiB
2026/09/24 16:04:08.466, 1, 2707 MHz, 14001 MHz, 600.02 W, 68, 100 %, 3474 MiB
2026/09/24 16:04:09.471, 0, 28 MHz, 405 MHz, 21.50 W, 51, 1 %, 3243 MiB
2026/09/24 16:04:09.471, 1, 2715 MHz, 14001 MHz, 599.84 W, 69, 100 %, 3474 MiB
2026/09/24 16:04:10.477, 0, 247 MHz, 405 MHz, 21.74 W, 51, 1 %, 3243 MiB
2026/09/24 16:04:10.477, 1, 2707 MHz, 14001 MHz, 600.37 W, 68, 100 %, 3474 MiB
2026/09/24 16:04:11.481, 0, 30 MHz, 405 MHz, 21.84 W, 50, 0 %, 3242 MiB
2026/09/24 16:04:11.481, 1, 2715 MHz, 14001 MHz, 599.67 W, 69, 100 %, 3474 MiB
2026/09/24 16:04:12.485, 0, 367 MHz, 405 MHz, 33.04 W, 51, 3 %, 3278 MiB
2026/09/24 16:04:12.485, 1, 2715 MHz, 14001 MHz, 599.69 W, 68, 100 %, 3474 MiB
2026/09/24 16:04:13.490, 0, 412 MHz, 405 MHz, 39.24 W, 51, 1 %, 3281 MiB
2026/09/24 16:04:13.490, 1, 2715 MHz, 14001 MHz, 600.13 W, 69, 100 %, 3474 MiB
2026/09/24 16:04:14.503, 0, 427 MHz, 405 MHz, 39.45 W, 51, 1 %, 3278 MiB
2026/09/24 16:04:14.503, 1, 2707 MHz, 14001 MHz, 600.04 W, 69, 100 %, 3474 MiB
2026/09/24 16:04:15.506, 0, 352 MHz, 405 MHz, 38.27 W, 51, 1 %, 3260 MiB
2026/09/24 16:04:15.506, 1, 2715 MHz, 14001 MHz, 600.08 W, 69, 100 %, 3474 MiB
2026/09/24 16:04:16.522, 0, 390 MHz, 405 MHz, 38.84 W, 51, 1 %, 3260 MiB
2026/09/24 16:04:16.522, 1, 2707 MHz, 14001 MHz, 599.90 W, 68, 100 %, 3474 MiB
2026/09/24 16:04:17.525, 0, 420 MHz, 405 MHz, 39.81 W, 51, 1 %, 3247 MiB
2026/09/24 16:04:17.525, 1, 2722 MHz, 14001 MHz, 600.07 W, 69, 100 %, 3474 MiB
2026/09/24 16:04:18.531, 0, 352 MHz, 405 MHz, 38.37 W, 51, 1 %, 3247 MiB
2026/09/24 16:04:18.531, 1, 2707 MHz, 14001 MHz, 600.20 W, 68, 100 %, 3474 MiB
2026/09/24 16:04:19.532, 0, 397 MHz, 405 MHz, 38.59 W, 51, 1 %, 3247 MiB
2026/09/24 16:04:19.532, 1, 2715 MHz, 14001 MHz, 599.81 W, 69, 100 %, 3474 MiB
2026/09/24 16:04:20.534, 0, 405 MHz, 405 MHz, 39.36 W, 51, 1 %, 3247 MiB
2026/09/24 16:04:20.534, 1, 2707 MHz, 14001 MHz, 599.98 W, 68, 100 %, 3474 MiB
2026/09/24 16:04:21.540, 0, 367 MHz, 405 MHz, 38.73 W, 51, 0 %, 3247 MiB
2026/09/24 16:04:21.540, 1, 2722 MHz, 14001 MHz, 599.95 W, 69, 100 %, 3474 MiB
2026/09/24 16:04:22.542, 0, 405 MHz, 405 MHz, 39.17 W, 51, 1 %, 3248 MiB
2026/09/24 16:04:22.542, 1, 2715 MHz, 14001 MHz, 600.13 W, 68, 100 %, 3474 MiB
2026/09/24 16:04:23.557, 0, 51 MHz, 405 MHz, 39.74 W, 51, 1 %, 3258 MiB
2026/09/24 16:04:23.557, 1, 2715 MHz, 14001 MHz, 600.06 W, 69, 100 %, 3474 MiB
2026/09/24 16:04:24.558, 0, 322 MHz, 405 MHz, 36.35 W, 51, 1 %, 3261 MiB
2026/09/24 16:04:24.558, 1, 2715 MHz, 14001 MHz, 599.81 W, 68, 100 %, 3474 MiB
2026/09/24 16:04:25.565, 0, 292 MHz, 405 MHz, 35.27 W, 51, 2 %, 3261 MiB
2026/09/24 16:04:25.565, 1, 2707 MHz, 14001 MHz, 600.08 W, 69, 99 %, 3474 MiB
2026/09/24 16:04:26.570, 0, 39 MHz, 405 MHz, 34.64 W, 51, 3 %, 3261 MiB
2026/09/24 16:04:26.570, 1, 2715 MHz, 14001 MHz, 599.79 W, 69, 100 %, 3474 MiB
2026/09/24 16:04:27.572, 0, 292 MHz, 405 MHz, 33.74 W, 51, 1 %, 3257 MiB
2026/09/24 16:04:27.572, 1, 2707 MHz, 14001 MHz, 600.16 W, 68, 100 %, 3474 MiB
2026/09/24 16:04:28.573, 0, 50 MHz, 405 MHz, 36.99 W, 51, 2 %, 3255 MiB
2026/09/24 16:04:28.573, 1, 2722 MHz, 14001 MHz, 599.78 W, 69, 100 %, 3474 MiB
2026/09/24 16:04:29.578, 0, 412 MHz, 405 MHz, 34.88 W, 51, 1 %, 3256 MiB
2026/09/24 16:04:29.578, 1, 2715 MHz, 14001 MHz, 600.13 W, 68, 100 %, 3474 MiB
2026/09/24 16:04:30.580, 0, 35 MHz, 405 MHz, 30.28 W, 51, 1 %, 3255 MiB
2026/09/24 16:04:30.580, 1, 2715 MHz, 14001 MHz, 599.99 W, 69, 100 %, 3474 MiB
2026/09/24 16:04:31.596, 0, 34 MHz, 405 MHz, 22.64 W, 51, 1 %, 3252 MiB
2026/09/24 16:04:31.596, 1, 2715 MHz, 14001 MHz, 599.90 W, 69, 100 %, 3474 MiB
2026/09/24 16:04:32.611, 0, 577 MHz, 405 MHz, 27.54 W, 51, 1 %, 3254 MiB
2026/09/24 16:04:32.611, 1, 2707 MHz, 14001 MHz, 600.34 W, 68, 100 %, 3474 MiB
2026/09/24 16:04:33.626, 0, 34 MHz, 405 MHz, 33.11 W, 51, 1 %, 3254 MiB
2026/09/24 16:04:33.626, 1, 2722 MHz, 14001 MHz, 599.97 W, 68, 100 %, 3474 MiB
2026/09/24 16:04:34.630, 0, 33 MHz, 405 MHz, 23.51 W, 51, 1 %, 3254 MiB
2026/09/24 16:04:34.630, 1, 2722 MHz, 14001 MHz, 599.94 W, 68, 100 %, 3474 MiB
2026/09/24 16:04:35.633, 0, 30 MHz, 405 MHz, 27.56 W, 51, 2 %, 3254 MiB
2026/09/24 16:04:35.633, 1, 2707 MHz, 14001 MHz, 600.00 W, 68, 99 %, 3474 MiB
2026/09/24 16:04:36.637, 0, 30 MHz, 405 MHz, 26.14 W, 51, 1 %, 3253 MiB
2026/09/24 16:04:36.637, 1, 2722 MHz, 14001 MHz, 599.64 W, 69, 100 %, 3474 MiB
2026/09/24 16:04:37.638, 0, 28 MHz, 405 MHz, 26.53 W, 51, 1 %, 3261 MiB
2026/09/24 16:04:37.638, 1, 2722 MHz, 14001 MHz, 600.20 W, 68, 100 %, 3474 MiB
2026/09/24 16:04:38.642, 0, 28 MHz, 405 MHz, 31.50 W, 51, 3 %, 3257 MiB
2026/09/24 16:04:38.642, 1, 2715 MHz, 14001 MHz, 599.94 W, 69, 100 %, 3474 MiB
2026/09/24 16:04:39.649, 0, 28 MHz, 405 MHz, 27.23 W, 51, 1 %, 3257 MiB
2026/09/24 16:04:39.649, 1, 2722 MHz, 14001 MHz, 599.87 W, 69, 100 %, 3474 MiB
2026/09/24 16:04:40.650, 0, 28 MHz, 405 MHz, 26.15 W, 51, 1 %, 3257 MiB
2026/09/24 16:04:40.650, 1, 2715 MHz, 14001 MHz, 599.79 W, 68, 100 %, 3474 MiB
2026/09/24 16:04:41.655, 0, 28 MHz, 405 MHz, 26.05 W, 51, 1 %, 3257 MiB
2026/09/24 16:04:41.655, 1, 2707 MHz, 14001 MHz, 600.01 W, 68, 100 %, 3474 MiB
2026/09/24 16:04:42.660, 0, 27 MHz, 405 MHz, 25.93 W, 51, 1 %, 3257 MiB
2026/09/24 16:04:42.660, 1, 2722 MHz, 14001 MHz, 599.66 W, 69, 100 %, 3474 MiB
2026/09/24 16:04:43.674, 0, 28 MHz, 405 MHz, 25.12 W, 51, 1 %, 3257 MiB
2026/09/24 16:04:43.674, 1, 2722 MHz, 14001 MHz, 600.17 W, 68, 100 %, 3474 MiB
2026/09/24 16:04:44.678, 0, 33 MHz, 405 MHz, 25.61 W, 51, 1 %, 3287 MiB
2026/09/24 16:04:44.678, 1, 2715 MHz, 14001 MHz, 599.89 W, 68, 99 %, 3474 MiB
2026/09/24 16:04:45.682, 0, 375 MHz, 405 MHz, 35.86 W, 51, 9 %, 3279 MiB
2026/09/24 16:04:45.682, 1, 2722 MHz, 14001 MHz, 600.22 W, 68, 100 %, 3474 MiB
2026/09/24 16:04:46.698, 0, 46 MHz, 405 MHz, 31.75 W, 51, 1 %, 3248 MiB
2026/09/24 16:04:46.698, 1, 2722 MHz, 14001 MHz, 599.98 W, 69, 100 %, 3474 MiB
2026/09/24 16:04:47.711, 0, 34 MHz, 405 MHz, 29.08 W, 51, 1 %, 3245 MiB
2026/09/24 16:04:47.711, 1, 2715 MHz, 14001 MHz, 600.13 W, 68, 100 %, 3474 MiB
2026/09/24 16:04:48.712, 0, 502 MHz, 405 MHz, 30.25 W, 51, 1 %, 3237 MiB
2026/09/24 16:04:48.712, 1, 2715 MHz, 14001 MHz, 600.01 W, 68, 100 %, 3474 MiB
2026/09/24 16:04:49.714, 0, 390 MHz, 405 MHz, 38.68 W, 51, 1 %, 3244 MiB
2026/09/24 16:04:49.714, 1, 2722 MHz, 14001 MHz, 599.93 W, 69, 100 %, 3474 MiB
2026/09/24 16:04:50.716, 0, 397 MHz, 405 MHz, 38.82 W, 51, 1 %, 3233 MiB
2026/09/24 16:04:50.716, 1, 2722 MHz, 14001 MHz, 599.84 W, 68, 100 %, 3474 MiB
2026/09/24 16:04:51.721, 0, 32 MHz, 405 MHz, 32.41 W, 51, 1 %, 3233 MiB
2026/09/24 16:04:51.721, 1, 2707 MHz, 14001 MHz, 600.10 W, 68, 99 %, 3474 MiB
2026/09/24 16:04:52.726, 0, 28 MHz, 405 MHz, 23.30 W, 51, 1 %, 3306 MiB
2026/09/24 16:04:52.726, 1, 2715 MHz, 14001 MHz, 599.90 W, 69, 100 %, 3474 MiB
2026/09/24 16:04:53.732, 0, 28 MHz, 405 MHz, 29.64 W, 51, 2 %, 3306 MiB
2026/09/24 16:04:53.732, 1, 2722 MHz, 14001 MHz, 599.90 W, 69, 100 %, 3474 MiB
2026/09/24 16:04:54.735, 0, 28 MHz, 405 MHz, 25.33 W, 51, 1 %, 3306 MiB
2026/09/24 16:04:54.735, 1, 2722 MHz, 14001 MHz, 600.04 W, 68, 100 %, 3474 MiB
2026/09/24 16:04:55.748, 0, 28 MHz, 405 MHz, 25.55 W, 51, 1 %, 3306 MiB
2026/09/24 16:04:55.748, 1, 2707 MHz, 14001 MHz, 600.04 W, 69, 99 %, 3474 MiB
2026/09/24 16:04:56.752, 0, 34 MHz, 405 MHz, 26.04 W, 51, 1 %, 3297 MiB
2026/09/24 16:04:56.752, 1, 2715 MHz, 14001 MHz, 599.92 W, 69, 100 %, 3474 MiB
2026/09/24 16:04:57.768, 0, 28 MHz, 405 MHz, 25.63 W, 51, 1 %, 3297 MiB
2026/09/24 16:04:57.768, 1, 2722 MHz, 14001 MHz, 599.81 W, 69, 99 %, 3474 MiB
2026/09/24 16:04:58.774, 0, 31 MHz, 405 MHz, 25.46 W, 51, 1 %, 3292 MiB
2026/09/24 16:04:58.774, 1, 2722 MHz, 14001 MHz, 599.96 W, 69, 100 %, 3474 MiB
2026/09/24 16:04:59.779, 0, 62 MHz, 405 MHz, 32.18 W, 51, 1 %, 3211 MiB
2026/09/24 16:04:59.779, 1, 2722 MHz, 14001 MHz, 600.10 W, 69, 100 %, 3474 MiB
2026/09/24 16:05:00.783, 0, 29 MHz, 405 MHz, 28.06 W, 51, 1 %, 3211 MiB
2026/09/24 16:05:00.783, 1, 2707 MHz, 14001 MHz, 599.85 W, 68, 100 %, 3474 MiB
2026/09/24 16:05:01.789, 0, 33 MHz, 405 MHz, 26.46 W, 51, 1 %, 3263 MiB
2026/09/24 16:05:01.789, 1, 2715 MHz, 14001 MHz, 600.10 W, 69, 100 %, 3474 MiB
2026/09/24 16:05:02.792, 0, 50 MHz, 405 MHz, 33.08 W, 51, 4 %, 3263 MiB
2026/09/24 16:05:02.792, 1, 2722 MHz, 14001 MHz, 599.72 W, 69, 100 %, 3474 MiB
2026/09/24 16:05:03.797, 0, 262 MHz, 405 MHz, 30.08 W, 51, 1 %, 3263 MiB
2026/09/24 16:05:03.797, 1, 2722 MHz, 14001 MHz, 599.62 W, 69, 100 %, 3474 MiB
2026/09/24 16:05:04.802, 0, 28 MHz, 405 MHz, 29.52 W, 51, 2 %, 3263 MiB
2026/09/24 16:05:04.802, 1, 2842 MHz, 14001 MHz, 545.97 W, 58, 100 %, 18 MiB
2026/09/24 16:05:05.815, 0, 270 MHz, 405 MHz, 26.25 W, 51, 1 %, 3263 MiB
2026/09/24 16:05:05.815, 1, 2955 MHz, 14001 MHz, 139.71 W, 54, 0 %, 18 MiB
