timestamp, index, pci.bus_id, memory.used [MiB], memory.total [MiB], utilization.gpu [%], power.draw [W], temperature.gpu, clocks.current.sm [MHz]
2026/10/06 15:39:12.334, 0, 00000000:01:00.0, 4 MiB, 40960 MiB, 0 %, 37.86 W, 31, 210 MHz
2026/10/06 15:39:12.353, 1, 00000000:02:00.0, 4 MiB, 40960 MiB, 0 %, 32.88 W, 31, 210 MHz
2026/10/06 15:39:12.372, 2, 00000000:81:00.0, 4 MiB, 40960 MiB, 0 %, 36.66 W, 32, 210 MHz
2026/10/06 15:39:12.392, 3, 00000000:82:00.0, 4 MiB, 40960 MiB, 0 %, 35.15 W, 32, 210 MHz
2026/10/06 15:39:13.413, 0, 00000000:01:00.0, 4 MiB, 40960 MiB, 0 %, 37.97 W, 31, 210 MHz
2026/10/06 15:39:13.427, 1, 00000000:02:00.0, 4 MiB, 40960 MiB, 0 %, 32.88 W, 31, 210 MHz
2026/10/06 15:39:13.443, 2, 00000000:81:00.0, 4 MiB, 40960 MiB, 0 %, 36.66 W, 32, 210 MHz
2026/10/06 15:39:13.458, 3, 00000000:82:00.0, 4 MiB, 40960 MiB, 0 %, 35.05 W, 32, 210 MHz
2026/10/06 15:39:14.474, 0, 00000000:01:00.0, 4 MiB, 40960 MiB, 0 %, 37.87 W, 31, 210 MHz
2026/10/06 15:39:14.481, 1, 00000000:02:00.0, 4 MiB, 40960 MiB, 0 %, 32.79 W, 31, 210 MHz
2026/10/06 15:39:14.489, 2, 00000000:81:00.0, 4 MiB, 40960 MiB, 0 %, 36.57 W, 32, 210 MHz
2026/10/06 15:39:14.497, 3, 00000000:82:00.0, 4 MiB, 40960 MiB, 0 %, 35.06 W, 32, 210 MHz
2026/10/06 15:39:15.504, 0, 00000000:01:00.0, 4 MiB, 40960 MiB, 0 %, 41.78 W, 32, 765 MHz
2026/10/06 15:39:15.510, 1, 00000000:02:00.0, 4 MiB, 40960 MiB, 0 %, 32.88 W, 31, 210 MHz
2026/10/06 15:39:15.520, 2, 00000000:81:00.0, 4 MiB, 40960 MiB, 0 %, 36.66 W, 32, 210 MHz
2026/10/06 15:39:15.530, 3, 00000000:82:00.0, 4 MiB, 40960 MiB, 0 %, 35.15 W, 32, 210 MHz
2026/10/06 15:39:16.538, 0, 00000000:01:00.0, 15 MiB, 40960 MiB, 0 %, 46.55 W, 32, 1080 MHz
2026/10/06 15:39:16.545, 1, 00000000:02:00.0, 11 MiB, 40960 MiB, 0 %, 36.48 W, 32, 765 MHz
2026/10/06 15:39:16.555, 2, 00000000:81:00.0, 4 MiB, 40960 MiB, 0 %, 36.56 W, 32, 210 MHz
2026/10/06 15:39:16.562, 3, 00000000:82:00.0, 4 MiB, 40960 MiB, 0 %, 35.05 W, 32, 210 MHz
2026/10/06 15:39:17.570, 0, 00000000:01:00.0, 15 MiB, 40960 MiB, 0 %, 46.54 W, 32, 1080 MHz
2026/10/06 15:39:17.579, 1, 00000000:02:00.0, 4 MiB, 40960 MiB, 0 %, 40.37 W, 32, 1050 MHz
2026/10/06 15:39:17.589, 2, 00000000:81:00.0, 36 MiB, 40960 MiB, 3 %, 46.32 W, 32, 1110 MHz
2026/10/06 15:39:17.597, 3, 00000000:82:00.0, 4 MiB, 40960 MiB, 0 %, 35.13 W, 32, 210 MHz
2026/10/06 15:39:18.607, 0, 00000000:01:00.0, 4 MiB, 40960 MiB, 0 %, 41.85 W, 32, 765 MHz
2026/10/06 15:39:18.614, 1, 00000000:02:00.0, 4 MiB, 40960 MiB, 0 %, 33.17 W, 32, 240 MHz
2026/10/06 15:39:18.624, 2, 00000000:81:00.0, 4 MiB, 40960 MiB, 0 %, 46.40 W, 33, 1110 MHz
2026/10/06 15:39:18.631, 3, 00000000:82:00.0, 4 MiB, 40960 MiB, 0 %, 50.63 W, 32, 1245 MHz
2026/10/06 15:39:19.636, 0, 00000000:01:00.0, 4 MiB, 40960 MiB, 0 %, 41.76 W, 32, 765 MHz
2026/10/06 15:39:19.647, 1, 00000000:02:00.0, 4 MiB, 40960 MiB, 0 %, 32.87 W, 32, 210 MHz
2026/10/06 15:39:19.658, 2, 00000000:81:00.0, 4 MiB, 40960 MiB, 0 %, 36.74 W, 32, 210 MHz
2026/10/06 15:39:19.675, 3, 00000000:82:00.0, 4 MiB, 40960 MiB, 0 %, 50.71 W, 33, 1245 MHz
2026/10/06 15:39:20.685, 0, 00000000:01:00.0, 4 MiB, 40960 MiB, 0 %, 37.97 W, 32, 210 MHz
2026/10/06 15:39:20.696, 1, 00000000:02:00.0, 4 MiB, 40960 MiB, 0 %, 32.88 W, 31, 210 MHz
2026/10/06 15:39:20.703, 2, 00000000:81:00.0, 4 MiB, 40960 MiB, 0 %, 36.66 W, 32, 210 MHz
2026/10/06 15:39:20.711, 3, 00000000:82:00.0, 4 MiB, 40960 MiB, 0 %, 35.24 W, 32, 210 MHz
2026/10/06 15:39:21.718, 0, 00000000:01:00.0, 4 MiB, 40960 MiB, 0 %, 37.97 W, 31, 210 MHz
2026/10/06 15:39:21.727, 1, 00000000:02:00.0, 4 MiB, 40960 MiB, 0 %, 32.88 W, 31, 210 MHz
2026/10/06 15:39:21.739, 2, 00000000:81:00.0, 4 MiB, 40960 MiB, 0 %, 36.56 W, 32, 210 MHz
2026/10/06 15:39:21.750, 3, 00000000:82:00.0, 4 MiB, 40960 MiB, 0 %, 35.15 W, 32, 210 MHz
2026/10/06 15:39:22.762, 0, 00000000:01:00.0, 4 MiB, 40960 MiB, 0 %, 37.96 W, 31, 210 MHz
2026/10/06 15:39:22.769, 1, 00000000:02:00.0, 4 MiB, 40960 MiB, 0 %, 32.88 W, 31, 210 MHz
2026/10/06 15:39:22.776, 2, 00000000:81:00.0, 4 MiB, 40960 MiB, 0 %, 36.56 W, 32, 210 MHz
2026/10/06 15:39:22.784, 3, 00000000:82:00.0, 4 MiB, 40960 MiB, 0 %, 35.15 W, 32, 210 MHz
2026/10/06 15:39:23.791, 0, 00000000:01:00.0, 4 MiB, 40960 MiB, 0 %, 37.86 W, 31, 210 MHz
2026/10/06 15:39:23.801, 1, 00000000:02:00.0, 4 MiB, 40960 MiB, 0 %, 32.88 W, 31, 210 MHz
2026/10/06 15:39:23.810, 2, 00000000:81:00.0, 4 MiB, 40960 MiB, 0 %, 36.56 W, 32, 210 MHz
2026/10/06 15:39:23.821, 3, 00000000:82:00.0, 4 MiB, 40960 MiB, 0 %, 35.15 W, 32, 210 MHz
2026/10/06 15:39:24.832, 0, 00000000:01:00.0, 4 MiB, 40960 MiB, 0 %, 37.85 W, 31, 210 MHz
2026/10/06 15:39:24.840, 1, 00000000:02:00.0, 4 MiB, 40960 MiB, 0 %, 32.77 W, 31, 210 MHz
2026/10/06 15:39:24.848, 2, 00000000:81:00.0, 4 MiB, 40960 MiB, 0 %, 36.56 W, 32, 210 MHz
2026/10/06 15:39:24.857, 3, 00000000:82:00.0, 4 MiB, 40960 MiB, 0 %, 35.14 W, 32, 210 MHz
2026/10/06 15:39:25.864, 0, 00000000:01:00.0, 4 MiB, 40960 MiB, 0 %, 37.85 W, 31, 210 MHz
2026/10/06 15:39:25.871, 1, 00000000:02:00.0, 4 MiB, 40960 MiB, 0 %, 32.87 W, 31, 210 MHz
2026/10/06 15:39:25.878, 2, 00000000:81:00.0, 4 MiB, 40960 MiB, 0 %, 36.56 W, 32, 210 MHz
2026/10/06 15:39:25.885, 3, 00000000:82:00.0, 4 MiB, 40960 MiB, 0 %, 35.14 W, 32, 210 MHz
2026/10/06 15:39:26.892, 0, 00000000:01:00.0, 4 MiB, 40960 MiB, 0 %, 37.86 W, 31, 210 MHz
2026/10/06 15:39:26.902, 1, 00000000:02:00.0, 4 MiB, 40960 MiB, 0 %, 32.87 W, 31, 210 MHz
2026/10/06 15:39:26.909, 2, 00000000:81:00.0, 4 MiB, 40960 MiB, 0 %, 36.56 W, 32, 210 MHz
2026/10/06 15:39:26.916, 3, 00000000:82:00.0, 4 MiB, 40960 MiB, 0 %, 35.05 W, 32, 210 MHz
2026/10/06 15:39:27.923, 0, 00000000:01:00.0, 4 MiB, 40960 MiB, 0 %, 37.85 W, 31, 210 MHz
2026/10/06 15:39:27.930, 1, 00000000:02:00.0, 4 MiB, 40960 MiB, 0 %, 32.78 W, 31, 210 MHz
2026/10/06 15:39:27.937, 2, 00000000:81:00.0, 4 MiB, 40960 MiB, 0 %, 36.56 W, 32, 210 MHz
2026/10/06 15:39:27.944, 3, 00000000:82:00.0, 4 MiB, 40960 MiB, 0 %, 35.15 W, 32, 210 MHz
2026/10/06 15:39:28.952, 0, 00000000:01:00.0, 4 MiB, 40960 MiB, 0 %, 37.87 W, 31, 210 MHz
2026/10/06 15:39:28.959, 1, 00000000:02:00.0, 4 MiB, 40960 MiB, 0 %, 32.88 W, 31, 210 MHz
2026/10/06 15:39:28.966, 2, 00000000:81:00.0, 4 MiB, 40960 MiB, 0 %, 36.56 W, 32, 210 MHz
2026/10/06 15:39:28.974, 3, 00000000:82:00.0, 4 MiB, 40960 MiB, 0 %, 35.15 W, 32, 210 MHz
2026/10/06 15:39:29.981, 0, 00000000:01:00.0, 4 MiB, 40960 MiB, 0 %, 37.86 W, 31, 210 MHz
2026/10/06 15:39:29.988, 1, 00000000:02:00.0, 4 MiB, 40960 MiB, 0 %, 32.77 W, 31, 210 MHz
2026/10/06 15:39:29.995, 2, 00000000:81:00.0, 4 MiB, 40960 MiB, 0 %, 36.56 W, 32, 210 MHz
2026/10/06 15:39:30.002, 3, 00000000:82:00.0, 4 MiB, 40960 MiB, 0 %, 35.04 W, 32, 210 MHz
2026/10/06 15:39:31.010, 0, 00000000:01:00.0, 4 MiB, 40960 MiB, 0 %, 37.96 W, 31, 210 MHz
2026/10/06 15:39:31.021, 1, 00000000:02:00.0, 4 MiB, 40960 MiB, 0 %, 32.78 W, 31, 210 MHz
2026/10/06 15:39:31.033, 2, 00000000:81:00.0, 4 MiB, 40960 MiB, 0 %, 36.66 W, 32, 210 MHz
2026/10/06 15:39:31.045, 3, 00000000:82:00.0, 4 MiB, 40960 MiB, 0 %, 35.04 W, 32, 210 MHz
2026/10/06 15:39:32.055, 0, 00000000:01:00.0, 4 MiB, 40960 MiB, 0 %, 37.85 W, 31, 210 MHz
2026/10/06 15:39:32.063, 1, 00000000:02:00.0, 4 MiB, 40960 MiB, 0 %, 32.78 W, 31, 210 MHz
2026/10/06 15:39:32.070, 2, 00000000:81:00.0, 4 MiB, 40960 MiB, 0 %, 36.56 W, 32, 210 MHz
2026/10/06 15:39:32.077, 3, 00000000:82:00.0, 4 MiB, 40960 MiB, 0 %, 35.14 W, 32, 210 MHz
2026/10/06 15:39:33.085, 0, 00000000:01:00.0, 4 MiB, 40960 MiB, 0 %, 37.97 W, 31, 210 MHz
2026/10/06 15:39:33.097, 1, 00000000:02:00.0, 4 MiB, 40960 MiB, 0 %, 32.78 W, 31, 210 MHz
2026/10/06 15:39:33.108, 2, 00000000:81:00.0, 4 MiB, 40960 MiB, 0 %, 36.56 W, 32, 210 MHz
2026/10/06 15:39:33.119, 3, 00000000:82:00.0, 4 MiB, 40960 MiB, 0 %, 35.05 W, 32, 210 MHz
2026/10/06 15:39:34.131, 0, 00000000:01:00.0, 4 MiB, 40960 MiB, 0 %, 37.86 W, 31, 210 MHz
2026/10/06 15:39:34.138, 1, 00000000:02:00.0, 4 MiB, 40960 MiB, 0 %, 32.88 W, 31, 210 MHz
2026/10/06 15:39:34.146, 2, 00000000:81:00.0, 4 MiB, 40960 MiB, 0 %, 36.46 W, 32, 210 MHz
2026/10/06 15:39:34.153, 3, 00000000:82:00.0, 4 MiB, 40960 MiB, 0 %, 35.05 W, 32, 210 MHz
2026/10/06 15:39:35.162, 0, 00000000:01:00.0, 4 MiB, 40960 MiB, 0 %, 37.87 W, 31, 210 MHz
2026/10/06 15:39:35.173, 1, 00000000:02:00.0, 4 MiB, 40960 MiB, 0 %, 32.78 W, 31, 210 MHz
2026/10/06 15:39:35.183, 2, 00000000:81:00.0, 4 MiB, 40960 MiB, 0 %, 36.56 W, 32, 210 MHz
2026/10/06 15:39:35.194, 3, 00000000:82:00.0, 4 MiB, 40960 MiB, 0 %, 35.05 W, 32, 210 MHz
2026/10/06 15:39:36.206, 0, 00000000:01:00.0, 4 MiB, 40960 MiB, 0 %, 37.86 W, 31, 210 MHz
2026/10/06 15:39:36.213, 1, 00000000:02:00.0, 4 MiB, 40960 MiB, 0 %, 32.88 W, 31, 210 MHz
2026/10/06 15:39:36.220, 2, 00000000:81:00.0, 4 MiB, 40960 MiB, 0 %, 36.56 W, 32, 210 MHz
2026/10/06 15:39:36.228, 3, 00000000:82:00.0, 4 MiB, 40960 MiB, 0 %, 35.15 W, 32, 210 MHz
2026/10/06 15:39:37.236, 0, 00000000:01:00.0, 4 MiB, 40960 MiB, 0 %, 37.87 W, 31, 210 MHz
2026/10/06 15:39:37.243, 1, 00000000:02:00.0, 4 MiB, 40960 MiB, 0 %, 32.88 W, 31, 210 MHz
2026/10/06 15:39:37.251, 2, 00000000:81:00.0, 4 MiB, 40960 MiB, 0 %, 36.56 W, 32, 210 MHz
2026/10/06 15:39:37.258, 3, 00000000:82:00.0, 4 MiB, 40960 MiB, 0 %, 35.15 W, 32, 210 MHz
2026/10/06 15:39:38.268, 0, 00000000:01:00.0, 4 MiB, 40960 MiB, 0 %, 37.86 W, 31, 210 MHz
2026/10/06 15:39:38.275, 1, 00000000:02:00.0, 4 MiB, 40960 MiB, 0 %, 32.78 W, 31, 210 MHz
2026/10/06 15:39:38.284, 2, 00000000:81:00.0, 4 MiB, 40960 MiB, 0 %, 36.56 W, 32, 210 MHz
2026/10/06 15:39:38.294, 3, 00000000:82:00.0, 4 MiB, 40960 MiB, 0 %, 35.14 W, 32, 210 MHz
2026/10/06 15:39:39.301, 0, 00000000:01:00.0, 4 MiB, 40960 MiB, 0 %, 37.87 W, 31, 210 MHz
2026/10/06 15:39:39.309, 1, 00000000:02:00.0, 4 MiB, 40960 MiB, 0 %, 32.77 W, 31, 210 MHz
2026/10/06 15:39:39.316, 2, 00000000:81:00.0, 4 MiB, 40960 MiB, 0 %, 36.56 W, 32, 210 MHz
2026/10/06 15:39:39.323, 3, 00000000:82:00.0, 4 MiB, 40960 MiB, 0 %, 35.04 W, 32, 210 MHz
2026/10/06 15:39:40.330, 0, 00000000:01:00.0, 4 MiB, 40960 MiB, 0 %, 37.87 W, 31, 210 MHz
2026/10/06 15:39:40.339, 1, 00000000:02:00.0, 4 MiB, 40960 MiB, 0 %, 32.78 W, 31, 210 MHz
2026/10/06 15:39:40.346, 2, 00000000:81:00.0, 4 MiB, 40960 MiB, 0 %, 36.56 W, 32, 210 MHz
2026/10/06 15:39:40.353, 3, 00000000:82:00.0, 4 MiB, 40960 MiB, 0 %, 35.05 W, 32, 210 MHz
2026/10/06 15:39:41.361, 0, 00000000:01:00.0, 4 MiB, 40960 MiB, 0 %, 37.87 W, 31, 210 MHz
2026/10/06 15:39:41.368, 1, 00000000:02:00.0, 4 MiB, 40960 MiB, 0 %, 32.78 W, 31, 210 MHz
2026/10/06 15:39:41.376, 2, 00000000:81:00.0, 4 MiB, 40960 MiB, 0 %, 36.56 W, 32, 210 MHz
2026/10/06 15:39:41.383, 3, 00000000:82:00.0, 4 MiB, 40960 MiB, 0 %, 35.06 W, 32, 210 MHz
2026/10/06 15:39:42.392, 0, 00000000:01:00.0, 4 MiB, 40960 MiB, 0 %, 37.85 W, 31, 210 MHz
2026/10/06 15:39:42.399, 1, 00000000:02:00.0, 4 MiB, 40960 MiB, 0 %, 32.77 W, 31, 210 MHz
2026/10/06 15:39:42.406, 2, 00000000:81:00.0, 4 MiB, 40960 MiB, 0 %, 36.56 W, 32, 210 MHz
2026/10/06 15:39:42.413, 3, 00000000:82:00.0, 4 MiB, 40960 MiB, 0 %, 35.15 W, 32, 210 MHz
2026/10/06 15:39:43.421, 0, 00000000:01:00.0, 4 MiB, 40960 MiB, 0 %, 37.87 W, 31, 210 MHz
2026/10/06 15:39:43.429, 1, 00000000:02:00.0, 4 MiB, 40960 MiB, 0 %, 32.77 W, 31, 210 MHz
2026/10/06 15:39:43.436, 2, 00000000:81:00.0, 4 MiB, 40960 MiB, 0 %, 36.56 W, 32, 210 MHz
2026/10/06 15:39:43.443, 3, 00000000:82:00.0, 4 MiB, 40960 MiB, 0 %, 35.05 W, 32, 210 MHz
2026/10/06 15:39:44.450, 0, 00000000:01:00.0, 4 MiB, 40960 MiB, 0 %, 37.87 W, 31, 210 MHz
2026/10/06 15:39:44.457, 1, 00000000:02:00.0, 4 MiB, 40960 MiB, 0 %, 32.88 W, 31, 210 MHz
2026/10/06 15:39:44.465, 2, 00000000:81:00.0, 4 MiB, 40960 MiB, 0 %, 36.56 W, 32, 210 MHz
2026/10/06 15:39:44.473, 3, 00000000:82:00.0, 4 MiB, 40960 MiB, 0 %, 35.05 W, 32, 210 MHz
2026/10/06 15:39:45.480, 0, 00000000:01:00.0, 4 MiB, 40960 MiB, 0 %, 37.87 W, 31, 210 MHz
2026/10/06 15:39:45.487, 1, 00000000:02:00.0, 4 MiB, 40960 MiB, 0 %, 32.78 W, 31, 210 MHz
2026/10/06 15:39:45.496, 2, 00000000:81:00.0, 4 MiB, 40960 MiB, 0 %, 36.56 W, 32, 210 MHz
2026/10/06 15:39:45.506, 3, 00000000:82:00.0, 4 MiB, 40960 MiB, 0 %, 35.05 W, 32, 210 MHz
2026/10/06 15:39:46.518, 0, 00000000:01:00.0, 15 MiB, 40960 MiB, 0 %, 41.77 W, 31, 765 MHz
2026/10/06 15:39:46.540, 1, 00000000:02:00.0, 9 MiB, 40960 MiB, 0 %, 36.59 W, 31, 765 MHz
2026/10/06 15:39:46.548, 2, 00000000:81:00.0, 4 MiB, 40960 MiB, 0 %, 36.66 W, 32, 210 MHz
2026/10/06 15:39:46.576, 3, 00000000:82:00.0, 4 MiB, 40960 MiB, 0 %, 35.05 W, 32, 210 MHz
2026/10/06 15:39:47.591, 0, 00000000:01:00.0, 60 MiB, 40960 MiB, 1 %, 43.02 W, 32, 915 MHz
2026/10/06 15:39:47.618, 1, 00000000:02:00.0, 5437 MiB, 40960 MiB, 0 %, 36.48 W, 32, 765 MHz
2026/10/06 15:39:47.626, 2, 00000000:81:00.0, 4 MiB, 40960 MiB, 0 %, 36.56 W, 32, 210 MHz
2026/10/06 15:39:47.637, 3, 00000000:82:00.0, 5 MiB, 40960 MiB, 0 %, 35.04 W, 32, 765 MHz
2026/10/06 15:39:48.650, 0, 00000000:01:00.0, 5487 MiB, 40960 MiB, 0 %, 43.11 W, 32, 915 MHz
2026/10/06 15:39:48.658, 1, 00000000:02:00.0, 5437 MiB, 40960 MiB, 0 %, 36.48 W, 32, 765 MHz
2026/10/06 15:39:48.664, 2, 00000000:81:00.0, 28 MiB, 40960 MiB, 1 %, 40.18 W, 32, 765 MHz
2026/10/06 15:39:48.672, 3, 00000000:82:00.0, 5443 MiB, 40960 MiB, 0 %, 38.83 W, 32, 765 MHz
2026/10/06 15:39:49.683, 0, 00000000:01:00.0, 5487 MiB, 40960 MiB, 0 %, 41.76 W, 32, 765 MHz
2026/10/06 15:39:49.690, 1, 00000000:02:00.0, 5437 MiB, 40960 MiB, 0 %, 36.58 W, 32, 765 MHz
2026/10/06 15:39:49.696, 2, 00000000:81:00.0, 5443 MiB, 40960 MiB, 0 %, 39.98 W, 32, 765 MHz
2026/10/06 15:39:49.704, 3, 00000000:82:00.0, 5443 MiB, 40960 MiB, 0 %, 38.83 W, 32, 765 MHz
2026/10/06 15:39:50.714, 0, 00000000:01:00.0, 5487 MiB, 40960 MiB, 0 %, 41.77 W, 32, 765 MHz
2026/10/06 15:39:50.720, 1, 00000000:02:00.0, 5437 MiB, 40960 MiB, 0 %, 32.87 W, 31, 210 MHz
2026/10/06 15:39:50.728, 2, 00000000:81:00.0, 5443 MiB, 40960 MiB, 0 %, 39.98 W, 32, 765 MHz
2026/10/06 15:39:50.734, 3, 00000000:82:00.0, 5443 MiB, 40960 MiB, 0 %, 38.84 W, 32, 765 MHz
2026/10/06 15:39:51.741, 0, 00000000:01:00.0, 5487 MiB, 40960 MiB, 0 %, 37.87 W, 31, 210 MHz
2026/10/06 15:39:51.752, 1, 00000000:02:00.0, 5437 MiB, 40960 MiB, 0 %, 32.78 W, 31, 210 MHz
2026/10/06 15:39:51.763, 2, 00000000:81:00.0, 5443 MiB, 40960 MiB, 0 %, 40.10 W, 32, 765 MHz
2026/10/06 15:39:51.774, 3, 00000000:82:00.0, 5443 MiB, 40960 MiB, 0 %, 38.84 W, 32, 765 MHz
2026/10/06 15:39:52.784, 0, 00000000:01:00.0, 5487 MiB, 40960 MiB, 0 %, 37.87 W, 31, 210 MHz
2026/10/06 15:39:52.792, 1, 00000000:02:00.0, 5437 MiB, 40960 MiB, 0 %, 32.88 W, 31, 210 MHz
2026/10/06 15:39:52.799, 2, 00000000:81:00.0, 5443 MiB, 40960 MiB, 0 %, 36.56 W, 32, 210 MHz
2026/10/06 15:39:52.806, 3, 00000000:82:00.0, 5443 MiB, 40960 MiB, 0 %, 35.15 W, 32, 210 MHz
2026/10/06 15:39:53.816, 0, 00000000:01:00.0, 5487 MiB, 40960 MiB, 0 %, 37.87 W, 31, 210 MHz
2026/10/06 15:39:53.827, 1, 00000000:02:00.0, 5437 MiB, 40960 MiB, 0 %, 32.88 W, 31, 210 MHz
2026/10/06 15:39:53.838, 2, 00000000:81:00.0, 5443 MiB, 40960 MiB, 0 %, 36.56 W, 32, 210 MHz
2026/10/06 15:39:53.849, 3, 00000000:82:00.0, 5443 MiB, 40960 MiB, 0 %, 35.05 W, 32, 210 MHz
2026/10/06 15:39:54.861, 0, 00000000:01:00.0, 5487 MiB, 40960 MiB, 0 %, 37.86 W, 31, 210 MHz
2026/10/06 15:39:54.868, 1, 00000000:02:00.0, 5437 MiB, 40960 MiB, 0 %, 32.78 W, 31, 210 MHz
2026/10/06 15:39:54.875, 2, 00000000:81:00.0, 5443 MiB, 40960 MiB, 0 %, 36.57 W, 32, 210 MHz
2026/10/06 15:39:54.882, 3, 00000000:82:00.0, 5443 MiB, 40960 MiB, 0 %, 35.05 W, 32, 210 MHz
2026/10/06 15:39:55.891, 0, 00000000:01:00.0, 5487 MiB, 40960 MiB, 0 %, 37.86 W, 31, 210 MHz
2026/10/06 15:39:55.898, 1, 00000000:02:00.0, 5437 MiB, 40960 MiB, 0 %, 32.88 W, 31, 210 MHz
2026/10/06 15:39:55.908, 2, 00000000:81:00.0, 5443 MiB, 40960 MiB, 0 %, 36.56 W, 32, 210 MHz
2026/10/06 15:39:55.916, 3, 00000000:82:00.0, 5443 MiB, 40960 MiB, 0 %, 35.04 W, 32, 210 MHz
2026/10/06 15:39:56.923, 0, 00000000:01:00.0, 5487 MiB, 40960 MiB, 0 %, 37.87 W, 31, 210 MHz
2026/10/06 15:39:56.931, 1, 00000000:02:00.0, 5437 MiB, 40960 MiB, 0 %, 32.78 W, 31, 210 MHz
2026/10/06 15:39:56.938, 2, 00000000:81:00.0, 5443 MiB, 40960 MiB, 0 %, 36.57 W, 32, 210 MHz
2026/10/06 15:39:56.949, 3, 00000000:82:00.0, 5443 MiB, 40960 MiB, 0 %, 34.95 W, 32, 210 MHz
2026/10/06 15:39:57.956, 0, 00000000:01:00.0, 5487 MiB, 40960 MiB, 0 %, 37.87 W, 31, 210 MHz
2026/10/06 15:39:57.964, 1, 00000000:02:00.0, 5437 MiB, 40960 MiB, 0 %, 32.78 W, 31, 210 MHz
2026/10/06 15:39:57.971, 2, 00000000:81:00.0, 5443 MiB, 40960 MiB, 0 %, 36.57 W, 32, 210 MHz
2026/10/06 15:39:57.980, 3, 00000000:82:00.0, 5443 MiB, 40960 MiB, 0 %, 35.06 W, 32, 210 MHz
2026/10/06 15:39:58.988, 0, 00000000:01:00.0, 5487 MiB, 40960 MiB, 0 %, 37.87 W, 31, 210 MHz
2026/10/06 15:39:58.995, 1, 00000000:02:00.0, 5437 MiB, 40960 MiB, 0 %, 32.78 W, 31, 210 MHz
2026/10/06 15:39:59.002, 2, 00000000:81:00.0, 5443 MiB, 40960 MiB, 0 %, 36.56 W, 32, 210 MHz
2026/10/06 15:39:59.009, 3, 00000000:82:00.0, 5443 MiB, 40960 MiB, 0 %, 35.15 W, 32, 210 MHz
2026/10/06 15:40:00.017, 0, 00000000:01:00.0, 5487 MiB, 40960 MiB, 0 %, 37.87 W, 31, 210 MHz
2026/10/06 15:40:00.024, 1, 00000000:02:00.0, 5437 MiB, 40960 MiB, 0 %, 32.78 W, 31, 210 MHz
2026/10/06 15:40:00.031, 2, 00000000:81:00.0, 5443 MiB, 40960 MiB, 0 %, 36.57 W, 32, 210 MHz
2026/10/06 15:40:00.038, 3, 00000000:82:00.0, 5443 MiB, 40960 MiB, 0 %, 34.94 W, 32, 210 MHz
2026/10/06 15:40:01.048, 0, 00000000:01:00.0, 5481 MiB, 40960 MiB, 10 %, 38.04 W, 31, 210 MHz
2026/10/06 15:40:01.059, 1, 00000000:02:00.0, 5436 MiB, 40960 MiB, 100 %, 241.24 W, 38, 1410 MHz
2026/10/06 15:40:01.070, 2, 00000000:81:00.0, 5443 MiB, 40960 MiB, 0 %, 36.46 W, 32, 210 MHz
2026/10/06 15:40:01.081, 3, 00000000:82:00.0, 5443 MiB, 40960 MiB, 0 %, 35.11 W, 32, 210 MHz
2026/10/06 15:40:02.091, 0, 00000000:01:00.0, 5480 MiB, 40960 MiB, 100 %, 244.86 W, 38, 1410 MHz
2026/10/06 15:40:02.098, 1, 00000000:02:00.0, 5436 MiB, 40960 MiB, 100 %, 247.64 W, 43, 1410 MHz
2026/10/06 15:40:02.103, 2, 00000000:81:00.0, 5436 MiB, 40960 MiB, 58 %, 67.54 W, 33, 315 MHz
2026/10/06 15:40:02.112, 3, 00000000:82:00.0, 5436 MiB, 40960 MiB, 94 %, 100.45 W, 35, 1365 MHz
2026/10/06 15:40:03.119, 0, 00000000:01:00.0, 5480 MiB, 40960 MiB, 100 %, 250.10 W, 40, 1410 MHz
2026/10/06 15:40:03.126, 1, 00000000:02:00.0, 5436 MiB, 40960 MiB, 100 %, 250.94 W, 44, 1410 MHz
2026/10/06 15:40:03.133, 2, 00000000:81:00.0, 5436 MiB, 40960 MiB, 100 %, 247.03 W, 41, 1410 MHz
2026/10/06 15:40:03.141, 3, 00000000:82:00.0, 5436 MiB, 40960 MiB, 100 %, 243.36 W, 43, 1395 MHz
2026/10/06 15:40:04.151, 0, 00000000:01:00.0, 5480 MiB, 40960 MiB, 100 %, 250.21 W, 41, 1410 MHz
2026/10/06 15:40:04.157, 1, 00000000:02:00.0, 5436 MiB, 40960 MiB, 100 %, 238.71 W, 45, 1410 MHz
2026/10/06 15:40:04.163, 2, 00000000:81:00.0, 5436 MiB, 40960 MiB, 100 %, 241.51 W, 43, 1395 MHz
2026/10/06 15:40:04.169, 3, 00000000:82:00.0, 5436 MiB, 40960 MiB, 100 %, 235.73 W, 45, 1395 MHz
2026/10/06 15:40:05.175, 0, 00000000:01:00.0, 5480 MiB, 40960 MiB, 100 %, 252.20 W, 42, 1410 MHz
2026/10/06 15:40:05.181, 1, 00000000:02:00.0, 5436 MiB, 40960 MiB, 100 %, 239.10 W, 45, 1410 MHz
2026/10/06 15:40:05.187, 2, 00000000:81:00.0, 5436 MiB, 40960 MiB, 100 %, 244.75 W, 44, 1395 MHz
2026/10/06 15:40:05.193, 3, 00000000:82:00.0, 5436 MiB, 40960 MiB, 100 %, 236.96 W, 46, 1395 MHz
2026/10/06 15:40:06.199, 0, 00000000:01:00.0, 5480 MiB, 40960 MiB, 100 %, 246.32 W, 42, 1410 MHz
2026/10/06 15:40:06.208, 1, 00000000:02:00.0, 5436 MiB, 40960 MiB, 100 %, 240.32 W, 45, 1410 MHz
2026/10/06 15:40:06.213, 2, 00000000:81:00.0, 5436 MiB, 40960 MiB, 100 %, 247.52 W, 45, 1395 MHz
2026/10/06 15:40:06.219, 3, 00000000:82:00.0, 5436 MiB, 40960 MiB, 100 %, 245.55 W, 47, 1395 MHz
2026/10/06 15:40:07.225, 0, 00000000:01:00.0, 5480 MiB, 40960 MiB, 100 %, 251.84 W, 42, 1410 MHz
2026/10/06 15:40:07.231, 1, 00000000:02:00.0, 5436 MiB, 40960 MiB, 100 %, 241.34 W, 46, 1410 MHz
2026/10/06 15:40:07.237, 2, 00000000:81:00.0, 5436 MiB, 40960 MiB, 100 %, 241.71 W, 45, 1395 MHz
2026/10/06 15:40:07.242, 3, 00000000:82:00.0, 5436 MiB, 40960 MiB, 100 %, 233.05 W, 48, 1395 MHz
2026/10/06 15:40:08.252, 0, 00000000:01:00.0, 5480 MiB, 40960 MiB, 100 %, 255.73 W, 42, 1395 MHz
2026/10/06 15:40:08.258, 1, 00000000:02:00.0, 5436 MiB, 40960 MiB, 100 %, 241.47 W, 46, 1410 MHz
2026/10/06 15:40:08.265, 2, 00000000:81:00.0, 5436 MiB, 40960 MiB, 100 %, 246.55 W, 46, 1395 MHz
2026/10/06 15:40:08.274, 3, 00000000:82:00.0, 5436 MiB, 40960 MiB, 100 %, 243.93 W, 48, 1395 MHz
2026/10/06 15:40:09.282, 0, 00000000:01:00.0, 5480 MiB, 40960 MiB, 100 %, 248.03 W, 42, 1410 MHz
2026/10/06 15:40:09.288, 1, 00000000:02:00.0, 5436 MiB, 40960 MiB, 100 %, 229.86 W, 46, 1410 MHz
2026/10/06 15:40:09.293, 2, 00000000:81:00.0, 5436 MiB, 40960 MiB, 100 %, 252.29 W, 46, 1395 MHz
2026/10/06 15:40:09.299, 3, 00000000:82:00.0, 5436 MiB, 40960 MiB, 100 %, 246.12 W, 49, 1395 MHz
2026/10/06 15:40:10.307, 0, 00000000:01:00.0, 5480 MiB, 40960 MiB, 100 %, 238.71 W, 42, 1410 MHz
2026/10/06 15:40:10.318, 1, 00000000:02:00.0, 5436 MiB, 40960 MiB, 100 %, 227.86 W, 46, 1410 MHz
2026/10/06 15:40:10.326, 2, 00000000:81:00.0, 5436 MiB, 40960 MiB, 100 %, 251.81 W, 46, 1395 MHz
2026/10/06 15:40:10.332, 3, 00000000:82:00.0, 5436 MiB, 40960 MiB, 100 %, 249.85 W, 49, 1395 MHz
2026/10/06 15:40:11.338, 0, 00000000:01:00.0, 5480 MiB, 40960 MiB, 100 %, 251.94 W, 42, 1395 MHz
2026/10/06 15:40:11.345, 1, 00000000:02:00.0, 5436 MiB, 40960 MiB, 100 %, 226.43 W, 46, 1410 MHz
2026/10/06 15:40:11.352, 2, 00000000:81:00.0, 5436 MiB, 40960 MiB, 100 %, 250.86 W, 47, 1395 MHz
2026/10/06 15:40:11.358, 3, 00000000:82:00.0, 5436 MiB, 40960 MiB, 100 %, 245.16 W, 49, 1395 MHz
2026/10/06 15:40:12.368, 0, 00000000:01:00.0, 5480 MiB, 40960 MiB, 100 %, 250.87 W, 42, 1410 MHz
2026/10/06 15:40:12.375, 1, 00000000:02:00.0, 5436 MiB, 40960 MiB, 100 %, 229.65 W, 46, 1410 MHz
2026/10/06 15:40:12.383, 2, 00000000:81:00.0, 5436 MiB, 40960 MiB, 100 %, 252.28 W, 47, 1395 MHz
2026/10/06 15:40:12.390, 3, 00000000:82:00.0, 5436 MiB, 40960 MiB, 100 %, 247.54 W, 49, 1395 MHz
2026/10/06 15:40:13.398, 0, 00000000:01:00.0, 5480 MiB, 40960 MiB, 100 %, 247.00 W, 42, 1410 MHz
2026/10/06 15:40:13.405, 1, 00000000:02:00.0, 5436 MiB, 40960 MiB, 100 %, 248.96 W, 46, 1410 MHz
2026/10/06 15:40:13.410, 2, 00000000:81:00.0, 5436 MiB, 40960 MiB, 100 %, 251.06 W, 47, 1395 MHz
2026/10/06 15:40:13.416, 3, 00000000:82:00.0, 5436 MiB, 40960 MiB, 100 %, 252.78 W, 49, 1395 MHz
2026/10/06 15:40:14.423, 0, 00000000:01:00.0, 5480 MiB, 40960 MiB, 100 %, 240.16 W, 42, 1410 MHz
2026/10/06 15:40:14.429, 1, 00000000:02:00.0, 5436 MiB, 40960 MiB, 100 %, 248.31 W, 46, 1410 MHz
2026/10/06 15:40:14.435, 2, 00000000:81:00.0, 5436 MiB, 40960 MiB, 100 %, 250.67 W, 47, 1395 MHz
2026/10/06 15:40:14.440, 3, 00000000:82:00.0, 5436 MiB, 40960 MiB, 100 %, 256.86 W, 49, 1395 MHz
2026/10/06 15:40:15.447, 0, 00000000:01:00.0, 5480 MiB, 40960 MiB, 100 %, 227.92 W, 42, 1395 MHz
2026/10/06 15:40:15.453, 1, 00000000:02:00.0, 5436 MiB, 40960 MiB, 100 %, 246.61 W, 46, 1410 MHz
2026/10/06 15:40:15.459, 2, 00000000:81:00.0, 5436 MiB, 40960 MiB, 100 %, 244.45 W, 47, 1395 MHz
2026/10/06 15:40:15.465, 3, 00000000:82:00.0, 5436 MiB, 40960 MiB, 100 %, 255.05 W, 49, 1395 MHz
2026/10/06 15:40:16.471, 0, 00000000:01:00.0, 5480 MiB, 40960 MiB, 100 %, 250.80 W, 42, 1410 MHz
2026/10/06 15:40:16.477, 1, 00000000:02:00.0, 5436 MiB, 40960 MiB, 100 %, 245.94 W, 46, 1410 MHz
2026/10/06 15:40:16.483, 2, 00000000:81:00.0, 5436 MiB, 40960 MiB, 100 %, 236.16 W, 47, 1395 MHz
2026/10/06 15:40:16.494, 3, 00000000:82:00.0, 5436 MiB, 40960 MiB, 100 %, 256.85 W, 49, 1395 MHz
2026/10/06 15:40:17.500, 0, 00000000:01:00.0, 5480 MiB, 40960 MiB, 100 %, 248.87 W, 43, 1410 MHz
2026/10/06 15:40:17.507, 1, 00000000:02:00.0, 5436 MiB, 40960 MiB, 100 %, 243.94 W, 46, 1410 MHz
2026/10/06 15:40:17.515, 2, 00000000:81:00.0, 5436 MiB, 40960 MiB, 100 %, 250.30 W, 47, 1395 MHz
2026/10/06 15:40:17.527, 3, 00000000:82:00.0, 5436 MiB, 40960 MiB, 100 %, 255.92 W, 50, 1395 MHz
2026/10/06 15:40:18.538, 0, 00000000:01:00.0, 5480 MiB, 40960 MiB, 100 %, 242.71 W, 43, 1410 MHz
2026/10/06 15:40:18.544, 1, 00000000:02:00.0, 5436 MiB, 40960 MiB, 100 %, 250.79 W, 46, 1410 MHz
2026/10/06 15:40:18.550, 2, 00000000:81:00.0, 5436 MiB, 40960 MiB, 100 %, 241.99 W, 47, 1395 MHz
2026/10/06 15:40:18.556, 3, 00000000:82:00.0, 5436 MiB, 40960 MiB, 100 %, 252.78 W, 50, 1395 MHz
2026/10/06 15:40:19.566, 0, 00000000:01:00.0, 5480 MiB, 40960 MiB, 100 %, 236.80 W, 42, 1395 MHz
2026/10/06 15:40:19.572, 1, 00000000:02:00.0, 5436 MiB, 40960 MiB, 100 %, 250.61 W, 46, 1410 MHz
2026/10/06 15:40:19.580, 2, 00000000:81:00.0, 5436 MiB, 40960 MiB, 100 %, 230.23 W, 48, 1395 MHz
2026/10/06 15:40:19.586, 3, 00000000:82:00.0, 5436 MiB, 40960 MiB, 100 %, 248.50 W, 50, 1395 MHz
2026/10/06 15:40:20.595, 0, 00000000:01:00.0, 5480 MiB, 40960 MiB, 100 %, 251.65 W, 42, 1410 MHz
2026/10/06 15:40:20.601, 1, 00000000:02:00.0, 5436 MiB, 40960 MiB, 100 %, 250.22 W, 46, 1410 MHz
2026/10/06 15:40:20.607, 2, 00000000:81:00.0, 5436 MiB, 40960 MiB, 100 %, 242.11 W, 48, 1395 MHz
2026/10/06 15:40:20.613, 3, 00000000:82:00.0, 5436 MiB, 40960 MiB, 100 %, 232.70 W, 50, 1395 MHz
2026/10/06 15:40:21.619, 0, 00000000:01:00.0, 5480 MiB, 40960 MiB, 100 %, 247.08 W, 42, 1410 MHz
2026/10/06 15:40:21.625, 1, 00000000:02:00.0, 5436 MiB, 40960 MiB, 100 %, 250.41 W, 46, 1410 MHz
2026/10/06 15:40:21.633, 2, 00000000:81:00.0, 5436 MiB, 40960 MiB, 100 %, 244.77 W, 48, 1395 MHz
2026/10/06 15:40:21.640, 3, 00000000:82:00.0, 5436 MiB, 40960 MiB, 100 %, 250.69 W, 50, 1395 MHz
2026/10/06 15:40:22.647, 0, 00000000:01:00.0, 5480 MiB, 40960 MiB, 100 %, 238.99 W, 43, 1410 MHz
2026/10/06 15:40:22.652, 1, 00000000:02:00.0, 5436 MiB, 40960 MiB, 100 %, 246.49 W, 46, 1410 MHz
2026/10/06 15:40:22.660, 2, 00000000:81:00.0, 5436 MiB, 40960 MiB, 100 %, 242.74 W, 48, 1395 MHz
2026/10/06 15:40:22.671, 3, 00000000:82:00.0, 5436 MiB, 40960 MiB, 100 %, 236.02 W, 50, 1380 MHz
2026/10/06 15:40:23.684, 0, 00000000:01:00.0, 5480 MiB, 40960 MiB, 100 %, 230.62 W, 43, 1410 MHz
2026/10/06 15:40:23.692, 1, 00000000:02:00.0, 5436 MiB, 40960 MiB, 100 %, 246.79 W, 46, 1410 MHz
2026/10/06 15:40:23.698, 2, 00000000:81:00.0, 5436 MiB, 40960 MiB, 100 %, 245.23 W, 48, 1395 MHz
2026/10/06 15:40:23.703, 3, 00000000:82:00.0, 5436 MiB, 40960 MiB, 100 %, 244.99 W, 50, 1395 MHz
2026/10/06 15:40:24.710, 0, 00000000:01:00.0, 5480 MiB, 40960 MiB, 100 %, 242.24 W, 43, 1410 MHz
2026/10/06 15:40:24.715, 1, 00000000:02:00.0, 5436 MiB, 40960 MiB, 100 %, 249.00 W, 46, 1410 MHz
2026/10/06 15:40:24.721, 2, 00000000:81:00.0, 5436 MiB, 40960 MiB, 100 %, 249.32 W, 48, 1395 MHz
2026/10/06 15:40:24.727, 3, 00000000:82:00.0, 5436 MiB, 40960 MiB, 100 %, 239.55 W, 50, 1380 MHz
2026/10/06 15:40:25.733, 0, 00000000:01:00.0, 5480 MiB, 40960 MiB, 100 %, 242.82 W, 42, 1410 MHz
2026/10/06 15:40:25.739, 1, 00000000:02:00.0, 5436 MiB, 40960 MiB, 100 %, 250.50 W, 46, 1410 MHz
2026/10/06 15:40:25.744, 2, 00000000:81:00.0, 5436 MiB, 40960 MiB, 100 %, 253.91 W, 48, 1395 MHz
2026/10/06 15:40:25.752, 3, 00000000:82:00.0, 5436 MiB, 40960 MiB, 100 %, 250.40 W, 50, 1395 MHz
2026/10/06 15:40:26.757, 0, 00000000:01:00.0, 5480 MiB, 40960 MiB, 100 %, 230.48 W, 42, 1410 MHz
2026/10/06 15:40:26.765, 1, 00000000:02:00.0, 5436 MiB, 40960 MiB, 100 %, 251.94 W, 46, 1410 MHz
2026/10/06 15:40:26.773, 2, 00000000:81:00.0, 5436 MiB, 40960 MiB, 100 %, 252.28 W, 48, 1395 MHz
2026/10/06 15:40:26.781, 3, 00000000:82:00.0, 5436 MiB, 40960 MiB, 100 %, 245.94 W, 50, 1395 MHz
2026/10/06 15:40:27.790, 0, 00000000:01:00.0, 5480 MiB, 40960 MiB, 100 %, 241.94 W, 43, 1410 MHz
2026/10/06 15:40:27.796, 1, 00000000:02:00.0, 5436 MiB, 40960 MiB, 100 %, 240.54 W, 46, 1410 MHz
2026/10/06 15:40:27.802, 2, 00000000:81:00.0, 5436 MiB, 40960 MiB, 100 %, 253.92 W, 48, 1395 MHz
2026/10/06 15:40:27.808, 3, 00000000:82:00.0, 5436 MiB, 40960 MiB, 100 %, 249.35 W, 50, 1395 MHz
2026/10/06 15:40:28.814, 0, 00000000:01:00.0, 5480 MiB, 40960 MiB, 100 %, 233.46 W, 42, 1410 MHz
2026/10/06 15:40:28.820, 1, 00000000:02:00.0, 5436 MiB, 40960 MiB, 100 %, 241.09 W, 46, 1410 MHz
2026/10/06 15:40:28.826, 2, 00000000:81:00.0, 5436 MiB, 40960 MiB, 100 %, 252.78 W, 48, 1395 MHz
2026/10/06 15:40:28.834, 3, 00000000:82:00.0, 5436 MiB, 40960 MiB, 100 %, 257.71 W, 50, 1395 MHz
2026/10/06 15:40:29.840, 0, 00000000:01:00.0, 5480 MiB, 40960 MiB, 100 %, 246.60 W, 42, 1410 MHz
2026/10/06 15:40:29.845, 1, 00000000:02:00.0, 5436 MiB, 40960 MiB, 100 %, 241.67 W, 46, 1410 MHz
2026/10/06 15:40:29.851, 2, 00000000:81:00.0, 5436 MiB, 40960 MiB, 100 %, 251.27 W, 48, 1395 MHz
2026/10/06 15:40:29.857, 3, 00000000:82:00.0, 5436 MiB, 40960 MiB, 100 %, 257.16 W, 50, 1395 MHz
2026/10/06 15:40:30.866, 0, 00000000:01:00.0, 5480 MiB, 40960 MiB, 100 %, 247.18 W, 43, 1410 MHz
2026/10/06 15:40:30.873, 1, 00000000:02:00.0, 5436 MiB, 40960 MiB, 100 %, 242.03 W, 46, 1410 MHz
2026/10/06 15:40:30.879, 2, 00000000:81:00.0, 5436 MiB, 40960 MiB, 100 %, 246.59 W, 48, 1395 MHz
2026/10/06 15:40:30.885, 3, 00000000:82:00.0, 5436 MiB, 40960 MiB, 100 %, 255.63 W, 50, 1395 MHz
2026/10/06 15:40:31.892, 0, 00000000:01:00.0, 5480 MiB, 40960 MiB, 100 %, 244.62 W, 42, 1410 MHz
2026/10/06 15:40:31.897, 1, 00000000:02:00.0, 5436 MiB, 40960 MiB, 100 %, 230.14 W, 46, 1410 MHz
2026/10/06 15:40:31.903, 2, 00000000:81:00.0, 5436 MiB, 40960 MiB, 100 %, 234.27 W, 48, 1395 MHz
2026/10/06 15:40:31.910, 3, 00000000:82:00.0, 5436 MiB, 40960 MiB, 100 %, 253.45 W, 50, 1395 MHz
2026/10/06 15:40:32.916, 0, 00000000:01:00.0, 5480 MiB, 40960 MiB, 100 %, 242.91 W, 42, 1395 MHz
2026/10/06 15:40:32.923, 1, 00000000:02:00.0, 5436 MiB, 40960 MiB, 100 %, 227.25 W, 46, 1410 MHz
2026/10/06 15:40:32.929, 2, 00000000:81:00.0, 5436 MiB, 40960 MiB, 100 %, 242.46 W, 48, 1395 MHz
2026/10/06 15:40:32.935, 3, 00000000:82:00.0, 5436 MiB, 40960 MiB, 100 %, 255.45 W, 50, 1395 MHz
2026/10/06 15:40:33.941, 0, 00000000:01:00.0, 5480 MiB, 40960 MiB, 100 %, 254.12 W, 42, 1410 MHz
2026/10/06 15:40:33.949, 1, 00000000:02:00.0, 5436 MiB, 40960 MiB, 100 %, 230.10 W, 46, 1410 MHz
2026/10/06 15:40:33.954, 2, 00000000:81:00.0, 5436 MiB, 40960 MiB, 100 %, 238.93 W, 48, 1395 MHz
2026/10/06 15:40:33.960, 3, 00000000:82:00.0, 5436 MiB, 40960 MiB, 100 %, 251.45 W, 50, 1395 MHz
2026/10/06 15:40:34.968, 0, 00000000:01:00.0, 5480 MiB, 40960 MiB, 100 %, 253.56 W, 42, 1395 MHz
2026/10/06 15:40:34.978, 1, 00000000:02:00.0, 5436 MiB, 40960 MiB, 100 %, 239.47 W, 46, 1410 MHz
2026/10/06 15:40:34.983, 2, 00000000:81:00.0, 5436 MiB, 40960 MiB, 100 %, 242.37 W, 47, 1395 MHz
2026/10/06 15:40:34.989, 3, 00000000:82:00.0, 5436 MiB, 40960 MiB, 100 %, 250.12 W, 50, 1395 MHz
2026/10/06 15:40:35.995, 0, 00000000:01:00.0, 5480 MiB, 40960 MiB, 100 %, 238.42 W, 42, 1395 MHz
2026/10/06 15:40:36.007, 1, 00000000:02:00.0, 5436 MiB, 40960 MiB, 100 %, 239.86 W, 46, 1410 MHz
2026/10/06 15:40:36.016, 2, 00000000:81:00.0, 5436 MiB, 40960 MiB, 100 %, 243.78 W, 48, 1395 MHz
2026/10/06 15:40:36.024, 3, 00000000:82:00.0, 5436 MiB, 40960 MiB, 100 %, 236.48 W, 50, 1395 MHz
2026/10/06 15:40:37.032, 0, 00000000:01:00.0, 5480 MiB, 40960 MiB, 100 %, 254.40 W, 42, 1410 MHz
2026/10/06 15:40:37.039, 1, 00000000:02:00.0, 5436 MiB, 40960 MiB, 100 %, 247.55 W, 46, 1410 MHz
2026/10/06 15:40:37.045, 2, 00000000:81:00.0, 5436 MiB, 40960 MiB, 100 %, 247.04 W, 48, 1395 MHz
2026/10/06 15:40:37.051, 3, 00000000:82:00.0, 5436 MiB, 40960 MiB, 100 %, 245.54 W, 50, 1395 MHz
2026/10/06 15:40:38.062, 0, 00000000:01:00.0, 5480 MiB, 40960 MiB, 100 %, 253.53 W, 42, 1410 MHz
2026/10/06 15:40:38.067, 1, 00000000:02:00.0, 5436 MiB, 40960 MiB, 100 %, 246.13 W, 46, 1410 MHz
2026/10/06 15:40:38.073, 2, 00000000:81:00.0, 5436 MiB, 40960 MiB, 100 %, 251.65 W, 48, 1395 MHz
2026/10/06 15:40:38.079, 3, 00000000:82:00.0, 5436 MiB, 40960 MiB, 100 %, 242.96 W, 49, 1395 MHz
2026/10/06 15:40:39.094, 0, 00000000:01:00.0, 5480 MiB, 40960 MiB, 100 %, 252.49 W, 42, 1410 MHz
2026/10/06 15:40:39.100, 1, 00000000:02:00.0, 5436 MiB, 40960 MiB, 100 %, 244.24 W, 46, 1410 MHz
2026/10/06 15:40:39.108, 2, 00000000:81:00.0, 5436 MiB, 40960 MiB, 100 %, 245.42 W, 48, 1395 MHz
2026/10/06 15:40:39.114, 3, 00000000:82:00.0, 5436 MiB, 40960 MiB, 100 %, 233.17 W, 49, 1395 MHz
2026/10/06 15:40:40.120, 0, 00000000:01:00.0, 5480 MiB, 40960 MiB, 100 %, 253.92 W, 42, 1410 MHz
2026/10/06 15:40:40.126, 1, 00000000:02:00.0, 5436 MiB, 40960 MiB, 100 %, 242.70 W, 46, 1410 MHz
2026/10/06 15:40:40.132, 2, 00000000:81:00.0, 5436 MiB, 40960 MiB, 100 %, 249.53 W, 48, 1395 MHz
2026/10/06 15:40:40.138, 3, 00000000:82:00.0, 5436 MiB, 40960 MiB, 100 %, 245.83 W, 49, 1395 MHz
2026/10/06 15:40:41.144, 0, 00000000:01:00.0, 5480 MiB, 40960 MiB, 100 %, 253.44 W, 42, 1410 MHz
2026/10/06 15:40:41.150, 1, 00000000:02:00.0, 5436 MiB, 40960 MiB, 100 %, 250.78 W, 46, 1410 MHz
2026/10/06 15:40:41.156, 2, 00000000:81:00.0, 5436 MiB, 40960 MiB, 100 %, 254.02 W, 48, 1395 MHz
2026/10/06 15:40:41.162, 3, 00000000:82:00.0, 5436 MiB, 40960 MiB, 100 %, 249.74 W, 49, 1395 MHz
2026/10/06 15:40:42.170, 0, 00000000:01:00.0, 5480 MiB, 40960 MiB, 100 %, 251.73 W, 42, 1410 MHz
2026/10/06 15:40:42.176, 1, 00000000:02:00.0, 5436 MiB, 40960 MiB, 100 %, 250.21 W, 46, 1410 MHz
2026/10/06 15:40:42.182, 2, 00000000:81:00.0, 5436 MiB, 40960 MiB, 100 %, 251.92 W, 48, 1395 MHz
2026/10/06 15:40:42.187, 3, 00000000:82:00.0, 5436 MiB, 40960 MiB, 100 %, 254.28 W, 50, 1395 MHz
2026/10/06 15:40:43.193, 0, 00000000:01:00.0, 5480 MiB, 40960 MiB, 100 %, 246.14 W, 42, 1410 MHz
2026/10/06 15:40:43.200, 1, 00000000:02:00.0, 5436 MiB, 40960 MiB, 100 %, 249.95 W, 46, 1410 MHz
2026/10/06 15:40:43.205, 2, 00000000:81:00.0, 5436 MiB, 40960 MiB, 100 %, 251.15 W, 48, 1395 MHz
2026/10/06 15:40:43.211, 3, 00000000:82:00.0, 5436 MiB, 40960 MiB, 100 %, 257.52 W, 50, 1395 MHz
2026/10/06 15:40:44.218, 0, 00000000:01:00.0, 5480 MiB, 40960 MiB, 100 %, 242.62 W, 42, 1395 MHz
2026/10/06 15:40:44.224, 1, 00000000:02:00.0, 5436 MiB, 40960 MiB, 100 %, 250.32 W, 46, 1410 MHz
2026/10/06 15:40:44.229, 2, 00000000:81:00.0, 5436 MiB, 40960 MiB, 100 %, 252.59 W, 48, 1395 MHz
2026/10/06 15:40:44.237, 3, 00000000:82:00.0, 5436 MiB, 40960 MiB, 100 %, 256.10 W, 50, 1395 MHz
2026/10/06 15:40:45.243, 0, 00000000:01:00.0, 5480 MiB, 40960 MiB, 100 %, 237.66 W, 42, 1395 MHz
2026/10/06 15:40:45.251, 1, 00000000:02:00.0, 5436 MiB, 40960 MiB, 100 %, 249.38 W, 46, 1410 MHz
2026/10/06 15:40:45.257, 2, 00000000:81:00.0, 5436 MiB, 40960 MiB, 100 %, 252.10 W, 48, 1395 MHz
2026/10/06 15:40:45.263, 3, 00000000:82:00.0, 5436 MiB, 40960 MiB, 100 %, 255.80 W, 50, 1395 MHz
2026/10/06 15:40:46.269, 0, 00000000:01:00.0, 5480 MiB, 40960 MiB, 100 %, 255.56 W, 42, 1410 MHz
2026/10/06 15:40:46.279, 1, 00000000:02:00.0, 5436 MiB, 40960 MiB, 100 %, 250.49 W, 46, 1410 MHz
2026/10/06 15:40:46.286, 2, 00000000:81:00.0, 5436 MiB, 40960 MiB, 100 %, 247.04 W, 48, 1395 MHz
2026/10/06 15:40:46.296, 3, 00000000:82:00.0, 5436 MiB, 40960 MiB, 100 %, 257.64 W, 50, 1380 MHz
2026/10/06 15:40:47.304, 0, 00000000:01:00.0, 5480 MiB, 40960 MiB, 100 %, 247.66 W, 42, 1395 MHz
2026/10/06 15:40:47.310, 1, 00000000:02:00.0, 5436 MiB, 40960 MiB, 100 %, 252.98 W, 46, 1410 MHz
2026/10/06 15:40:47.318, 2, 00000000:81:00.0, 5436 MiB, 40960 MiB, 100 %, 233.93 W, 48, 1395 MHz
2026/10/06 15:40:47.326, 3, 00000000:82:00.0, 5436 MiB, 40960 MiB, 100 %, 256.30 W, 50, 1395 MHz
2026/10/06 15:40:48.333, 0, 00000000:01:00.0, 5480 MiB, 40960 MiB, 100 %, 246.98 W, 42, 1410 MHz
2026/10/06 15:40:48.339, 1, 00000000:02:00.0, 5436 MiB, 40960 MiB, 100 %, 252.70 W, 46, 1410 MHz
2026/10/06 15:40:48.345, 2, 00000000:81:00.0, 5436 MiB, 40960 MiB, 100 %, 242.65 W, 48, 1395 MHz
2026/10/06 15:40:48.353, 3, 00000000:82:00.0, 5436 MiB, 40960 MiB, 100 %, 253.83 W, 50, 1395 MHz
2026/10/06 15:40:49.360, 0, 00000000:01:00.0, 5480 MiB, 40960 MiB, 100 %, 230.39 W, 42, 1410 MHz
2026/10/06 15:40:49.366, 1, 00000000:02:00.0, 5436 MiB, 40960 MiB, 100 %, 252.21 W, 46, 1410 MHz
2026/10/06 15:40:49.374, 2, 00000000:81:00.0, 5436 MiB, 40960 MiB, 100 %, 239.39 W, 48, 1395 MHz
2026/10/06 15:40:49.382, 3, 00000000:82:00.0, 5436 MiB, 40960 MiB, 100 %, 247.74 W, 50, 1395 MHz
2026/10/06 15:40:50.390, 0, 00000000:01:00.0, 5480 MiB, 40960 MiB, 100 %, 242.51 W, 42, 1395 MHz
2026/10/06 15:40:50.401, 1, 00000000:02:00.0, 5436 MiB, 40960 MiB, 100 %, 241.94 W, 46, 1410 MHz
2026/10/06 15:40:50.409, 2, 00000000:81:00.0, 5436 MiB, 40960 MiB, 100 %, 242.74 W, 48, 1395 MHz
2026/10/06 15:40:50.416, 3, 00000000:82:00.0, 5436 MiB, 40960 MiB, 100 %, 255.82 W, 50, 1395 MHz
2026/10/06 15:40:51.425, 0, 00000000:01:00.0, 5480 MiB, 40960 MiB, 100 %, 242.96 W, 42, 1410 MHz
2026/10/06 15:40:51.431, 1, 00000000:02:00.0, 5436 MiB, 40960 MiB, 100 %, 242.41 W, 45, 1410 MHz
2026/10/06 15:40:51.437, 2, 00000000:81:00.0, 5436 MiB, 40960 MiB, 100 %, 244.38 W, 48, 1395 MHz
2026/10/06 15:40:51.442, 3, 00000000:82:00.0, 5436 MiB, 40960 MiB, 100 %, 250.49 W, 50, 1395 MHz
2026/10/06 15:40:52.449, 0, 00000000:01:00.0, 5480 MiB, 40960 MiB, 100 %, 227.17 W, 42, 1395 MHz
2026/10/06 15:40:52.454, 1, 00000000:02:00.0, 5436 MiB, 40960 MiB, 100 %, 243.17 W, 46, 1410 MHz
2026/10/06 15:40:52.460, 2, 00000000:81:00.0, 5436 MiB, 40960 MiB, 100 %, 247.34 W, 48, 1395 MHz
2026/10/06 15:40:52.466, 3, 00000000:82:00.0, 5436 MiB, 40960 MiB, 100 %, 239.43 W, 50, 1395 MHz
2026/10/06 15:40:53.472, 0, 00000000:01:00.0, 5480 MiB, 40960 MiB, 100 %, 234.22 W, 42, 1395 MHz
2026/10/06 15:40:53.478, 1, 00000000:02:00.0, 5436 MiB, 40960 MiB, 100 %, 243.74 W, 46, 1410 MHz
2026/10/06 15:40:53.483, 2, 00000000:81:00.0, 5436 MiB, 40960 MiB, 100 %, 253.83 W, 48, 1395 MHz
2026/10/06 15:40:53.490, 3, 00000000:82:00.0, 5436 MiB, 40960 MiB, 100 %, 239.91 W, 50, 1380 MHz
2026/10/06 15:40:54.497, 0, 00000000:01:00.0, 5480 MiB, 40960 MiB, 100 %, 249.09 W, 42, 1410 MHz
2026/10/06 15:40:54.503, 1, 00000000:02:00.0, 5436 MiB, 40960 MiB, 100 %, 243.96 W, 46, 1410 MHz
2026/10/06 15:40:54.509, 2, 00000000:81:00.0, 5436 MiB, 40960 MiB, 100 %, 245.92 W, 48, 1395 MHz
2026/10/06 15:40:54.514, 3, 00000000:82:00.0, 5436 MiB, 40960 MiB, 100 %, 246.40 W, 50, 1395 MHz
2026/10/06 15:40:55.523, 0, 00000000:01:00.0, 5480 MiB, 40960 MiB, 100 %, 247.38 W, 42, 1395 MHz
2026/10/06 15:40:55.535, 1, 00000000:02:00.0, 5436 MiB, 40960 MiB, 100 %, 229.47 W, 45, 1410 MHz
2026/10/06 15:40:55.542, 2, 00000000:81:00.0, 5436 MiB, 40960 MiB, 100 %, 250.77 W, 48, 1395 MHz
2026/10/06 15:40:55.552, 3, 00000000:82:00.0, 5436 MiB, 40960 MiB, 100 %, 249.71 W, 50, 1395 MHz
2026/10/06 15:40:56.560, 0, 00000000:01:00.0, 5480 MiB, 40960 MiB, 100 %, 242.41 W, 42, 1410 MHz
2026/10/06 15:40:56.565, 1, 00000000:02:00.0, 5436 MiB, 40960 MiB, 100 %, 236.91 W, 45, 1410 MHz
2026/10/06 15:40:56.571, 2, 00000000:81:00.0, 5436 MiB, 40960 MiB, 100 %, 254.12 W, 48, 1395 MHz
2026/10/06 15:40:56.579, 3, 00000000:82:00.0, 5436 MiB, 40960 MiB, 100 %, 246.32 W, 50, 1395 MHz
2026/10/06 15:40:57.587, 0, 00000000:01:00.0, 5480 MiB, 40960 MiB, 100 %, 244.71 W, 42, 1410 MHz
2026/10/06 15:40:57.593, 1, 00000000:02:00.0, 5436 MiB, 40960 MiB, 100 %, 239.59 W, 46, 1410 MHz
2026/10/06 15:40:57.599, 2, 00000000:81:00.0, 5436 MiB, 40960 MiB, 100 %, 252.48 W, 47, 1395 MHz
2026/10/06 15:40:57.607, 3, 00000000:82:00.0, 5436 MiB, 40960 MiB, 100 %, 248.87 W, 50, 1395 MHz
2026/10/06 15:40:58.615, 0, 00000000:01:00.0, 5480 MiB, 40960 MiB, 100 %, 243.55 W, 42, 1395 MHz
2026/10/06 15:40:58.620, 1, 00000000:02:00.0, 5436 MiB, 40960 MiB, 100 %, 239.75 W, 46, 1410 MHz
2026/10/06 15:40:58.627, 2, 00000000:81:00.0, 5436 MiB, 40960 MiB, 100 %, 251.35 W, 48, 1395 MHz
2026/10/06 15:40:58.636, 3, 00000000:82:00.0, 5436 MiB, 40960 MiB, 100 %, 252.39 W, 49, 1395 MHz
2026/10/06 15:40:59.644, 0, 00000000:01:00.0, 5480 MiB, 40960 MiB, 100 %, 250.38 W, 42, 1395 MHz
2026/10/06 15:40:59.652, 1, 00000000:02:00.0, 5436 MiB, 40960 MiB, 100 %, 246.52 W, 45, 1410 MHz
2026/10/06 15:40:59.660, 2, 00000000:81:00.0, 5436 MiB, 40960 MiB, 100 %, 253.16 W, 48, 1395 MHz
2026/10/06 15:40:59.668, 3, 00000000:82:00.0, 5436 MiB, 40960 MiB, 100 %, 252.41 W, 49, 1395 MHz
2026/10/06 15:41:00.676, 0, 00000000:01:00.0, 5480 MiB, 40960 MiB, 100 %, 244.14 W, 42, 1410 MHz
2026/10/06 15:41:00.684, 1, 00000000:02:00.0, 5436 MiB, 40960 MiB, 100 %, 245.75 W, 45, 1410 MHz
2026/10/06 15:41:00.689, 2, 00000000:81:00.0, 5436 MiB, 40960 MiB, 100 %, 252.41 W, 48, 1395 MHz
2026/10/06 15:41:00.695, 3, 00000000:82:00.0, 5436 MiB, 40960 MiB, 100 %, 255.63 W, 49, 1395 MHz
2026/10/06 15:41:01.705, 0, 00000000:01:00.0, 5480 MiB, 40960 MiB, 100 %, 250.60 W, 42, 1395 MHz
2026/10/06 15:41:01.715, 1, 00000000:02:00.0, 5436 MiB, 40960 MiB, 100 %, 244.17 W, 46, 1410 MHz
2026/10/06 15:41:01.721, 2, 00000000:81:00.0, 5436 MiB, 40960 MiB, 100 %, 245.34 W, 48, 1395 MHz
2026/10/06 15:41:01.728, 3, 00000000:82:00.0, 5436 MiB, 40960 MiB, 100 %, 257.16 W, 50, 1380 MHz
2026/10/06 15:41:02.734, 0, 00000000:01:00.0, 5480 MiB, 40960 MiB, 100 %, 248.91 W, 42, 1395 MHz
2026/10/06 15:41:02.743, 1, 00000000:02:00.0, 5436 MiB, 40960 MiB, 100 %, 244.24 W, 45, 1410 MHz
2026/10/06 15:41:02.748, 2, 00000000:81:00.0, 5436 MiB, 40960 MiB, 100 %, 231.93 W, 48, 1395 MHz
2026/10/06 15:41:02.754, 3, 00000000:82:00.0, 5436 MiB, 40960 MiB, 100 %, 255.63 W, 50, 1395 MHz
2026/10/06 15:41:03.760, 0, 00000000:01:00.0, 5480 MiB, 40960 MiB, 100 %, 247.95 W, 42, 1395 MHz
2026/10/06 15:41:03.771, 1, 00000000:02:00.0, 5436 MiB, 40960 MiB, 100 %, 244.52 W, 45, 1410 MHz
2026/10/06 15:41:03.777, 2, 00000000:81:00.0, 5436 MiB, 40960 MiB, 100 %, 248.68 W, 48, 1395 MHz
2026/10/06 15:41:03.783, 3, 00000000:82:00.0, 5436 MiB, 40960 MiB, 100 %, 250.69 W, 50, 1395 MHz
2026/10/06 15:41:04.793, 0, 00000000:01:00.0, 5480 MiB, 40960 MiB, 100 %, 252.49 W, 42, 1410 MHz
2026/10/06 15:41:04.802, 1, 00000000:02:00.0, 5436 MiB, 40960 MiB, 100 %, 251.67 W, 45, 1410 MHz
2026/10/06 15:41:04.810, 2, 00000000:81:00.0, 5436 MiB, 40960 MiB, 100 %, 236.74 W, 48, 1395 MHz
2026/10/06 15:41:04.819, 3, 00000000:82:00.0, 5436 MiB, 40960 MiB, 100 %, 235.54 W, 50, 1395 MHz
2026/10/06 15:41:05.827, 0, 00000000:01:00.0, 5480 MiB, 40960 MiB, 100 %, 254.41 W, 42, 1410 MHz
2026/10/06 15:41:05.833, 1, 00000000:02:00.0, 5436 MiB, 40960 MiB, 100 %, 251.74 W, 45, 1410 MHz
2026/10/06 15:41:05.840, 2, 00000000:81:00.0, 5436 MiB, 40960 MiB, 100 %, 243.06 W, 48, 1395 MHz
2026/10/06 15:41:05.846, 3, 00000000:82:00.0, 5436 MiB, 40960 MiB, 100 %, 246.22 W, 49, 1395 MHz
2026/10/06 15:41:06.852, 0, 00000000:01:00.0, 5480 MiB, 40960 MiB, 100 %, 248.60 W, 42, 1395 MHz
2026/10/06 15:41:06.859, 1, 00000000:02:00.0, 5436 MiB, 40960 MiB, 100 %, 251.45 W, 45, 1410 MHz
2026/10/06 15:41:06.865, 2, 00000000:81:00.0, 5436 MiB, 40960 MiB, 100 %, 244.58 W, 48, 1395 MHz
2026/10/06 15:41:06.871, 3, 00000000:82:00.0, 5436 MiB, 40960 MiB, 100 %, 236.14 W, 49, 1395 MHz
2026/10/06 15:41:07.877, 0, 00000000:01:00.0, 5480 MiB, 40960 MiB, 100 %, 252.22 W, 42, 1410 MHz
2026/10/06 15:41:07.883, 1, 00000000:02:00.0, 5436 MiB, 40960 MiB, 100 %, 251.18 W, 45, 1410 MHz
2026/10/06 15:41:07.890, 2, 00000000:81:00.0, 5436 MiB, 40960 MiB, 100 %, 247.64 W, 48, 1395 MHz
2026/10/06 15:41:07.896, 3, 00000000:82:00.0, 5436 MiB, 40960 MiB, 100 %, 238.00 W, 49, 1395 MHz
2026/10/06 15:41:08.906, 0, 00000000:01:00.0, 5480 MiB, 40960 MiB, 100 %, 251.27 W, 42, 1410 MHz
2026/10/06 15:41:08.913, 1, 00000000:02:00.0, 5436 MiB, 40960 MiB, 100 %, 244.25 W, 45, 1410 MHz
2026/10/06 15:41:08.921, 2, 00000000:81:00.0, 5436 MiB, 40960 MiB, 100 %, 243.72 W, 48, 1395 MHz
2026/10/06 15:41:08.931, 3, 00000000:82:00.0, 5436 MiB, 40960 MiB, 100 %, 248.42 W, 49, 1395 MHz
2026/10/06 15:41:09.939, 0, 00000000:01:00.0, 5480 MiB, 40960 MiB, 100 %, 253.26 W, 42, 1410 MHz
2026/10/06 15:41:09.945, 1, 00000000:02:00.0, 5436 MiB, 40960 MiB, 100 %, 244.72 W, 45, 1410 MHz
2026/10/06 15:41:09.952, 2, 00000000:81:00.0, 5436 MiB, 40960 MiB, 100 %, 246.59 W, 48, 1395 MHz
2026/10/06 15:41:09.958, 3, 00000000:82:00.0, 5436 MiB, 40960 MiB, 100 %, 253.17 W, 49, 1380 MHz
2026/10/06 15:41:10.971, 0, 00000000:01:00.0, 5480 MiB, 40960 MiB, 100 %, 252.20 W, 42, 1410 MHz
2026/10/06 15:41:10.977, 1, 00000000:02:00.0, 5436 MiB, 40960 MiB, 100 %, 245.30 W, 45, 1410 MHz
2026/10/06 15:41:10.983, 2, 00000000:81:00.0, 5436 MiB, 40960 MiB, 100 %, 252.01 W, 48, 1395 MHz
2026/10/06 15:41:10.993, 3, 00000000:82:00.0, 5436 MiB, 40960 MiB, 100 %, 252.97 W, 49, 1380 MHz
2026/10/06 15:41:11.999, 0, 00000000:01:00.0, 5480 MiB, 40960 MiB, 100 %, 251.73 W, 42, 1410 MHz
2026/10/06 15:41:12.006, 1, 00000000:02:00.0, 5436 MiB, 40960 MiB, 100 %, 245.75 W, 45, 1410 MHz
2026/10/06 15:41:12.012, 2, 00000000:81:00.0, 5436 MiB, 40960 MiB, 100 %, 253.54 W, 47, 1395 MHz
2026/10/06 15:41:12.022, 3, 00000000:82:00.0, 5436 MiB, 40960 MiB, 100 %, 248.03 W, 49, 1395 MHz
2026/10/06 15:41:13.028, 0, 00000000:01:00.0, 5480 MiB, 40960 MiB, 100 %, 247.56 W, 42, 1410 MHz
2026/10/06 15:41:13.034, 1, 00000000:02:00.0, 5436 MiB, 40960 MiB, 100 %, 240.16 W, 45, 1410 MHz
2026/10/06 15:41:13.047, 2, 00000000:81:00.0, 5436 MiB, 40960 MiB, 100 %, 249.82 W, 47, 1395 MHz
2026/10/06 15:41:13.053, 3, 00000000:82:00.0, 5436 MiB, 40960 MiB, 100 %, 252.80 W, 49, 1395 MHz
2026/10/06 15:41:14.059, 0, 00000000:01:00.0, 5480 MiB, 40960 MiB, 100 %, 252.30 W, 42, 1410 MHz
2026/10/06 15:41:14.065, 1, 00000000:02:00.0, 5436 MiB, 40960 MiB, 100 %, 240.64 W, 45, 1410 MHz
2026/10/06 15:41:14.071, 2, 00000000:81:00.0, 5436 MiB, 40960 MiB, 100 %, 254.11 W, 47, 1395 MHz
2026/10/06 15:41:14.078, 3, 00000000:82:00.0, 5436 MiB, 40960 MiB, 100 %, 255.07 W, 49, 1395 MHz
2026/10/06 15:41:15.085, 0, 00000000:01:00.0, 5480 MiB, 40960 MiB, 100 %, 251.72 W, 42, 1410 MHz
2026/10/06 15:41:15.091, 1, 00000000:02:00.0, 5436 MiB, 40960 MiB, 100 %, 241.21 W, 45, 1410 MHz
2026/10/06 15:41:15.097, 2, 00000000:81:00.0, 5436 MiB, 40960 MiB, 100 %, 253.16 W, 47, 1395 MHz
2026/10/06 15:41:15.106, 3, 00000000:82:00.0, 5436 MiB, 40960 MiB, 100 %, 258.48 W, 49, 1380 MHz
2026/10/06 15:41:16.115, 0, 00000000:01:00.0, 5480 MiB, 40960 MiB, 100 %, 248.21 W, 42, 1410 MHz
2026/10/06 15:41:16.121, 1, 00000000:02:00.0, 5436 MiB, 40960 MiB, 100 %, 241.55 W, 45, 1410 MHz
2026/10/06 15:41:16.127, 2, 00000000:81:00.0, 5436 MiB, 40960 MiB, 100 %, 251.44 W, 47, 1395 MHz
2026/10/06 15:41:16.135, 3, 00000000:82:00.0, 5436 MiB, 40960 MiB, 100 %, 238.96 W, 49, 1395 MHz
2026/10/06 15:41:17.144, 0, 00000000:01:00.0, 5480 MiB, 40960 MiB, 100 %, 231.65 W, 41, 1395 MHz
2026/10/06 15:41:17.151, 1, 00000000:02:00.0, 5436 MiB, 40960 MiB, 100 %, 242.30 W, 45, 1410 MHz
2026/10/06 15:41:17.158, 2, 00000000:81:00.0, 5436 MiB, 40960 MiB, 100 %, 243.89 W, 47, 1395 MHz
2026/10/06 15:41:17.164, 3, 00000000:82:00.0, 5436 MiB, 40960 MiB, 100 %, 256.00 W, 49, 1380 MHz
2026/10/06 15:41:18.177, 0, 00000000:01:00.0, 5480 MiB, 40960 MiB, 100 %, 234.11 W, 41, 1395 MHz
2026/10/06 15:41:18.183, 1, 00000000:02:00.0, 5436 MiB, 40960 MiB, 100 %, 234.19 W, 45, 1410 MHz
2026/10/06 15:41:18.189, 2, 00000000:81:00.0, 5436 MiB, 40960 MiB, 100 %, 251.93 W, 47, 1395 MHz
2026/10/06 15:41:18.195, 3, 00000000:82:00.0, 5436 MiB, 40960 MiB, 100 %, 247.34 W, 49, 1380 MHz
2026/10/06 15:41:19.207, 0, 00000000:01:00.0, 5480 MiB, 40960 MiB, 100 %, 248.61 W, 42, 1410 MHz
2026/10/06 15:41:19.216, 1, 00000000:02:00.0, 5436 MiB, 40960 MiB, 100 %, 252.21 W, 45, 1410 MHz
2026/10/06 15:41:19.223, 2, 00000000:81:00.0, 5436 MiB, 40960 MiB, 100 %, 247.92 W, 47, 1395 MHz
2026/10/06 15:41:19.231, 3, 00000000:82:00.0, 5436 MiB, 40960 MiB, 100 %, 226.95 W, 49, 1380 MHz
2026/10/06 15:41:20.239, 0, 00000000:01:00.0, 5480 MiB, 40960 MiB, 100 %, 252.78 W, 41, 1410 MHz
2026/10/06 15:41:20.246, 1, 00000000:02:00.0, 5436 MiB, 40960 MiB, 100 %, 252.12 W, 45, 1410 MHz
2026/10/06 15:41:20.252, 2, 00000000:81:00.0, 5436 MiB, 40960 MiB, 100 %, 238.75 W, 47, 1395 MHz
2026/10/06 15:41:20.258, 3, 00000000:82:00.0, 5436 MiB, 40960 MiB, 100 %, 242.22 W, 49, 1395 MHz
2026/10/06 15:41:21.267, 0, 00000000:01:00.0, 5480 MiB, 40960 MiB, 100 %, 243.68 W, 41, 1395 MHz
2026/10/06 15:41:21.272, 1, 00000000:02:00.0, 5436 MiB, 40960 MiB, 100 %, 252.19 W, 45, 1410 MHz
2026/10/06 15:41:21.278, 2, 00000000:81:00.0, 5436 MiB, 40960 MiB, 100 %, 252.81 W, 47, 1395 MHz
2026/10/06 15:41:21.284, 3, 00000000:82:00.0, 5436 MiB, 40960 MiB, 100 %, 245.17 W, 49, 1395 MHz
2026/10/06 15:41:22.293, 0, 00000000:01:00.0, 5480 MiB, 40960 MiB, 100 %, 250.59 W, 41, 1410 MHz
2026/10/06 15:41:22.299, 1, 00000000:02:00.0, 5436 MiB, 40960 MiB, 100 %, 243.57 W, 45, 1410 MHz
2026/10/06 15:41:22.305, 2, 00000000:81:00.0, 5436 MiB, 40960 MiB, 100 %, 251.53 W, 47, 1395 MHz
2026/10/06 15:41:22.310, 3, 00000000:82:00.0, 5436 MiB, 40960 MiB, 100 %, 255.17 W, 49, 1395 MHz
2026/10/06 15:41:23.316, 0, 00000000:01:00.0, 5480 MiB, 40960 MiB, 100 %, 240.41 W, 41, 1410 MHz
2026/10/06 15:41:23.324, 1, 00000000:02:00.0, 5436 MiB, 40960 MiB, 100 %, 243.39 W, 45, 1410 MHz
2026/10/06 15:41:23.331, 2, 00000000:81:00.0, 5436 MiB, 40960 MiB, 100 %, 254.03 W, 47, 1395 MHz
2026/10/06 15:41:23.336, 3, 00000000:82:00.0, 5436 MiB, 40960 MiB, 100 %, 248.62 W, 49, 1395 MHz
2026/10/06 15:41:24.342, 0, 00000000:01:00.0, 5480 MiB, 40960 MiB, 100 %, 246.72 W, 41, 1395 MHz
2026/10/06 15:41:24.348, 1, 00000000:02:00.0, 5436 MiB, 40960 MiB, 100 %, 243.46 W, 45, 1410 MHz
2026/10/06 15:41:24.354, 2, 00000000:81:00.0, 5436 MiB, 40960 MiB, 100 %, 252.50 W, 47, 1395 MHz
2026/10/06 15:41:24.362, 3, 00000000:82:00.0, 5436 MiB, 40960 MiB, 100 %, 226.63 W, 49, 1395 MHz
2026/10/06 15:41:25.370, 0, 00000000:01:00.0, 5480 MiB, 40960 MiB, 100 %, 243.49 W, 41, 1410 MHz
2026/10/06 15:41:25.375, 1, 00000000:02:00.0, 5436 MiB, 40960 MiB, 100 %, 243.48 W, 45, 1410 MHz
2026/10/06 15:41:25.381, 2, 00000000:81:00.0, 5436 MiB, 40960 MiB, 100 %, 248.28 W, 47, 1395 MHz
2026/10/06 15:41:25.389, 3, 00000000:82:00.0, 5436 MiB, 40960 MiB, 100 %, 238.46 W, 49, 1380 MHz
2026/10/06 15:41:26.395, 0, 00000000:01:00.0, 5480 MiB, 40960 MiB, 100 %, 248.80 W, 41, 1410 MHz
2026/10/06 15:41:26.401, 1, 00000000:02:00.0, 5436 MiB, 40960 MiB, 100 %, 243.66 W, 45, 1410 MHz
2026/10/06 15:41:26.407, 2, 00000000:81:00.0, 5436 MiB, 40960 MiB, 100 %, 239.90 W, 47, 1395 MHz
2026/10/06 15:41:26.413, 3, 00000000:82:00.0, 5436 MiB, 40960 MiB, 100 %, 250.21 W, 49, 1395 MHz
2026/10/06 15:41:27.420, 0, 00000000:01:00.0, 5480 MiB, 40960 MiB, 100 %, 237.93 W, 41, 1395 MHz
2026/10/06 15:41:27.426, 1, 00000000:02:00.0, 5436 MiB, 40960 MiB, 100 %, 227.46 W, 45, 1410 MHz
2026/10/06 15:41:27.432, 2, 00000000:81:00.0, 5436 MiB, 40960 MiB, 100 %, 242.66 W, 47, 1395 MHz
2026/10/06 15:41:27.438, 3, 00000000:82:00.0, 5436 MiB, 40960 MiB, 100 %, 255.36 W, 49, 1380 MHz
2026/10/06 15:41:28.447, 0, 00000000:01:00.0, 5480 MiB, 40960 MiB, 100 %, 229.08 W, 41, 1395 MHz
2026/10/06 15:41:28.457, 1, 00000000:02:00.0, 5436 MiB, 40960 MiB, 100 %, 227.23 W, 45, 1410 MHz
2026/10/06 15:41:28.465, 2, 00000000:81:00.0, 5436 MiB, 40960 MiB, 100 %, 245.80 W, 47, 1395 MHz
2026/10/06 15:41:28.477, 3, 00000000:82:00.0, 5436 MiB, 40960 MiB, 100 %, 242.32 W, 48, 1395 MHz
2026/10/06 15:41:29.487, 0, 00000000:01:00.0, 5480 MiB, 40960 MiB, 100 %, 248.02 W, 41, 1410 MHz
2026/10/06 15:41:29.492, 1, 00000000:02:00.0, 5436 MiB, 40960 MiB, 100 %, 227.50 W, 45, 1410 MHz
2026/10/06 15:41:29.498, 2, 00000000:81:00.0, 5436 MiB, 40960 MiB, 100 %, 234.04 W, 47, 1395 MHz
2026/10/06 15:41:29.505, 3, 00000000:82:00.0, 5436 MiB, 40960 MiB, 100 %, 254.68 W, 49, 1395 MHz
2026/10/06 15:41:30.513, 0, 00000000:01:00.0, 5480 MiB, 40960 MiB, 100 %, 238.60 W, 41, 1395 MHz
2026/10/06 15:41:30.519, 1, 00000000:02:00.0, 5436 MiB, 40960 MiB, 100 %, 228.61 W, 44, 1410 MHz
2026/10/06 15:41:30.525, 2, 00000000:81:00.0, 5436 MiB, 40960 MiB, 100 %, 243.62 W, 47, 1395 MHz
2026/10/06 15:41:30.532, 3, 00000000:82:00.0, 5436 MiB, 40960 MiB, 100 %, 257.34 W, 48, 1380 MHz
2026/10/06 15:41:31.541, 0, 00000000:01:00.0, 5480 MiB, 40960 MiB, 100 %, 232.14 W, 41, 1395 MHz
2026/10/06 15:41:31.546, 1, 00000000:02:00.0, 5436 MiB, 40960 MiB, 100 %, 249.85 W, 45, 1410 MHz
2026/10/06 15:41:31.553, 2, 00000000:81:00.0, 5436 MiB, 40960 MiB, 100 %, 246.10 W, 47, 1395 MHz
2026/10/06 15:41:31.559, 3, 00000000:82:00.0, 5436 MiB, 40960 MiB, 100 %, 253.84 W, 49, 1395 MHz
2026/10/06 15:41:32.565, 0, 00000000:01:00.0, 5480 MiB, 40960 MiB, 100 %, 242.43 W, 41, 1410 MHz
2026/10/06 15:41:32.573, 1, 00000000:02:00.0, 5436 MiB, 40960 MiB, 100 %, 249.47 W, 45, 1410 MHz
2026/10/06 15:41:32.582, 2, 00000000:81:00.0, 5436 MiB, 40960 MiB, 100 %, 251.44 W, 47, 1395 MHz
2026/10/06 15:41:32.589, 3, 00000000:82:00.0, 5436 MiB, 40960 MiB, 100 %, 246.51 W, 49, 1380 MHz
2026/10/06 15:41:33.604, 0, 00000000:01:00.0, 5480 MiB, 40960 MiB, 100 %, 234.16 W, 41, 1410 MHz
2026/10/06 15:41:33.610, 1, 00000000:02:00.0, 5436 MiB, 40960 MiB, 100 %, 250.41 W, 45, 1410 MHz
2026/10/06 15:41:33.617, 2, 00000000:81:00.0, 5436 MiB, 40960 MiB, 100 %, 245.62 W, 47, 1395 MHz
2026/10/06 15:41:33.624, 3, 00000000:82:00.0, 5436 MiB, 40960 MiB, 100 %, 251.06 W, 49, 1395 MHz
2026/10/06 15:41:34.630, 0, 00000000:01:00.0, 5480 MiB, 40960 MiB, 100 %, 224.27 W, 41, 1395 MHz
2026/10/06 15:41:34.636, 1, 00000000:02:00.0, 5436 MiB, 40960 MiB, 100 %, 250.24 W, 44, 1410 MHz
2026/10/06 15:41:34.641, 2, 00000000:81:00.0, 5436 MiB, 40960 MiB, 100 %, 249.51 W, 47, 1395 MHz
2026/10/06 15:41:34.648, 3, 00000000:82:00.0, 5436 MiB, 40960 MiB, 100 %, 251.91 W, 49, 1395 MHz
2026/10/06 15:41:35.654, 0, 00000000:01:00.0, 5480 MiB, 40960 MiB, 100 %, 242.60 W, 41, 1410 MHz
2026/10/06 15:41:35.660, 1, 00000000:02:00.0, 5436 MiB, 40960 MiB, 100 %, 250.14 W, 45, 1410 MHz
2026/10/06 15:41:35.666, 2, 00000000:81:00.0, 5436 MiB, 40960 MiB, 100 %, 254.97 W, 47, 1395 MHz
2026/10/06 15:41:35.674, 3, 00000000:82:00.0, 5436 MiB, 40960 MiB, 100 %, 241.25 W, 49, 1380 MHz
2026/10/06 15:41:36.679, 0, 00000000:01:00.0, 5480 MiB, 40960 MiB, 100 %, 238.41 W, 41, 1395 MHz
2026/10/06 15:41:36.685, 1, 00000000:02:00.0, 5436 MiB, 40960 MiB, 100 %, 253.26 W, 45, 1410 MHz
2026/10/06 15:41:36.691, 2, 00000000:81:00.0, 5436 MiB, 40960 MiB, 100 %, 253.63 W, 47, 1395 MHz
2026/10/06 15:41:36.701, 3, 00000000:82:00.0, 5436 MiB, 40960 MiB, 100 %, 245.54 W, 49, 1395 MHz
2026/10/06 15:41:37.707, 0, 00000000:01:00.0, 5480 MiB, 40960 MiB, 100 %, 246.41 W, 41, 1410 MHz
2026/10/06 15:41:37.714, 1, 00000000:02:00.0, 5436 MiB, 40960 MiB, 100 %, 252.61 W, 44, 1410 MHz
2026/10/06 15:41:37.723, 2, 00000000:81:00.0, 5436 MiB, 40960 MiB, 100 %, 251.81 W, 47, 1395 MHz
2026/10/06 15:41:37.731, 3, 00000000:82:00.0, 5436 MiB, 40960 MiB, 100 %, 248.21 W, 49, 1395 MHz
2026/10/06 15:41:38.740, 0, 00000000:01:00.0, 5480 MiB, 40960 MiB, 100 %, 253.37 W, 41, 1410 MHz
2026/10/06 15:41:38.746, 1, 00000000:02:00.0, 5436 MiB, 40960 MiB, 100 %, 252.40 W, 44, 1410 MHz
2026/10/06 15:41:38.752, 2, 00000000:81:00.0, 5436 MiB, 40960 MiB, 100 %, 254.12 W, 47, 1395 MHz
2026/10/06 15:41:38.758, 3, 00000000:82:00.0, 5436 MiB, 40960 MiB, 100 %, 248.99 W, 49, 1395 MHz
2026/10/06 15:41:39.767, 0, 00000000:01:00.0, 5480 MiB, 40960 MiB, 100 %, 239.60 W, 41, 1395 MHz
2026/10/06 15:41:39.775, 1, 00000000:02:00.0, 5436 MiB, 40960 MiB, 100 %, 252.59 W, 45, 1410 MHz
2026/10/06 15:41:39.780, 2, 00000000:81:00.0, 5436 MiB, 40960 MiB, 100 %, 252.68 W, 47, 1395 MHz
2026/10/06 15:41:39.786, 3, 00000000:82:00.0, 5436 MiB, 40960 MiB, 100 %, 247.86 W, 49, 1395 MHz
2026/10/06 15:41:40.792, 0, 00000000:01:00.0, 5480 MiB, 40960 MiB, 100 %, 247.48 W, 41, 1410 MHz
2026/10/06 15:41:40.798, 1, 00000000:02:00.0, 5436 MiB, 40960 MiB, 100 %, 241.67 W, 45, 1410 MHz
2026/10/06 15:41:40.805, 2, 00000000:81:00.0, 5436 MiB, 40960 MiB, 100 %, 249.85 W, 47, 1395 MHz
2026/10/06 15:41:40.813, 3, 00000000:82:00.0, 5436 MiB, 40960 MiB, 100 %, 252.41 W, 48, 1395 MHz
2026/10/06 15:41:41.820, 0, 00000000:01:00.0, 5480 MiB, 40960 MiB, 100 %, 249.19 W, 41, 1395 MHz
2026/10/06 15:41:41.827, 1, 00000000:02:00.0, 5436 MiB, 40960 MiB, 100 %, 242.22 W, 44, 1410 MHz
2026/10/06 15:41:41.835, 2, 00000000:81:00.0, 5436 MiB, 40960 MiB, 100 %, 241.42 W, 47, 1395 MHz
2026/10/06 15:41:41.845, 3, 00000000:82:00.0, 5436 MiB, 40960 MiB, 100 %, 257.73 W, 49, 1395 MHz
2026/10/06 15:41:42.853, 0, 00000000:01:00.0, 5480 MiB, 40960 MiB, 100 %, 243.75 W, 41, 1410 MHz
2026/10/06 15:41:42.858, 1, 00000000:02:00.0, 5436 MiB, 40960 MiB, 100 %, 242.15 W, 45, 1410 MHz
2026/10/06 15:41:42.866, 2, 00000000:81:00.0, 5436 MiB, 40960 MiB, 100 %, 234.05 W, 47, 1395 MHz
2026/10/06 15:41:42.872, 3, 00000000:82:00.0, 5436 MiB, 40960 MiB, 100 %, 252.50 W, 48, 1380 MHz
2026/10/06 15:41:43.883, 0, 00000000:01:00.0, 5480 MiB, 40960 MiB, 100 %, 245.95 W, 41, 1395 MHz
2026/10/06 15:41:43.894, 1, 00000000:02:00.0, 5436 MiB, 40960 MiB, 100 %, 242.44 W, 45, 1410 MHz
2026/10/06 15:41:43.900, 2, 00000000:81:00.0, 5436 MiB, 40960 MiB, 100 %, 245.16 W, 47, 1395 MHz
2026/10/06 15:41:43.905, 3, 00000000:82:00.0, 5436 MiB, 40960 MiB, 100 %, 253.53 W, 49, 1380 MHz
2026/10/06 15:41:44.922, 0, 00000000:01:00.0, 5480 MiB, 40960 MiB, 100 %, 249.36 W, 41, 1410 MHz
2026/10/06 15:41:44.930, 1, 00000000:02:00.0, 5436 MiB, 40960 MiB, 100 %, 237.11 W, 44, 1410 MHz
2026/10/06 15:41:44.936, 2, 00000000:81:00.0, 5436 MiB, 40960 MiB, 100 %, 232.62 W, 47, 1395 MHz
2026/10/06 15:41:44.943, 3, 00000000:82:00.0, 5436 MiB, 40960 MiB, 100 %, 257.80 W, 49, 1380 MHz
2026/10/06 15:41:45.949, 0, 00000000:01:00.0, 5480 MiB, 40960 MiB, 100 %, 243.56 W, 41, 1410 MHz
2026/10/06 15:41:45.955, 1, 00000000:02:00.0, 5436 MiB, 40960 MiB, 100 %, 236.37 W, 44, 1410 MHz
2026/10/06 15:41:45.961, 2, 00000000:81:00.0, 5436 MiB, 40960 MiB, 100 %, 243.43 W, 47, 1395 MHz
2026/10/06 15:41:45.967, 3, 00000000:82:00.0, 5436 MiB, 40960 MiB, 100 %, 255.46 W, 49, 1395 MHz
2026/10/06 15:41:46.976, 0, 00000000:01:00.0, 5480 MiB, 40960 MiB, 100 %, 252.50 W, 41, 1410 MHz
2026/10/06 15:41:46.981, 1, 00000000:02:00.0, 5436 MiB, 40960 MiB, 100 %, 237.59 W, 45, 1410 MHz
2026/10/06 15:41:46.987, 2, 00000000:81:00.0, 5436 MiB, 40960 MiB, 100 %, 245.53 W, 47, 1395 MHz
2026/10/06 15:41:46.993, 3, 00000000:82:00.0, 5436 MiB, 40960 MiB, 100 %, 253.73 W, 49, 1380 MHz
2026/10/06 15:41:48.000, 0, 00000000:01:00.0, 5480 MiB, 40960 MiB, 100 %, 241.78 W, 40, 1395 MHz
2026/10/06 15:41:48.010, 1, 00000000:02:00.0, 5436 MiB, 40960 MiB, 100 %, 237.08 W, 45, 1410 MHz
2026/10/06 15:41:48.017, 2, 00000000:81:00.0, 5436 MiB, 40960 MiB, 100 %, 243.13 W, 47, 1395 MHz
2026/10/06 15:41:48.029, 3, 00000000:82:00.0, 5436 MiB, 40960 MiB, 100 %, 242.97 W, 49, 1395 MHz
2026/10/06 15:41:49.037, 0, 00000000:01:00.0, 5480 MiB, 40960 MiB, 100 %, 248.32 W, 41, 1395 MHz
2026/10/06 15:41:49.043, 1, 00000000:02:00.0, 5436 MiB, 40960 MiB, 100 %, 235.77 W, 44, 1410 MHz
2026/10/06 15:41:49.048, 2, 00000000:81:00.0, 5436 MiB, 40960 MiB, 100 %, 244.48 W, 47, 1395 MHz
2026/10/06 15:41:49.057, 3, 00000000:82:00.0, 5436 MiB, 40960 MiB, 100 %, 250.21 W, 49, 1395 MHz
2026/10/06 15:41:50.076, 0, 00000000:01:00.0, 5480 MiB, 40960 MiB, 100 %, 252.22 W, 41, 1410 MHz
2026/10/06 15:41:50.084, 1, 00000000:02:00.0, 5436 MiB, 40960 MiB, 100 %, 250.60 W, 45, 1410 MHz
2026/10/06 15:41:50.090, 2, 00000000:81:00.0, 5436 MiB, 40960 MiB, 100 %, 247.74 W, 47, 1395 MHz
2026/10/06 15:41:50.096, 3, 00000000:82:00.0, 5436 MiB, 40960 MiB, 100 %, 241.74 W, 49, 1395 MHz
2026/10/06 15:41:51.102, 0, 00000000:01:00.0, 5480 MiB, 40960 MiB, 100 %, 250.60 W, 41, 1410 MHz
2026/10/06 15:41:51.109, 1, 00000000:02:00.0, 5436 MiB, 40960 MiB, 100 %, 251.08 W, 45, 1410 MHz
2026/10/06 15:41:51.120, 2, 00000000:81:00.0, 5436 MiB, 40960 MiB, 100 %, 253.45 W, 47, 1395 MHz
2026/10/06 15:41:51.126, 3, 00000000:82:00.0, 5436 MiB, 40960 MiB, 100 %, 241.76 W, 49, 1380 MHz
2026/10/06 15:41:52.134, 0, 00000000:01:00.0, 5480 MiB, 40960 MiB, 100 %, 244.23 W, 41, 1395 MHz
2026/10/06 15:41:52.140, 1, 00000000:02:00.0, 5436 MiB, 40960 MiB, 100 %, 250.12 W, 44, 1410 MHz
2026/10/06 15:41:52.147, 2, 00000000:81:00.0, 5436 MiB, 40960 MiB, 100 %, 245.73 W, 47, 1395 MHz
2026/10/06 15:41:52.155, 3, 00000000:82:00.0, 5436 MiB, 40960 MiB, 100 %, 246.41 W, 49, 1380 MHz
2026/10/06 15:41:53.163, 0, 00000000:01:00.0, 5480 MiB, 40960 MiB, 100 %, 251.29 W, 41, 1410 MHz
2026/10/06 15:41:53.169, 1, 00000000:02:00.0, 5436 MiB, 40960 MiB, 100 %, 250.06 W, 45, 1410 MHz
2026/10/06 15:41:53.175, 2, 00000000:81:00.0, 5436 MiB, 40960 MiB, 100 %, 249.77 W, 47, 1395 MHz
2026/10/06 15:41:53.181, 3, 00000000:82:00.0, 5436 MiB, 40960 MiB, 100 %, 243.63 W, 49, 1380 MHz
2026/10/06 15:41:54.188, 0, 00000000:01:00.0, 5480 MiB, 40960 MiB, 100 %, 243.96 W, 41, 1395 MHz
2026/10/06 15:41:54.194, 1, 00000000:02:00.0, 5436 MiB, 40960 MiB, 100 %, 247.57 W, 45, 1410 MHz
2026/10/06 15:41:54.200, 2, 00000000:81:00.0, 5436 MiB, 40960 MiB, 100 %, 254.51 W, 47, 1395 MHz
2026/10/06 15:41:54.207, 3, 00000000:82:00.0, 5436 MiB, 40960 MiB, 100 %, 254.40 W, 49, 1380 MHz
2026/10/06 15:41:55.213, 0, 00000000:01:00.0, 5480 MiB, 40960 MiB, 100 %, 242.71 W, 41, 1410 MHz
2026/10/06 15:41:55.219, 1, 00000000:02:00.0, 5436 MiB, 40960 MiB, 100 %, 246.92 W, 45, 1410 MHz
2026/10/06 15:41:55.226, 2, 00000000:81:00.0, 5436 MiB, 40960 MiB, 100 %, 252.97 W, 47, 1395 MHz
2026/10/06 15:41:55.232, 3, 00000000:82:00.0, 5436 MiB, 40960 MiB, 100 %, 243.46 W, 49, 1395 MHz
2026/10/06 15:41:56.247, 0, 00000000:01:00.0, 5480 MiB, 40960 MiB, 100 %, 226.69 W, 41, 1410 MHz
2026/10/06 15:41:56.255, 1, 00000000:02:00.0, 5436 MiB, 40960 MiB, 100 %, 247.47 W, 44, 1410 MHz
2026/10/06 15:41:56.260, 2, 00000000:81:00.0, 5436 MiB, 40960 MiB, 100 %, 251.93 W, 47, 1395 MHz
2026/10/06 15:41:56.267, 3, 00000000:82:00.0, 5436 MiB, 40960 MiB, 100 %, 252.02 W, 49, 1395 MHz
2026/10/06 15:41:57.273, 0, 00000000:01:00.0, 5480 MiB, 40960 MiB, 100 %, 232.92 W, 41, 1395 MHz
2026/10/06 15:41:57.282, 1, 00000000:02:00.0, 5436 MiB, 40960 MiB, 100 %, 249.07 W, 45, 1410 MHz
2026/10/06 15:41:57.290, 2, 00000000:81:00.0, 5436 MiB, 40960 MiB, 100 %, 254.11 W, 47, 1395 MHz
2026/10/06 15:41:57.298, 3, 00000000:82:00.0, 5436 MiB, 40960 MiB, 100 %, 253.91 W, 49, 1395 MHz
2026/10/06 15:41:58.305, 0, 00000000:01:00.0, 5480 MiB, 40960 MiB, 100 %, 243.00 W, 41, 1410 MHz
2026/10/06 15:41:58.311, 1, 00000000:02:00.0, 5436 MiB, 40960 MiB, 100 %, 240.65 W, 45, 1410 MHz
2026/10/06 15:41:58.318, 2, 00000000:81:00.0, 5436 MiB, 40960 MiB, 100 %, 252.67 W, 47, 1395 MHz
2026/10/06 15:41:58.324, 3, 00000000:82:00.0, 5436 MiB, 40960 MiB, 100 %, 256.02 W, 49, 1395 MHz
2026/10/06 15:41:59.332, 0, 00000000:01:00.0, 5480 MiB, 40960 MiB, 100 %, 235.48 W, 41, 1410 MHz
2026/10/06 15:41:59.338, 1, 00000000:02:00.0, 5436 MiB, 40960 MiB, 100 %, 241.01 W, 44, 1410 MHz
2026/10/06 15:41:59.343, 2, 00000000:81:00.0, 5436 MiB, 40960 MiB, 100 %, 248.19 W, 47, 1395 MHz
2026/10/06 15:41:59.349, 3, 00000000:82:00.0, 5436 MiB, 40960 MiB, 100 %, 255.34 W, 49, 1395 MHz
2026/10/06 15:42:00.355, 0, 00000000:01:00.0, 5480 MiB, 40960 MiB, 100 %, 242.71 W, 41, 1410 MHz
2026/10/06 15:42:00.361, 1, 00000000:02:00.0, 5436 MiB, 40960 MiB, 100 %, 241.00 W, 44, 1410 MHz
2026/10/06 15:42:00.366, 2, 00000000:81:00.0, 5436 MiB, 40960 MiB, 100 %, 236.45 W, 47, 1395 MHz
2026/10/06 15:42:00.372, 3, 00000000:82:00.0, 5436 MiB, 40960 MiB, 100 %, 244.80 W, 49, 1395 MHz
2026/10/06 15:42:01.378, 0, 00000000:01:00.0, 5480 MiB, 40960 MiB, 100 %, 244.23 W, 41, 1410 MHz
2026/10/06 15:42:01.384, 1, 00000000:02:00.0, 5436 MiB, 40960 MiB, 100 %, 241.47 W, 44, 1410 MHz
2026/10/06 15:42:01.389, 2, 00000000:81:00.0, 5436 MiB, 40960 MiB, 100 %, 243.35 W, 47, 1395 MHz
2026/10/06 15:42:01.395, 3, 00000000:82:00.0, 5436 MiB, 40960 MiB, 100 %, 251.36 W, 49, 1395 MHz
2026/10/06 15:42:02.404, 0, 00000000:01:00.0, 5480 MiB, 40960 MiB, 100 %, 242.69 W, 41, 1395 MHz
2026/10/06 15:42:02.410, 1, 00000000:02:00.0, 5436 MiB, 40960 MiB, 100 %, 241.58 W, 45, 1410 MHz
2026/10/06 15:42:02.417, 2, 00000000:81:00.0, 5436 MiB, 40960 MiB, 100 %, 245.23 W, 47, 1395 MHz
2026/10/06 15:42:02.423, 3, 00000000:82:00.0, 5436 MiB, 40960 MiB, 100 %, 251.07 W, 49, 1395 MHz
2026/10/06 15:42:03.431, 0, 00000000:01:00.0, 5480 MiB, 40960 MiB, 100 %, 243.09 W, 41, 1410 MHz
2026/10/06 15:42:03.437, 1, 00000000:02:00.0, 5436 MiB, 40960 MiB, 100 %, 243.48 W, 44, 1410 MHz
2026/10/06 15:42:03.442, 2, 00000000:81:00.0, 5436 MiB, 40960 MiB, 100 %, 239.60 W, 47, 1395 MHz
2026/10/06 15:42:03.449, 3, 00000000:82:00.0, 5436 MiB, 40960 MiB, 100 %, 230.30 W, 48, 1395 MHz
2026/10/06 15:42:04.455, 0, 00000000:01:00.0, 5480 MiB, 40960 MiB, 100 %, 244.70 W, 41, 1410 MHz
2026/10/06 15:42:04.461, 1, 00000000:02:00.0, 5436 MiB, 40960 MiB, 100 %, 243.27 W, 44, 1410 MHz
2026/10/06 15:42:04.467, 2, 00000000:81:00.0, 5436 MiB, 40960 MiB, 100 %, 244.65 W, 47, 1395 MHz
2026/10/06 15:42:04.476, 3, 00000000:82:00.0, 5436 MiB, 40960 MiB, 100 %, 238.68 W, 49, 1380 MHz
2026/10/06 15:42:05.482, 0, 00000000:01:00.0, 5480 MiB, 40960 MiB, 100 %, 247.19 W, 41, 1410 MHz
2026/10/06 15:42:05.488, 1, 00000000:02:00.0, 5436 MiB, 40960 MiB, 100 %, 242.82 W, 44, 1410 MHz
2026/10/06 15:42:05.494, 2, 00000000:81:00.0, 5436 MiB, 40960 MiB, 100 %, 247.14 W, 46, 1395 MHz
2026/10/06 15:42:05.500, 3, 00000000:82:00.0, 5436 MiB, 40960 MiB, 100 %, 246.42 W, 49, 1380 MHz
2026/10/06 15:42:06.507, 0, 00000000:01:00.0, 5480 MiB, 40960 MiB, 100 %, 250.63 W, 41, 1410 MHz
2026/10/06 15:42:06.515, 1, 00000000:02:00.0, 5436 MiB, 40960 MiB, 100 %, 241.87 W, 45, 1410 MHz
2026/10/06 15:42:06.524, 2, 00000000:81:00.0, 5436 MiB, 40960 MiB, 100 %, 252.67 W, 47, 1395 MHz
2026/10/06 15:42:06.532, 3, 00000000:82:00.0, 5436 MiB, 40960 MiB, 100 %, 257.44 W, 49, 1395 MHz
2026/10/06 15:42:07.540, 0, 00000000:01:00.0, 5480 MiB, 40960 MiB, 100 %, 244.71 W, 41, 1410 MHz
2026/10/06 15:42:07.546, 1, 00000000:02:00.0, 5436 MiB, 40960 MiB, 100 %, 241.01 W, 44, 1410 MHz
2026/10/06 15:42:07.552, 2, 00000000:81:00.0, 5436 MiB, 40960 MiB, 100 %, 254.40 W, 47, 1395 MHz
2026/10/06 15:42:07.561, 3, 00000000:82:00.0, 5436 MiB, 40960 MiB, 100 %, 246.23 W, 49, 1395 MHz
2026/10/06 15:42:08.567, 0, 00000000:01:00.0, 5480 MiB, 40960 MiB, 100 %, 247.65 W, 41, 1410 MHz
2026/10/06 15:42:08.574, 1, 00000000:02:00.0, 5436 MiB, 40960 MiB, 100 %, 251.45 W, 44, 1410 MHz
2026/10/06 15:42:08.580, 2, 00000000:81:00.0, 5436 MiB, 40960 MiB, 100 %, 250.20 W, 47, 1395 MHz
2026/10/06 15:42:08.589, 3, 00000000:82:00.0, 5436 MiB, 40960 MiB, 100 %, 258.58 W, 49, 1395 MHz
2026/10/06 15:42:09.597, 0, 00000000:01:00.0, 5480 MiB, 40960 MiB, 100 %, 253.35 W, 41, 1410 MHz
2026/10/06 15:42:09.603, 1, 00000000:02:00.0, 5436 MiB, 40960 MiB, 100 %, 251.26 W, 45, 1410 MHz
2026/10/06 15:42:09.609, 2, 00000000:81:00.0, 5436 MiB, 40960 MiB, 100 %, 254.89 W, 47, 1395 MHz
2026/10/06 15:42:09.617, 3, 00000000:82:00.0, 5436 MiB, 40960 MiB, 100 %, 256.89 W, 49, 1395 MHz
2026/10/06 15:42:10.624, 0, 00000000:01:00.0, 5480 MiB, 40960 MiB, 100 %, 253.74 W, 41, 1410 MHz
2026/10/06 15:42:10.630, 1, 00000000:02:00.0, 5436 MiB, 40960 MiB, 100 %, 251.93 W, 44, 1410 MHz
2026/10/06 15:42:10.636, 2, 00000000:81:00.0, 5436 MiB, 40960 MiB, 100 %, 253.94 W, 47, 1395 MHz
2026/10/06 15:42:10.645, 3, 00000000:82:00.0, 5436 MiB, 40960 MiB, 100 %, 254.40 W, 49, 1395 MHz
2026/10/06 15:42:11.653, 0, 00000000:01:00.0, 5480 MiB, 40960 MiB, 100 %, 252.12 W, 41, 1410 MHz
2026/10/06 15:42:11.659, 1, 00000000:02:00.0, 5436 MiB, 40960 MiB, 100 %, 251.27 W, 44, 1410 MHz
2026/10/06 15:42:11.667, 2, 00000000:81:00.0, 5436 MiB, 40960 MiB, 100 %, 252.31 W, 46, 1395 MHz
2026/10/06 15:42:11.675, 3, 00000000:82:00.0, 5436 MiB, 40960 MiB, 100 %, 240.60 W, 49, 1395 MHz
2026/10/06 15:42:12.684, 0, 00000000:01:00.0, 5480 MiB, 40960 MiB, 100 %, 254.41 W, 41, 1410 MHz
2026/10/06 15:42:12.691, 1, 00000000:02:00.0, 5436 MiB, 40960 MiB, 100 %, 245.47 W, 44, 1410 MHz
2026/10/06 15:42:12.697, 2, 00000000:81:00.0, 5436 MiB, 40960 MiB, 100 %, 247.24 W, 47, 1395 MHz
2026/10/06 15:42:12.703, 3, 00000000:82:00.0, 5436 MiB, 40960 MiB, 100 %, 253.45 W, 48, 1395 MHz
2026/10/06 15:42:13.712, 0, 00000000:01:00.0, 5480 MiB, 40960 MiB, 100 %, 253.66 W, 41, 1410 MHz
2026/10/06 15:42:13.718, 1, 00000000:02:00.0, 5436 MiB, 40960 MiB, 100 %, 245.17 W, 44, 1410 MHz
2026/10/06 15:42:13.725, 2, 00000000:81:00.0, 5436 MiB, 40960 MiB, 100 %, 252.40 W, 47, 1395 MHz
2026/10/06 15:42:13.730, 3, 00000000:82:00.0, 5436 MiB, 40960 MiB, 100 %, 238.04 W, 48, 1395 MHz
2026/10/06 15:42:14.741, 0, 00000000:01:00.0, 5480 MiB, 40960 MiB, 100 %, 252.32 W, 41, 1410 MHz
2026/10/06 15:42:14.746, 1, 00000000:02:00.0, 5436 MiB, 40960 MiB, 100 %, 245.67 W, 44, 1410 MHz
2026/10/06 15:42:14.752, 2, 00000000:81:00.0, 5436 MiB, 40960 MiB, 100 %, 249.43 W, 47, 1395 MHz
2026/10/06 15:42:14.758, 3, 00000000:82:00.0, 5436 MiB, 40960 MiB, 100 %, 241.94 W, 48, 1395 MHz
2026/10/06 15:42:15.764, 0, 00000000:01:00.0, 5480 MiB, 40960 MiB, 100 %, 251.00 W, 41, 1410 MHz
2026/10/06 15:42:15.771, 1, 00000000:02:00.0, 5436 MiB, 40960 MiB, 100 %, 245.78 W, 44, 1410 MHz
2026/10/06 15:42:15.776, 2, 00000000:81:00.0, 5436 MiB, 40960 MiB, 100 %, 239.80 W, 47, 1395 MHz
2026/10/06 15:42:15.785, 3, 00000000:82:00.0, 5436 MiB, 40960 MiB, 100 %, 244.97 W, 49, 1380 MHz
2026/10/06 15:42:16.791, 0, 00000000:01:00.0, 5480 MiB, 40960 MiB, 100 %, 240.53 W, 41, 1395 MHz
2026/10/06 15:42:16.800, 1, 00000000:02:00.0, 5436 MiB, 40960 MiB, 100 %, 246.23 W, 44, 1410 MHz
2026/10/06 15:42:16.808, 2, 00000000:81:00.0, 5436 MiB, 40960 MiB, 100 %, 243.43 W, 47, 1395 MHz
2026/10/06 15:42:16.818, 3, 00000000:82:00.0, 5436 MiB, 40960 MiB, 100 %, 250.78 W, 49, 1380 MHz
2026/10/06 15:42:17.826, 0, 00000000:01:00.0, 5480 MiB, 40960 MiB, 100 %, 252.15 W, 41, 1410 MHz
2026/10/06 15:42:17.832, 1, 00000000:02:00.0, 5436 MiB, 40960 MiB, 100 %, 236.35 W, 44, 1410 MHz
2026/10/06 15:42:17.838, 2, 00000000:81:00.0, 5436 MiB, 40960 MiB, 100 %, 244.66 W, 47, 1395 MHz
2026/10/06 15:42:17.845, 3, 00000000:82:00.0, 5436 MiB, 40960 MiB, 100 %, 249.55 W, 49, 1395 MHz
2026/10/06 15:42:18.851, 0, 00000000:01:00.0, 5480 MiB, 40960 MiB, 100 %, 250.21 W, 41, 1410 MHz
2026/10/06 15:42:18.856, 1, 00000000:02:00.0, 5436 MiB, 40960 MiB, 100 %, 240.83 W, 44, 1410 MHz
2026/10/06 15:42:18.862, 2, 00000000:81:00.0, 5436 MiB, 40960 MiB, 100 %, 232.89 W, 46, 1395 MHz
2026/10/06 15:42:18.871, 3, 00000000:82:00.0, 5436 MiB, 40960 MiB, 100 %, 246.81 W, 49, 1380 MHz
2026/10/06 15:42:19.877, 0, 00000000:01:00.0, 5480 MiB, 40960 MiB, 100 %, 244.51 W, 41, 1410 MHz
2026/10/06 15:42:19.882, 1, 00000000:02:00.0, 5436 MiB, 40960 MiB, 100 %, 240.83 W, 44, 1410 MHz
2026/10/06 15:42:19.888, 2, 00000000:81:00.0, 5436 MiB, 40960 MiB, 100 %, 244.02 W, 47, 1395 MHz
2026/10/06 15:42:19.898, 3, 00000000:82:00.0, 5436 MiB, 40960 MiB, 100 %, 254.40 W, 49, 1395 MHz
2026/10/06 15:42:20.906, 0, 00000000:01:00.0, 5480 MiB, 40960 MiB, 100 %, 226.90 W, 41, 1395 MHz
2026/10/06 15:42:20.914, 1, 00000000:02:00.0, 5436 MiB, 40960 MiB, 100 %, 240.72 W, 45, 1410 MHz
2026/10/06 15:42:20.925, 2, 00000000:81:00.0, 5436 MiB, 40960 MiB, 100 %, 245.82 W, 47, 1395 MHz
2026/10/06 15:42:20.934, 3, 00000000:82:00.0, 5436 MiB, 40960 MiB, 100 %, 255.43 W, 49, 1395 MHz
2026/10/06 15:42:21.942, 0, 00000000:01:00.0, 5480 MiB, 40960 MiB, 100 %, 253.94 W, 41, 1410 MHz
2026/10/06 15:42:21.948, 1, 00000000:02:00.0, 5436 MiB, 40960 MiB, 100 %, 245.67 W, 44, 1410 MHz
2026/10/06 15:42:21.954, 2, 00000000:81:00.0, 5436 MiB, 40960 MiB, 100 %, 250.86 W, 47, 1395 MHz
2026/10/06 15:42:21.960, 3, 00000000:82:00.0, 5436 MiB, 40960 MiB, 100 %, 245.07 W, 49, 1395 MHz
2026/10/06 15:42:22.966, 0, 00000000:01:00.0, 5480 MiB, 40960 MiB, 100 %, 237.65 W, 41, 1395 MHz
2026/10/06 15:42:22.972, 1, 00000000:02:00.0, 5436 MiB, 40960 MiB, 100 %, 245.21 W, 44, 1410 MHz
2026/10/06 15:42:22.979, 2, 00000000:81:00.0, 5436 MiB, 40960 MiB, 100 %, 244.67 W, 47, 1395 MHz
2026/10/06 15:42:22.986, 3, 00000000:82:00.0, 5436 MiB, 40960 MiB, 100 %, 255.06 W, 49, 1395 MHz
2026/10/06 15:42:23.993, 0, 00000000:01:00.0, 5480 MiB, 40960 MiB, 100 %, 231.48 W, 41, 1395 MHz
2026/10/06 15:42:23.999, 1, 00000000:02:00.0, 5436 MiB, 40960 MiB, 100 %, 244.24 W, 44, 1410 MHz
2026/10/06 15:42:24.005, 2, 00000000:81:00.0, 5436 MiB, 40960 MiB, 100 %, 248.78 W, 47, 1395 MHz
2026/10/06 15:42:24.013, 3, 00000000:82:00.0, 5436 MiB, 40960 MiB, 100 %, 244.41 W, 49, 1395 MHz
2026/10/06 15:42:25.019, 0, 00000000:01:00.0, 5480 MiB, 40960 MiB, 100 %, 243.08 W, 41, 1410 MHz
2026/10/06 15:42:25.025, 1, 00000000:02:00.0, 5436 MiB, 40960 MiB, 100 %, 243.26 W, 45, 1410 MHz
2026/10/06 15:42:25.033, 2, 00000000:81:00.0, 5436 MiB, 40960 MiB, 100 %, 255.75 W, 46, 1395 MHz
2026/10/06 15:42:25.039, 3, 00000000:82:00.0, 5436 MiB, 40960 MiB, 100 %, 236.21 W, 48, 1395 MHz
2026/10/06 15:42:26.046, 0, 00000000:01:00.0, 5480 MiB, 40960 MiB, 100 %, 244.24 W, 41, 1410 MHz
2026/10/06 15:42:26.053, 1, 00000000:02:00.0, 5436 MiB, 40960 MiB, 100 %, 242.33 W, 44, 1410 MHz
2026/10/06 15:42:26.059, 2, 00000000:81:00.0, 5436 MiB, 40960 MiB, 100 %, 254.78 W, 47, 1395 MHz
2026/10/06 15:42:26.068, 3, 00000000:82:00.0, 5436 MiB, 40960 MiB, 100 %, 248.89 W, 49, 1380 MHz
2026/10/06 15:42:27.079, 0, 00000000:01:00.0, 5480 MiB, 40960 MiB, 100 %, 232.90 W, 41, 1410 MHz
2026/10/06 15:42:27.084, 1, 00000000:02:00.0, 5436 MiB, 40960 MiB, 100 %, 251.65 W, 44, 1410 MHz
2026/10/06 15:42:27.090, 2, 00000000:81:00.0, 5436 MiB, 40960 MiB, 100 %, 253.35 W, 47, 1395 MHz
2026/10/06 15:42:27.097, 3, 00000000:82:00.0, 5436 MiB, 40960 MiB, 100 %, 250.51 W, 48, 1380 MHz
2026/10/06 15:42:28.107, 0, 00000000:01:00.0, 5480 MiB, 40960 MiB, 100 %, 243.38 W, 41, 1410 MHz
2026/10/06 15:42:28.113, 1, 00000000:02:00.0, 5436 MiB, 40960 MiB, 100 %, 251.85 W, 45, 1410 MHz
2026/10/06 15:42:28.119, 2, 00000000:81:00.0, 5436 MiB, 40960 MiB, 100 %, 255.07 W, 47, 1395 MHz
2026/10/06 15:42:28.125, 3, 00000000:82:00.0, 5436 MiB, 40960 MiB, 100 %, 258.21 W, 49, 1395 MHz
2026/10/06 15:42:29.132, 0, 00000000:01:00.0, 5480 MiB, 40960 MiB, 100 %, 239.67 W, 40, 1395 MHz
2026/10/06 15:42:29.138, 1, 00000000:02:00.0, 5436 MiB, 40960 MiB, 100 %, 251.63 W, 44, 1410 MHz
2026/10/06 15:42:29.144, 2, 00000000:81:00.0, 5436 MiB, 40960 MiB, 100 %, 253.55 W, 47, 1395 MHz
2026/10/06 15:42:29.151, 3, 00000000:82:00.0, 5436 MiB, 40960 MiB, 100 %, 253.46 W, 49, 1395 MHz
2026/10/06 15:42:30.157, 0, 00000000:01:00.0, 5480 MiB, 40960 MiB, 100 %, 247.11 W, 41, 1410 MHz
2026/10/06 15:42:30.165, 1, 00000000:02:00.0, 5436 MiB, 40960 MiB, 100 %, 251.46 W, 44, 1410 MHz
2026/10/06 15:42:30.172, 2, 00000000:81:00.0, 5436 MiB, 40960 MiB, 100 %, 252.42 W, 47, 1395 MHz
2026/10/06 15:42:30.181, 3, 00000000:82:00.0, 5436 MiB, 40960 MiB, 100 %, 253.19 W, 49, 1395 MHz
2026/10/06 15:42:31.192, 0, 00000000:01:00.0, 5480 MiB, 40960 MiB, 100 %, 250.90 W, 41, 1410 MHz
2026/10/06 15:42:31.203, 1, 00000000:02:00.0, 5436 MiB, 40960 MiB, 100 %, 246.79 W, 44, 1410 MHz
2026/10/06 15:42:31.210, 2, 00000000:81:00.0, 5436 MiB, 40960 MiB, 100 %, 246.58 W, 47, 1395 MHz
2026/10/06 15:42:31.217, 3, 00000000:82:00.0, 5436 MiB, 40960 MiB, 100 %, 255.37 W, 49, 1395 MHz
2026/10/06 15:42:32.224, 0, 00000000:01:00.0, 5480 MiB, 40960 MiB, 100 %, 244.07 W, 41, 1410 MHz
2026/10/06 15:42:32.230, 1, 00000000:02:00.0, 5436 MiB, 40960 MiB, 100 %, 247.67 W, 45, 1410 MHz
2026/10/06 15:42:32.238, 2, 00000000:81:00.0, 5436 MiB, 40960 MiB, 100 %, 237.79 W, 46, 1395 MHz
2026/10/06 15:42:32.244, 3, 00000000:82:00.0, 5436 MiB, 40960 MiB, 100 %, 243.76 W, 49, 1395 MHz
2026/10/06 15:42:33.251, 0, 00000000:01:00.0, 5480 MiB, 40960 MiB, 100 %, 245.78 W, 41, 1410 MHz
2026/10/06 15:42:33.257, 1, 00000000:02:00.0, 5436 MiB, 40960 MiB, 100 %, 248.62 W, 44, 1410 MHz
2026/10/06 15:42:33.263, 2, 00000000:81:00.0, 5436 MiB, 40960 MiB, 100 %, 250.68 W, 47, 1395 MHz
2026/10/06 15:42:33.269, 3, 00000000:82:00.0, 5436 MiB, 40960 MiB, 100 %, 246.61 W, 49, 1395 MHz
2026/10/06 15:42:34.275, 0, 00000000:01:00.0, 5480 MiB, 40960 MiB, 100 %, 248.80 W, 41, 1410 MHz
2026/10/06 15:42:34.281, 1, 00000000:02:00.0, 5436 MiB, 40960 MiB, 100 %, 247.97 W, 44, 1410 MHz
2026/10/06 15:42:34.289, 2, 00000000:81:00.0, 5436 MiB, 40960 MiB, 100 %, 243.31 W, 47, 1395 MHz
2026/10/06 15:42:34.295, 3, 00000000:82:00.0, 5436 MiB, 40960 MiB, 100 %, 234.91 W, 49, 1395 MHz
2026/10/06 15:42:35.301, 0, 00000000:01:00.0, 5480 MiB, 40960 MiB, 100 %, 254.80 W, 41, 1410 MHz
2026/10/06 15:42:35.307, 1, 00000000:02:00.0, 5436 MiB, 40960 MiB, 100 %, 248.34 W, 45, 1410 MHz
2026/10/06 15:42:35.315, 2, 00000000:81:00.0, 5436 MiB, 40960 MiB, 100 %, 233.32 W, 47, 1395 MHz
2026/10/06 15:42:35.323, 3, 00000000:82:00.0, 5436 MiB, 40960 MiB, 100 %, 235.67 W, 48, 1395 MHz
2026/10/06 15:42:36.331, 0, 00000000:01:00.0, 5480 MiB, 40960 MiB, 100 %, 241.00 W, 41, 1395 MHz
2026/10/06 15:42:36.339, 1, 00000000:02:00.0, 5436 MiB, 40960 MiB, 0 %, 60.89 W, 36, 1410 MHz
2026/10/06 15:42:36.345, 2, 00000000:81:00.0, 5436 MiB, 40960 MiB, 100 %, 244.00 W, 47, 1395 MHz
2026/10/06 15:42:36.351, 3, 00000000:82:00.0, 5436 MiB, 40960 MiB, 100 %, 249.73 W, 49, 1395 MHz
2026/10/06 15:42:37.356, 0, 00000000:01:00.0, 5480 MiB, 40960 MiB, 100 %, 250.46 W, 41, 1410 MHz
2026/10/06 15:42:37.364, 1, 00000000:02:00.0, 5436 MiB, 40960 MiB, 0 %, 60.24 W, 33, 1410 MHz
2026/10/06 15:42:37.369, 2, 00000000:81:00.0, 5436 MiB, 40960 MiB, 100 %, 248.10 W, 47, 1395 MHz
2026/10/06 15:42:37.376, 3, 00000000:82:00.0, 5436 MiB, 40960 MiB, 100 %, 255.45 W, 48, 1395 MHz
2026/10/06 15:42:38.381, 0, 00000000:01:00.0, 5480 MiB, 40960 MiB, 0 %, 68.54 W, 34, 1410 MHz
2026/10/06 15:42:38.414, 1, 00000000:02:00.0, 5436 MiB, 40960 MiB, 0 %, 59.92 W, 33, 1410 MHz
2026/10/06 15:42:38.509, 2, 00000000:81:00.0, 5436 MiB, 40960 MiB, 100 %, 245.96 W, 47, 1395 MHz
2026/10/06 15:42:38.524, 3, 00000000:82:00.0, 5436 MiB, 40960 MiB, 100 %, 235.56 W, 49, 1395 MHz
2026/10/06 15:42:39.536, 0, 00000000:01:00.0, 5469 MiB, 40960 MiB, 0 %, 69.74 W, 33, 1410 MHz
2026/10/06 15:42:39.541, 1, 00000000:02:00.0, 6 MiB, 40960 MiB, 0 %, 61.94 W, 32, 1410 MHz
2026/10/06 15:42:39.545, 2, 00000000:81:00.0, 5436 MiB, 40960 MiB, 0 %, 69.60 W, 39, 1410 MHz
2026/10/06 15:42:39.550, 3, 00000000:82:00.0, 5436 MiB, 40960 MiB, 0 %, 66.35 W, 39, 1410 MHz
2026/10/06 15:42:40.557, 0, 00000000:01:00.0, 4475 MiB, 40960 MiB, 0 %, 71.11 W, 32, 1410 MHz
2026/10/06 15:42:40.581, 1, 00000000:02:00.0, 6 MiB, 40960 MiB, 0 %, 61.96 W, 32, 1410 MHz
2026/10/06 15:42:40.592, 2, 00000000:81:00.0, 5436 MiB, 40960 MiB, 0 %, 68.22 W, 37, 1410 MHz
2026/10/06 15:42:40.624, 3, 00000000:82:00.0, 5436 MiB, 40960 MiB, 0 %, 65.30 W, 37, 1410 MHz
2026/10/06 15:42:41.642, 0, 00000000:01:00.0, 28 MiB, 40960 MiB, 0 %, 69.42 W, 32, 1410 MHz
2026/10/06 15:42:41.671, 1, 00000000:02:00.0, 6 MiB, 40960 MiB, 0 %, 32.63 W, 31, 210 MHz
2026/10/06 15:42:41.691, 2, 00000000:81:00.0, 2951 MiB, 40960 MiB, 22 %, 70.01 W, 36, 1410 MHz
2026/10/06 15:42:41.704, 3, 00000000:82:00.0, 5436 MiB, 40960 MiB, 0 %, 64.74 W, 36, 1410 MHz
2026/10/06 15:42:42.713, 0, 00000000:01:00.0, 4 MiB, 40960 MiB, 0 %, 69.13 W, 32, 300 MHz
2026/10/06 15:42:42.721, 1, 00000000:02:00.0, 4 MiB, 40960 MiB, 0 %, 32.52 W, 30, 210 MHz
2026/10/06 15:42:42.728, 2, 00000000:81:00.0, 4 MiB, 40960 MiB, 0 %, 67.38 W, 35, 1410 MHz
2026/10/06 15:42:42.733, 3, 00000000:82:00.0, 4 MiB, 40960 MiB, 0 %, 64.43 W, 35, 1410 MHz
2026/10/06 15:42:43.737, 0, 00000000:01:00.0, 4 MiB, 40960 MiB, 0 %, 37.65 W, 30, 210 MHz
2026/10/06 15:42:43.745, 1, 00000000:02:00.0, 4 MiB, 40960 MiB, 0 %, 32.57 W, 30, 210 MHz
2026/10/06 15:42:43.752, 2, 00000000:81:00.0, 4 MiB, 40960 MiB, 0 %, 37.53 W, 34, 315 MHz
2026/10/06 15:42:43.761, 3, 00000000:82:00.0, 4 MiB, 40960 MiB, 0 %, 64.36 W, 34, 1410 MHz
2026/10/06 15:42:44.766, 0, 00000000:01:00.0, 4 MiB, 40960 MiB, 0 %, 37.49 W, 30, 210 MHz
2026/10/06 15:42:44.776, 1, 00000000:02:00.0, 4 MiB, 40960 MiB, 0 %, 32.50 W, 30, 210 MHz
2026/10/06 15:42:44.788, 2, 00000000:81:00.0, 4 MiB, 40960 MiB, 0 %, 36.75 W, 33, 210 MHz
2026/10/06 15:42:44.799, 3, 00000000:82:00.0, 4 MiB, 40960 MiB, 0 %, 35.53 W, 33, 255 MHz
2026/10/06 15:42:45.810, 0, 00000000:01:00.0, 4 MiB, 40960 MiB, 0 %, 37.39 W, 30, 210 MHz
2026/10/06 15:42:45.819, 1, 00000000:02:00.0, 4 MiB, 40960 MiB, 0 %, 32.59 W, 30, 210 MHz
2026/10/06 15:42:45.826, 2, 00000000:81:00.0, 4 MiB, 40960 MiB, 0 %, 36.67 W, 33, 210 MHz
2026/10/06 15:42:45.834, 3, 00000000:82:00.0, 4 MiB, 40960 MiB, 0 %, 35.14 W, 32, 210 MHz
2026/10/06 15:42:46.841, 0, 00000000:01:00.0, 4 MiB, 40960 MiB, 0 %, 37.39 W, 30, 210 MHz
2026/10/06 15:42:46.849, 1, 00000000:02:00.0, 4 MiB, 40960 MiB, 0 %, 32.51 W, 30, 210 MHz
2026/10/06 15:42:46.859, 2, 00000000:81:00.0, 4 MiB, 40960 MiB, 0 %, 36.57 W, 32, 210 MHz
2026/10/06 15:42:46.870, 3, 00000000:82:00.0, 4 MiB, 40960 MiB, 0 %, 35.05 W, 32, 210 MHz
2026/10/06 15:42:47.882, 0, 00000000:01:00.0, 2881 MiB, 40960 MiB, 2 %, 42.94 W, 30, 945 MHz
2026/10/06 15:42:47.888, 1, 00000000:02:00.0, 5 MiB, 40960 MiB, 0 %, 32.59 W, 30, 765 MHz
2026/10/06 15:42:47.902, 2, 00000000:81:00.0, 4 MiB, 40960 MiB, 0 %, 36.47 W, 32, 210 MHz
2026/10/06 15:42:47.910, 3, 00000000:82:00.0, 4 MiB, 40960 MiB, 0 %, 35.04 W, 31, 210 MHz
2026/10/06 15:42:48.917, 0, 00000000:01:00.0, 2881 MiB, 40960 MiB, 0 %, 42.94 W, 30, 945 MHz
2026/10/06 15:42:48.922, 1, 00000000:02:00.0, 2868 MiB, 40960 MiB, 0 %, 36.99 W, 30, 855 MHz
2026/10/06 15:42:48.928, 2, 00000000:81:00.0, 4 MiB, 40960 MiB, 0 %, 36.37 W, 32, 210 MHz
2026/10/06 15:42:48.936, 3, 00000000:82:00.0, 4 MiB, 40960 MiB, 0 %, 34.85 W, 31, 210 MHz
2026/10/06 15:42:49.943, 0, 00000000:01:00.0, 2881 MiB, 40960 MiB, 0 %, 41.18 W, 30, 765 MHz
2026/10/06 15:42:49.949, 1, 00000000:02:00.0, 2868 MiB, 40960 MiB, 0 %, 36.58 W, 30, 765 MHz
2026/10/06 15:42:49.956, 2, 00000000:81:00.0, 4 MiB, 40960 MiB, 0 %, 36.37 W, 32, 210 MHz
2026/10/06 15:42:49.963, 3, 00000000:82:00.0, 4 MiB, 40960 MiB, 0 %, 35.05 W, 31, 210 MHz
2026/10/06 15:42:50.970, 0, 00000000:01:00.0, 2881 MiB, 40960 MiB, 0 %, 41.28 W, 30, 765 MHz
2026/10/06 15:42:50.976, 1, 00000000:02:00.0, 2868 MiB, 40960 MiB, 0 %, 36.10 W, 30, 765 MHz
2026/10/06 15:42:50.983, 2, 00000000:81:00.0, 4 MiB, 40960 MiB, 0 %, 36.26 W, 32, 210 MHz
2026/10/06 15:42:50.990, 3, 00000000:82:00.0, 4 MiB, 40960 MiB, 0 %, 34.85 W, 31, 210 MHz
2026/10/06 15:42:51.997, 0, 00000000:01:00.0, 2881 MiB, 40960 MiB, 0 %, 37.29 W, 30, 210 MHz
2026/10/06 15:42:52.004, 1, 00000000:02:00.0, 2868 MiB, 40960 MiB, 0 %, 32.50 W, 30, 210 MHz
2026/10/06 15:42:52.011, 2, 00000000:81:00.0, 4 MiB, 40960 MiB, 0 %, 36.38 W, 31, 210 MHz
2026/10/06 15:42:52.019, 3, 00000000:82:00.0, 4 MiB, 40960 MiB, 0 %, 34.85 W, 31, 210 MHz
2026/10/06 15:42:53.026, 0, 00000000:01:00.0, 2881 MiB, 40960 MiB, 0 %, 37.29 W, 30, 210 MHz
2026/10/06 15:42:53.034, 1, 00000000:02:00.0, 2868 MiB, 40960 MiB, 0 %, 32.60 W, 30, 210 MHz
2026/10/06 15:42:53.041, 2, 00000000:81:00.0, 4 MiB, 40960 MiB, 0 %, 36.28 W, 31, 210 MHz
2026/10/06 15:42:53.052, 3, 00000000:82:00.0, 4 MiB, 40960 MiB, 0 %, 34.55 W, 31, 210 MHz
2026/10/06 15:42:54.059, 0, 00000000:01:00.0, 2881 MiB, 40960 MiB, 0 %, 37.39 W, 30, 210 MHz
2026/10/06 15:42:54.067, 1, 00000000:02:00.0, 2868 MiB, 40960 MiB, 0 %, 32.60 W, 30, 210 MHz
2026/10/06 15:42:54.074, 2, 00000000:81:00.0, 4 MiB, 40960 MiB, 0 %, 36.29 W, 31, 210 MHz
2026/10/06 15:42:54.081, 3, 00000000:82:00.0, 4 MiB, 40960 MiB, 0 %, 34.85 W, 31, 210 MHz
2026/10/06 15:42:55.088, 0, 00000000:01:00.0, 2874 MiB, 40960 MiB, 0 %, 38.85 W, 30, 210 MHz
2026/10/06 15:42:55.097, 1, 00000000:02:00.0, 2868 MiB, 40960 MiB, 0 %, 32.50 W, 30, 210 MHz
2026/10/06 15:42:55.108, 2, 00000000:81:00.0, 4 MiB, 40960 MiB, 0 %, 36.17 W, 31, 210 MHz
2026/10/06 15:42:55.116, 3, 00000000:82:00.0, 4 MiB, 40960 MiB, 0 %, 34.76 W, 31, 210 MHz
2026/10/06 15:42:56.125, 0, 00000000:01:00.0, 2874 MiB, 40960 MiB, 0 %, 37.29 W, 30, 210 MHz
2026/10/06 15:42:56.136, 1, 00000000:02:00.0, 2868 MiB, 40960 MiB, 0 %, 32.60 W, 30, 210 MHz
2026/10/06 15:42:56.145, 2, 00000000:81:00.0, 4 MiB, 40960 MiB, 0 %, 36.18 W, 31, 210 MHz
2026/10/06 15:42:56.157, 3, 00000000:82:00.0, 4 MiB, 40960 MiB, 0 %, 34.76 W, 31, 210 MHz
2026/10/06 15:42:57.164, 0, 00000000:01:00.0, 2874 MiB, 40960 MiB, 0 %, 37.39 W, 30, 210 MHz
2026/10/06 15:42:57.172, 1, 00000000:02:00.0, 2868 MiB, 40960 MiB, 0 %, 32.59 W, 30, 210 MHz
2026/10/06 15:42:57.179, 2, 00000000:81:00.0, 4 MiB, 40960 MiB, 0 %, 36.17 W, 31, 210 MHz
2026/10/06 15:42:57.186, 3, 00000000:82:00.0, 4 MiB, 40960 MiB, 0 %, 34.75 W, 31, 210 MHz
2026/10/06 15:42:58.194, 0, 00000000:01:00.0, 2874 MiB, 40960 MiB, 0 %, 37.39 W, 30, 210 MHz
2026/10/06 15:42:58.206, 1, 00000000:02:00.0, 2868 MiB, 40960 MiB, 0 %, 32.60 W, 30, 210 MHz
2026/10/06 15:42:58.217, 2, 00000000:81:00.0, 4 MiB, 40960 MiB, 0 %, 36.28 W, 31, 210 MHz
2026/10/06 15:42:58.230, 3, 00000000:82:00.0, 4 MiB, 40960 MiB, 0 %, 34.76 W, 31, 210 MHz
2026/10/06 15:42:59.242, 0, 00000000:01:00.0, 2874 MiB, 40960 MiB, 0 %, 37.29 W, 30, 210 MHz
2026/10/06 15:42:59.251, 1, 00000000:02:00.0, 2868 MiB, 40960 MiB, 0 %, 32.50 W, 30, 210 MHz
2026/10/06 15:42:59.258, 2, 00000000:81:00.0, 4 MiB, 40960 MiB, 0 %, 36.17 W, 31, 210 MHz
2026/10/06 15:42:59.265, 3, 00000000:82:00.0, 4 MiB, 40960 MiB, 0 %, 34.76 W, 31, 210 MHz
2026/10/06 15:43:00.274, 0, 00000000:01:00.0, 2874 MiB, 40960 MiB, 0 %, 37.29 W, 30, 210 MHz
2026/10/06 15:43:00.284, 1, 00000000:02:00.0, 2868 MiB, 40960 MiB, 0 %, 32.60 W, 30, 210 MHz
2026/10/06 15:43:00.295, 2, 00000000:81:00.0, 4 MiB, 40960 MiB, 0 %, 36.17 W, 31, 210 MHz
2026/10/06 15:43:00.305, 3, 00000000:82:00.0, 4 MiB, 40960 MiB, 0 %, 35.05 W, 31, 210 MHz
2026/10/06 15:43:01.318, 0, 00000000:01:00.0, 2874 MiB, 40960 MiB, 0 %, 37.39 W, 30, 210 MHz
2026/10/06 15:43:01.325, 1, 00000000:02:00.0, 2868 MiB, 40960 MiB, 0 %, 32.59 W, 30, 210 MHz
2026/10/06 15:43:01.333, 2, 00000000:81:00.0, 4 MiB, 40960 MiB, 0 %, 36.27 W, 31, 210 MHz
2026/10/06 15:43:01.340, 3, 00000000:82:00.0, 4 MiB, 40960 MiB, 0 %, 34.76 W, 31, 210 MHz
2026/10/06 15:43:02.347, 0, 00000000:01:00.0, 2874 MiB, 40960 MiB, 22 %, 41.04 W, 30, 375 MHz
2026/10/06 15:43:02.360, 1, 00000000:02:00.0, 2861 MiB, 40960 MiB, 70 %, 66.16 W, 30, 375 MHz
2026/10/06 15:43:02.375, 2, 00000000:81:00.0, 4 MiB, 40960 MiB, 0 %, 36.16 W, 31, 210 MHz
2026/10/06 15:43:02.386, 3, 00000000:82:00.0, 4 MiB, 40960 MiB, 0 %, 35.02 W, 31, 210 MHz
2026/10/06 15:43:03.397, 0, 00000000:01:00.0, 2874 MiB, 40960 MiB, 100 %, 249.19 W, 38, 1410 MHz
2026/10/06 15:43:03.404, 1, 00000000:02:00.0, 2861 MiB, 40960 MiB, 99 %, 236.88 W, 40, 1410 MHz
2026/10/06 15:43:03.413, 2, 00000000:81:00.0, 4 MiB, 40960 MiB, 0 %, 36.12 W, 31, 210 MHz
2026/10/06 15:43:03.420, 3, 00000000:82:00.0, 4 MiB, 40960 MiB, 0 %, 34.80 W, 31, 210 MHz
2026/10/06 15:43:04.429, 0, 00000000:01:00.0, 2874 MiB, 40960 MiB, 100 %, 240.28 W, 39, 1410 MHz
2026/10/06 15:43:04.439, 1, 00000000:02:00.0, 2861 MiB, 40960 MiB, 99 %, 239.15 W, 42, 1410 MHz
2026/10/06 15:43:04.448, 2, 00000000:81:00.0, 4 MiB, 40960 MiB, 0 %, 36.13 W, 31, 210 MHz
2026/10/06 15:43:04.460, 3, 00000000:82:00.0, 4 MiB, 40960 MiB, 0 %, 34.80 W, 31, 210 MHz
2026/10/06 15:43:05.468, 0, 00000000:01:00.0, 2874 MiB, 40960 MiB, 100 %, 243.46 W, 40, 1410 MHz
2026/10/06 15:43:05.475, 1, 00000000:02:00.0, 2861 MiB, 40960 MiB, 99 %, 239.91 W, 43, 1410 MHz
2026/10/06 15:43:05.481, 2, 00000000:81:00.0, 4 MiB, 40960 MiB, 0 %, 36.13 W, 31, 210 MHz
2026/10/06 15:43:05.489, 3, 00000000:82:00.0, 4 MiB, 40960 MiB, 0 %, 35.29 W, 31, 210 MHz
2026/10/06 15:43:06.496, 0, 00000000:01:00.0, 2874 MiB, 40960 MiB, 100 %, 243.85 W, 40, 1410 MHz
2026/10/06 15:43:06.503, 1, 00000000:02:00.0, 2861 MiB, 40960 MiB, 99 %, 240.52 W, 43, 1410 MHz
2026/10/06 15:43:06.512, 2, 00000000:81:00.0, 4 MiB, 40960 MiB, 0 %, 36.31 W, 32, 210 MHz
2026/10/06 15:43:06.519, 3, 00000000:82:00.0, 4 MiB, 40960 MiB, 0 %, 35.28 W, 32, 210 MHz
2026/10/06 15:43:07.526, 0, 00000000:01:00.0, 2874 MiB, 40960 MiB, 100 %, 244.15 W, 40, 1410 MHz
2026/10/06 15:43:07.534, 1, 00000000:02:00.0, 2861 MiB, 40960 MiB, 99 %, 240.69 W, 43, 1410 MHz
2026/10/06 15:43:07.542, 2, 00000000:81:00.0, 4 MiB, 40960 MiB, 0 %, 36.40 W, 32, 210 MHz
2026/10/06 15:43:07.551, 3, 00000000:82:00.0, 4 MiB, 40960 MiB, 0 %, 34.99 W, 32, 210 MHz
2026/10/06 15:43:08.560, 0, 00000000:01:00.0, 2874 MiB, 40960 MiB, 100 %, 238.38 W, 40, 1410 MHz
2026/10/06 15:43:08.566, 1, 00000000:02:00.0, 2861 MiB, 40960 MiB, 99 %, 236.10 W, 43, 1410 MHz
2026/10/06 15:43:08.572, 2, 00000000:81:00.0, 4 MiB, 40960 MiB, 0 %, 36.60 W, 32, 210 MHz
2026/10/06 15:43:08.579, 3, 00000000:82:00.0, 4 MiB, 40960 MiB, 0 %, 35.09 W, 32, 210 MHz
2026/10/06 15:43:09.586, 0, 00000000:01:00.0, 2874 MiB, 40960 MiB, 100 %, 236.62 W, 41, 1410 MHz
2026/10/06 15:43:09.594, 1, 00000000:02:00.0, 2861 MiB, 40960 MiB, 99 %, 234.06 W, 44, 1410 MHz
2026/10/06 15:43:09.599, 2, 00000000:81:00.0, 4 MiB, 40960 MiB, 0 %, 36.69 W, 33, 210 MHz
2026/10/06 15:43:09.606, 3, 00000000:82:00.0, 4 MiB, 40960 MiB, 0 %, 35.47 W, 32, 210 MHz
2026/10/06 15:43:10.613, 0, 00000000:01:00.0, 2874 MiB, 40960 MiB, 100 %, 234.29 W, 41, 1410 MHz
2026/10/06 15:43:10.619, 1, 00000000:02:00.0, 2861 MiB, 40960 MiB, 99 %, 231.87 W, 44, 1410 MHz
2026/10/06 15:43:10.625, 2, 00000000:81:00.0, 4 MiB, 40960 MiB, 0 %, 36.79 W, 33, 210 MHz
2026/10/06 15:43:10.632, 3, 00000000:82:00.0, 4 MiB, 40960 MiB, 0 %, 35.56 W, 33, 210 MHz
2026/10/06 15:43:11.639, 0, 00000000:01:00.0, 2874 MiB, 40960 MiB, 100 %, 231.54 W, 41, 1410 MHz
2026/10/06 15:43:11.644, 1, 00000000:02:00.0, 2861 MiB, 40960 MiB, 99 %, 230.32 W, 44, 1410 MHz
2026/10/06 15:43:11.650, 2, 00000000:81:00.0, 4 MiB, 40960 MiB, 0 %, 36.79 W, 33, 210 MHz
2026/10/06 15:43:11.657, 3, 00000000:82:00.0, 4 MiB, 40960 MiB, 0 %, 35.56 W, 33, 210 MHz
2026/10/06 15:43:12.665, 0, 00000000:01:00.0, 2874 MiB, 40960 MiB, 100 %, 230.57 W, 41, 1410 MHz
2026/10/06 15:43:12.673, 1, 00000000:02:00.0, 2861 MiB, 40960 MiB, 99 %, 231.58 W, 44, 1410 MHz
2026/10/06 15:43:12.681, 2, 00000000:81:00.0, 4 MiB, 40960 MiB, 0 %, 36.99 W, 33, 210 MHz
2026/10/06 15:43:12.690, 3, 00000000:82:00.0, 4 MiB, 40960 MiB, 0 %, 35.65 W, 33, 210 MHz
2026/10/06 15:43:13.699, 0, 00000000:01:00.0, 2874 MiB, 40960 MiB, 100 %, 247.49 W, 41, 1410 MHz
2026/10/06 15:43:13.707, 1, 00000000:02:00.0, 2861 MiB, 40960 MiB, 99 %, 244.16 W, 44, 1410 MHz
2026/10/06 15:43:13.712, 2, 00000000:81:00.0, 4 MiB, 40960 MiB, 0 %, 36.91 W, 34, 210 MHz
2026/10/06 15:43:13.719, 3, 00000000:82:00.0, 4 MiB, 40960 MiB, 0 %, 35.67 W, 33, 210 MHz
2026/10/06 15:43:14.727, 0, 00000000:01:00.0, 2874 MiB, 40960 MiB, 100 %, 247.40 W, 41, 1410 MHz
2026/10/06 15:43:14.733, 1, 00000000:02:00.0, 2861 MiB, 40960 MiB, 99 %, 245.00 W, 44, 1410 MHz
2026/10/06 15:43:14.739, 2, 00000000:81:00.0, 4 MiB, 40960 MiB, 0 %, 36.99 W, 34, 210 MHz
2026/10/06 15:43:14.746, 3, 00000000:82:00.0, 4 MiB, 40960 MiB, 0 %, 35.57 W, 33, 210 MHz
2026/10/06 15:43:15.753, 0, 00000000:01:00.0, 2874 MiB, 40960 MiB, 100 %, 246.93 W, 41, 1410 MHz
2026/10/06 15:43:15.763, 1, 00000000:02:00.0, 2861 MiB, 40960 MiB, 99 %, 244.06 W, 44, 1410 MHz
2026/10/06 15:43:15.774, 2, 00000000:81:00.0, 4 MiB, 40960 MiB, 0 %, 36.99 W, 34, 210 MHz
2026/10/06 15:43:15.786, 3, 00000000:82:00.0, 4 MiB, 40960 MiB, 0 %, 35.67 W, 33, 210 MHz
2026/10/06 15:43:16.797, 0, 00000000:01:00.0, 2874 MiB, 40960 MiB, 100 %, 246.93 W, 41, 1410 MHz
2026/10/06 15:43:16.803, 1, 00000000:02:00.0, 2861 MiB, 40960 MiB, 99 %, 244.64 W, 44, 1410 MHz
2026/10/06 15:43:16.809, 2, 00000000:81:00.0, 4 MiB, 40960 MiB, 0 %, 37.06 W, 34, 210 MHz
2026/10/06 15:43:16.816, 3, 00000000:82:00.0, 4 MiB, 40960 MiB, 0 %, 35.38 W, 33, 210 MHz
2026/10/06 15:43:17.824, 0, 00000000:01:00.0, 2874 MiB, 40960 MiB, 100 %, 242.69 W, 41, 1410 MHz
2026/10/06 15:43:17.830, 1, 00000000:02:00.0, 2861 MiB, 40960 MiB, 99 %, 226.88 W, 44, 1410 MHz
2026/10/06 15:43:17.835, 2, 00000000:81:00.0, 4 MiB, 40960 MiB, 0 %, 37.06 W, 34, 210 MHz
2026/10/06 15:43:17.843, 3, 00000000:82:00.0, 4 MiB, 40960 MiB, 0 %, 35.65 W, 33, 210 MHz
2026/10/06 15:43:18.850, 0, 00000000:01:00.0, 2874 MiB, 40960 MiB, 100 %, 242.51 W, 41, 1410 MHz
2026/10/06 15:43:18.856, 1, 00000000:02:00.0, 2861 MiB, 40960 MiB, 99 %, 224.46 W, 44, 1410 MHz
2026/10/06 15:43:18.862, 2, 00000000:81:00.0, 4 MiB, 40960 MiB, 0 %, 37.07 W, 34, 210 MHz
2026/10/06 15:43:18.869, 3, 00000000:82:00.0, 4 MiB, 40960 MiB, 0 %, 35.65 W, 33, 210 MHz
2026/10/06 15:43:19.876, 0, 00000000:01:00.0, 2874 MiB, 40960 MiB, 100 %, 242.70 W, 41, 1410 MHz
2026/10/06 15:43:19.883, 1, 00000000:02:00.0, 2861 MiB, 40960 MiB, 99 %, 222.44 W, 44, 1410 MHz
2026/10/06 15:43:19.888, 2, 00000000:81:00.0, 4 MiB, 40960 MiB, 0 %, 37.06 W, 34, 210 MHz
2026/10/06 15:43:19.897, 3, 00000000:82:00.0, 4 MiB, 40960 MiB, 0 %, 35.65 W, 33, 210 MHz
2026/10/06 15:43:20.904, 0, 00000000:01:00.0, 2874 MiB, 40960 MiB, 100 %, 243.66 W, 41, 1410 MHz
2026/10/06 15:43:20.914, 1, 00000000:02:00.0, 2861 MiB, 40960 MiB, 99 %, 226.64 W, 44, 1410 MHz
2026/10/06 15:43:20.924, 2, 00000000:81:00.0, 4 MiB, 40960 MiB, 0 %, 37.09 W, 34, 210 MHz
2026/10/06 15:43:20.935, 3, 00000000:82:00.0, 4 MiB, 40960 MiB, 0 %, 35.74 W, 33, 210 MHz
2026/10/06 15:43:21.944, 0, 00000000:01:00.0, 2874 MiB, 40960 MiB, 100 %, 243.19 W, 41, 1410 MHz
2026/10/06 15:43:21.949, 1, 00000000:02:00.0, 2861 MiB, 40960 MiB, 99 %, 246.07 W, 44, 1410 MHz
2026/10/06 15:43:21.958, 2, 00000000:81:00.0, 4 MiB, 40960 MiB, 0 %, 37.09 W, 34, 210 MHz
2026/10/06 15:43:21.966, 3, 00000000:82:00.0, 4 MiB, 40960 MiB, 0 %, 35.74 W, 33, 210 MHz
2026/10/06 15:43:22.973, 0, 00000000:01:00.0, 2874 MiB, 40960 MiB, 100 %, 241.26 W, 41, 1410 MHz
2026/10/06 15:43:22.979, 1, 00000000:02:00.0, 2861 MiB, 40960 MiB, 99 %, 244.06 W, 44, 1410 MHz
2026/10/06 15:43:22.986, 2, 00000000:81:00.0, 4 MiB, 40960 MiB, 0 %, 37.07 W, 34, 210 MHz
2026/10/06 15:43:22.993, 3, 00000000:82:00.0, 4 MiB, 40960 MiB, 0 %, 35.78 W, 33, 210 MHz
2026/10/06 15:43:24.000, 0, 00000000:01:00.0, 2874 MiB, 40960 MiB, 100 %, 240.67 W, 41, 1410 MHz
2026/10/06 15:43:24.008, 1, 00000000:02:00.0, 2861 MiB, 40960 MiB, 99 %, 245.02 W, 45, 1410 MHz
2026/10/06 15:43:24.017, 2, 00000000:81:00.0, 4 MiB, 40960 MiB, 0 %, 37.18 W, 34, 210 MHz
2026/10/06 15:43:24.027, 3, 00000000:82:00.0, 4 MiB, 40960 MiB, 0 %, 35.67 W, 33, 210 MHz
2026/10/06 15:43:25.036, 0, 00000000:01:00.0, 2874 MiB, 40960 MiB, 100 %, 239.89 W, 41, 1410 MHz
2026/10/06 15:43:25.042, 1, 00000000:02:00.0, 2861 MiB, 40960 MiB, 99 %, 245.01 W, 45, 1410 MHz
2026/10/06 15:43:25.047, 2, 00000000:81:00.0, 4 MiB, 40960 MiB, 0 %, 37.09 W, 34, 210 MHz
2026/10/06 15:43:25.055, 3, 00000000:82:00.0, 4 MiB, 40960 MiB, 0 %, 35.48 W, 33, 210 MHz
2026/10/06 15:43:26.062, 0, 00000000:01:00.0, 2874 MiB, 40960 MiB, 100 %, 246.74 W, 41, 1410 MHz
2026/10/06 15:43:26.069, 1, 00000000:02:00.0, 2861 MiB, 40960 MiB, 99 %, 243.68 W, 44, 1410 MHz
2026/10/06 15:43:26.075, 2, 00000000:81:00.0, 4 MiB, 40960 MiB, 0 %, 37.27 W, 34, 210 MHz
2026/10/06 15:43:26.082, 3, 00000000:82:00.0, 4 MiB, 40960 MiB, 0 %, 35.75 W, 33, 210 MHz
2026/10/06 15:43:27.089, 0, 00000000:01:00.0, 2874 MiB, 40960 MiB, 100 %, 247.32 W, 41, 1410 MHz
2026/10/06 15:43:27.095, 1, 00000000:02:00.0, 2861 MiB, 40960 MiB, 99 %, 240.33 W, 45, 1410 MHz
2026/10/06 15:43:27.101, 2, 00000000:81:00.0, 4 MiB, 40960 MiB, 0 %, 37.16 W, 34, 210 MHz
2026/10/06 15:43:27.109, 3, 00000000:82:00.0, 4 MiB, 40960 MiB, 0 %, 35.76 W, 33, 210 MHz
2026/10/06 15:43:28.116, 0, 00000000:01:00.0, 2874 MiB, 40960 MiB, 100 %, 247.41 W, 41, 1410 MHz
2026/10/06 15:43:28.122, 1, 00000000:02:00.0, 2861 MiB, 40960 MiB, 99 %, 241.85 W, 45, 1410 MHz
2026/10/06 15:43:28.128, 2, 00000000:81:00.0, 4 MiB, 40960 MiB, 0 %, 37.27 W, 34, 210 MHz
2026/10/06 15:43:28.136, 3, 00000000:82:00.0, 4 MiB, 40960 MiB, 0 %, 35.74 W, 33, 210 MHz
2026/10/06 15:43:29.143, 0, 00000000:01:00.0, 2874 MiB, 40960 MiB, 100 %, 249.13 W, 41, 1410 MHz
2026/10/06 15:43:29.151, 1, 00000000:02:00.0, 2861 MiB, 40960 MiB, 99 %, 243.11 W, 45, 1410 MHz
2026/10/06 15:43:29.160, 2, 00000000:81:00.0, 4 MiB, 40960 MiB, 0 %, 37.16 W, 34, 210 MHz
2026/10/06 15:43:29.170, 3, 00000000:82:00.0, 4 MiB, 40960 MiB, 0 %, 35.65 W, 33, 210 MHz
2026/10/06 15:43:30.182, 0, 00000000:01:00.0, 2874 MiB, 40960 MiB, 100 %, 248.54 W, 41, 1410 MHz
2026/10/06 15:43:30.191, 1, 00000000:02:00.0, 2861 MiB, 40960 MiB, 99 %, 243.86 W, 45, 1410 MHz
2026/10/06 15:43:30.197, 2, 00000000:81:00.0, 4 MiB, 40960 MiB, 0 %, 37.28 W, 34, 210 MHz
2026/10/06 15:43:30.205, 3, 00000000:82:00.0, 4 MiB, 40960 MiB, 0 %, 35.85 W, 34, 210 MHz
2026/10/06 15:43:31.212, 0, 00000000:01:00.0, 2874 MiB, 40960 MiB, 100 %, 241.27 W, 41, 1410 MHz
2026/10/06 15:43:31.218, 1, 00000000:02:00.0, 2861 MiB, 40960 MiB, 99 %, 232.82 W, 45, 1410 MHz
2026/10/06 15:43:31.223, 2, 00000000:81:00.0, 4 MiB, 40960 MiB, 0 %, 37.28 W, 34, 210 MHz
2026/10/06 15:43:31.230, 3, 00000000:82:00.0, 4 MiB, 40960 MiB, 0 %, 35.65 W, 33, 210 MHz
2026/10/06 15:43:32.238, 0, 00000000:01:00.0, 2874 MiB, 40960 MiB, 100 %, 243.19 W, 41, 1410 MHz
2026/10/06 15:43:32.245, 1, 00000000:02:00.0, 2861 MiB, 40960 MiB, 99 %, 228.80 W, 45, 1410 MHz
2026/10/06 15:43:32.251, 2, 00000000:81:00.0, 4 MiB, 40960 MiB, 0 %, 37.28 W, 34, 210 MHz
2026/10/06 15:43:32.258, 3, 00000000:82:00.0, 4 MiB, 40960 MiB, 0 %, 35.76 W, 34, 210 MHz
2026/10/06 15:43:33.265, 0, 00000000:01:00.0, 2874 MiB, 40960 MiB, 100 %, 242.89 W, 41, 1410 MHz
2026/10/06 15:43:33.271, 1, 00000000:02:00.0, 2861 MiB, 40960 MiB, 99 %, 224.27 W, 45, 1410 MHz
2026/10/06 15:43:33.277, 2, 00000000:81:00.0, 4 MiB, 40960 MiB, 0 %, 37.27 W, 34, 210 MHz
2026/10/06 15:43:33.284, 3, 00000000:82:00.0, 4 MiB, 40960 MiB, 0 %, 35.56 W, 34, 210 MHz
2026/10/06 15:43:34.291, 0, 00000000:01:00.0, 2874 MiB, 40960 MiB, 100 %, 243.66 W, 41, 1410 MHz
2026/10/06 15:43:34.301, 1, 00000000:02:00.0, 2861 MiB, 40960 MiB, 99 %, 226.57 W, 45, 1410 MHz
2026/10/06 15:43:34.311, 2, 00000000:81:00.0, 4 MiB, 40960 MiB, 0 %, 37.28 W, 34, 210 MHz
2026/10/06 15:43:34.321, 3, 00000000:82:00.0, 4 MiB, 40960 MiB, 0 %, 35.66 W, 34, 210 MHz
2026/10/06 15:43:35.333, 0, 00000000:01:00.0, 2874 MiB, 40960 MiB, 100 %, 245.01 W, 41, 1410 MHz
2026/10/06 15:43:35.342, 1, 00000000:02:00.0, 2861 MiB, 40960 MiB, 99 %, 244.35 W, 45, 1410 MHz
2026/10/06 15:43:35.347, 2, 00000000:81:00.0, 4 MiB, 40960 MiB, 0 %, 37.16 W, 34, 210 MHz
2026/10/06 15:43:35.354, 3, 00000000:82:00.0, 4 MiB, 40960 MiB, 0 %, 35.85 W, 34, 210 MHz
2026/10/06 15:43:36.361, 0, 00000000:01:00.0, 2874 MiB, 40960 MiB, 100 %, 244.35 W, 41, 1410 MHz
2026/10/06 15:43:36.369, 1, 00000000:02:00.0, 2861 MiB, 40960 MiB, 99 %, 243.43 W, 45, 1410 MHz
2026/10/06 15:43:36.374, 2, 00000000:81:00.0, 4 MiB, 40960 MiB, 0 %, 37.15 W, 34, 210 MHz
2026/10/06 15:43:36.381, 3, 00000000:82:00.0, 4 MiB, 40960 MiB, 0 %, 35.84 W, 34, 210 MHz
2026/10/06 15:43:37.390, 0, 00000000:01:00.0, 2874 MiB, 40960 MiB, 100 %, 244.92 W, 41, 1410 MHz
2026/10/06 15:43:37.396, 1, 00000000:02:00.0, 2861 MiB, 40960 MiB, 99 %, 243.20 W, 45, 1410 MHz
2026/10/06 15:43:37.402, 2, 00000000:81:00.0, 4 MiB, 40960 MiB, 0 %, 37.16 W, 34, 210 MHz
2026/10/06 15:43:37.409, 3, 00000000:82:00.0, 4 MiB, 40960 MiB, 0 %, 35.74 W, 34, 210 MHz
2026/10/06 15:43:38.419, 0, 00000000:01:00.0, 2874 MiB, 40960 MiB, 100 %, 242.80 W, 41, 1410 MHz
2026/10/06 15:43:38.425, 1, 00000000:02:00.0, 2861 MiB, 40960 MiB, 99 %, 243.76 W, 45, 1410 MHz
2026/10/06 15:43:38.431, 2, 00000000:81:00.0, 4 MiB, 40960 MiB, 0 %, 37.27 W, 34, 210 MHz
2026/10/06 15:43:38.438, 3, 00000000:82:00.0, 4 MiB, 40960 MiB, 0 %, 35.85 W, 34, 210 MHz
2026/10/06 15:43:39.447, 0, 00000000:01:00.0, 2874 MiB, 40960 MiB, 100 %, 246.26 W, 41, 1410 MHz
2026/10/06 15:43:39.457, 1, 00000000:02:00.0, 2861 MiB, 40960 MiB, 99 %, 241.66 W, 45, 1410 MHz
2026/10/06 15:43:39.466, 2, 00000000:81:00.0, 4 MiB, 40960 MiB, 0 %, 37.38 W, 34, 210 MHz
2026/10/06 15:43:39.474, 3, 00000000:82:00.0, 4 MiB, 40960 MiB, 0 %, 35.85 W, 34, 210 MHz
2026/10/06 15:43:40.481, 0, 00000000:01:00.0, 2874 MiB, 40960 MiB, 100 %, 245.88 W, 42, 1410 MHz
2026/10/06 15:43:40.486, 1, 00000000:02:00.0, 2861 MiB, 40960 MiB, 99 %, 242.25 W, 45, 1410 MHz
2026/10/06 15:43:40.492, 2, 00000000:81:00.0, 4 MiB, 40960 MiB, 0 %, 37.28 W, 34, 210 MHz
2026/10/06 15:43:40.500, 3, 00000000:82:00.0, 4 MiB, 40960 MiB, 0 %, 35.95 W, 34, 210 MHz
2026/10/06 15:43:41.507, 0, 00000000:01:00.0, 2874 MiB, 40960 MiB, 100 %, 247.32 W, 42, 1410 MHz
2026/10/06 15:43:41.513, 1, 00000000:02:00.0, 2861 MiB, 40960 MiB, 99 %, 242.24 W, 45, 1410 MHz
2026/10/06 15:43:41.519, 2, 00000000:81:00.0, 4 MiB, 40960 MiB, 0 %, 37.38 W, 34, 210 MHz
2026/10/06 15:43:41.526, 3, 00000000:82:00.0, 4 MiB, 40960 MiB, 0 %, 35.74 W, 34, 210 MHz
2026/10/06 15:43:42.535, 0, 00000000:01:00.0, 2874 MiB, 40960 MiB, 100 %, 246.74 W, 41, 1410 MHz
2026/10/06 15:43:42.546, 1, 00000000:02:00.0, 2861 MiB, 40960 MiB, 99 %, 242.05 W, 45, 1410 MHz
2026/10/06 15:43:42.553, 2, 00000000:81:00.0, 4 MiB, 40960 MiB, 0 %, 37.29 W, 35, 210 MHz
2026/10/06 15:43:42.562, 3, 00000000:82:00.0, 4 MiB, 40960 MiB, 0 %, 35.84 W, 34, 210 MHz
2026/10/06 15:43:43.571, 0, 00000000:01:00.0, 2874 MiB, 40960 MiB, 100 %, 244.61 W, 42, 1410 MHz
2026/10/06 15:43:43.577, 1, 00000000:02:00.0, 2861 MiB, 40960 MiB, 100 %, 242.13 W, 45, 1410 MHz
2026/10/06 15:43:43.583, 2, 00000000:81:00.0, 4 MiB, 40960 MiB, 0 %, 37.38 W, 35, 210 MHz
2026/10/06 15:43:43.591, 3, 00000000:82:00.0, 4 MiB, 40960 MiB, 0 %, 35.74 W, 34, 210 MHz
2026/10/06 15:43:44.598, 0, 00000000:01:00.0, 2874 MiB, 40960 MiB, 100 %, 244.26 W, 41, 1410 MHz
2026/10/06 15:43:44.604, 1, 00000000:02:00.0, 2861 MiB, 40960 MiB, 100 %, 247.61 W, 45, 1410 MHz
2026/10/06 15:43:44.610, 2, 00000000:81:00.0, 4 MiB, 40960 MiB, 0 %, 37.38 W, 35, 210 MHz
2026/10/06 15:43:44.617, 3, 00000000:82:00.0, 4 MiB, 40960 MiB, 0 %, 35.84 W, 34, 210 MHz
2026/10/06 15:43:45.624, 0, 00000000:01:00.0, 2874 MiB, 40960 MiB, 100 %, 246.26 W, 42, 1410 MHz
2026/10/06 15:43:45.633, 1, 00000000:02:00.0, 2861 MiB, 40960 MiB, 100 %, 243.86 W, 45, 1410 MHz
2026/10/06 15:43:45.641, 2, 00000000:81:00.0, 4 MiB, 40960 MiB, 0 %, 37.28 W, 35, 210 MHz
2026/10/06 15:43:45.650, 3, 00000000:82:00.0, 4 MiB, 40960 MiB, 0 %, 35.76 W, 34, 210 MHz
2026/10/06 15:43:46.660, 0, 00000000:01:00.0, 2874 MiB, 40960 MiB, 100 %, 248.66 W, 42, 1410 MHz
2026/10/06 15:43:46.666, 1, 00000000:02:00.0, 2861 MiB, 40960 MiB, 99 %, 242.04 W, 45, 1410 MHz
2026/10/06 15:43:46.672, 2, 00000000:81:00.0, 4 MiB, 40960 MiB, 0 %, 37.29 W, 35, 210 MHz
2026/10/06 15:43:46.679, 3, 00000000:82:00.0, 4 MiB, 40960 MiB, 0 %, 35.84 W, 34, 210 MHz
2026/10/06 15:43:47.686, 0, 00000000:01:00.0, 2874 MiB, 40960 MiB, 100 %, 246.64 W, 42, 1410 MHz
2026/10/06 15:43:47.692, 1, 00000000:02:00.0, 2861 MiB, 40960 MiB, 99 %, 242.05 W, 45, 1410 MHz
2026/10/06 15:43:47.698, 2, 00000000:81:00.0, 4 MiB, 40960 MiB, 0 %, 37.49 W, 35, 210 MHz
2026/10/06 15:43:47.705, 3, 00000000:82:00.0, 4 MiB, 40960 MiB, 0 %, 35.84 W, 34, 210 MHz
2026/10/06 15:43:48.712, 0, 00000000:01:00.0, 2874 MiB, 40960 MiB, 100 %, 237.30 W, 42, 1410 MHz
2026/10/06 15:43:48.717, 1, 00000000:02:00.0, 2861 MiB, 40960 MiB, 99 %, 241.37 W, 45, 1410 MHz
2026/10/06 15:43:48.723, 2, 00000000:81:00.0, 4 MiB, 40960 MiB, 0 %, 37.27 W, 35, 210 MHz
2026/10/06 15:43:48.730, 3, 00000000:82:00.0, 4 MiB, 40960 MiB, 0 %, 35.47 W, 34, 210 MHz
2026/10/06 15:43:49.737, 0, 00000000:01:00.0, 2874 MiB, 40960 MiB, 100 %, 234.54 W, 42, 1410 MHz
2026/10/06 15:43:49.744, 1, 00000000:02:00.0, 2861 MiB, 40960 MiB, 99 %, 240.04 W, 45, 1410 MHz
2026/10/06 15:43:49.750, 2, 00000000:81:00.0, 4 MiB, 40960 MiB, 0 %, 37.28 W, 35, 210 MHz
2026/10/06 15:43:49.757, 3, 00000000:82:00.0, 4 MiB, 40960 MiB, 0 %, 35.85 W, 34, 210 MHz
2026/10/06 15:43:50.764, 0, 00000000:01:00.0, 2874 MiB, 40960 MiB, 100 %, 233.85 W, 42, 1410 MHz
2026/10/06 15:43:50.771, 1, 00000000:02:00.0, 2861 MiB, 40960 MiB, 99 %, 236.88 W, 45, 1410 MHz
2026/10/06 15:43:50.781, 2, 00000000:81:00.0, 4 MiB, 40960 MiB, 0 %, 37.38 W, 35, 210 MHz
2026/10/06 15:43:50.793, 3, 00000000:82:00.0, 4 MiB, 40960 MiB, 0 %, 35.76 W, 34, 210 MHz
2026/10/06 15:43:51.805, 0, 00000000:01:00.0, 2874 MiB, 40960 MiB, 100 %, 240.70 W, 42, 1410 MHz
2026/10/06 15:43:51.811, 1, 00000000:02:00.0, 2861 MiB, 40960 MiB, 99 %, 234.76 W, 45, 1410 MHz
2026/10/06 15:43:51.819, 2, 00000000:81:00.0, 4 MiB, 40960 MiB, 0 %, 37.28 W, 35, 210 MHz
2026/10/06 15:43:51.826, 3, 00000000:82:00.0, 4 MiB, 40960 MiB, 0 %, 35.47 W, 34, 210 MHz
2026/10/06 15:43:52.838, 0, 00000000:01:00.0, 2874 MiB, 40960 MiB, 100 %, 247.03 W, 42, 1410 MHz
2026/10/06 15:43:52.844, 1, 00000000:02:00.0, 2861 MiB, 40960 MiB, 99 %, 246.65 W, 45, 1410 MHz
2026/10/06 15:43:52.850, 2, 00000000:81:00.0, 4 MiB, 40960 MiB, 0 %, 37.38 W, 35, 210 MHz
2026/10/06 15:43:52.857, 3, 00000000:82:00.0, 4 MiB, 40960 MiB, 0 %, 35.76 W, 34, 210 MHz
2026/10/06 15:43:53.867, 0, 00000000:01:00.0, 2874 MiB, 40960 MiB, 100 %, 247.01 W, 42, 1410 MHz
2026/10/06 15:43:53.875, 1, 00000000:02:00.0, 2861 MiB, 40960 MiB, 99 %, 247.70 W, 45, 1410 MHz
2026/10/06 15:43:53.881, 2, 00000000:81:00.0, 4 MiB, 40960 MiB, 0 %, 37.38 W, 35, 210 MHz
2026/10/06 15:43:53.888, 3, 00000000:82:00.0, 4 MiB, 40960 MiB, 0 %, 35.85 W, 34, 210 MHz
2026/10/06 15:43:54.895, 0, 00000000:01:00.0, 2874 MiB, 40960 MiB, 100 %, 245.09 W, 42, 1410 MHz
2026/10/06 15:43:54.902, 1, 00000000:02:00.0, 2861 MiB, 40960 MiB, 99 %, 246.37 W, 45, 1410 MHz
2026/10/06 15:43:54.908, 2, 00000000:81:00.0, 4 MiB, 40960 MiB, 0 %, 37.28 W, 35, 210 MHz
2026/10/06 15:43:54.915, 3, 00000000:82:00.0, 4 MiB, 40960 MiB, 0 %, 35.85 W, 34, 210 MHz
2026/10/06 15:43:55.923, 0, 00000000:01:00.0, 2874 MiB, 40960 MiB, 100 %, 243.66 W, 42, 1410 MHz
2026/10/06 15:43:55.933, 1, 00000000:02:00.0, 2861 MiB, 40960 MiB, 99 %, 245.03 W, 45, 1410 MHz
2026/10/06 15:43:55.945, 2, 00000000:81:00.0, 4 MiB, 40960 MiB, 0 %, 37.38 W, 35, 210 MHz
2026/10/06 15:43:55.956, 3, 00000000:82:00.0, 4 MiB, 40960 MiB, 0 %, 35.85 W, 34, 210 MHz
2026/10/06 15:43:56.968, 0, 00000000:01:00.0, 2874 MiB, 40960 MiB, 100 %, 247.49 W, 42, 1410 MHz
2026/10/06 15:43:56.975, 1, 00000000:02:00.0, 2861 MiB, 40960 MiB, 99 %, 243.08 W, 45, 1410 MHz
2026/10/06 15:43:56.980, 2, 00000000:81:00.0, 4 MiB, 40960 MiB, 0 %, 37.28 W, 35, 210 MHz
2026/10/06 15:43:56.987, 3, 00000000:82:00.0, 4 MiB, 40960 MiB, 0 %, 35.67 W, 34, 210 MHz
2026/10/06 15:43:58.002, 0, 00000000:01:00.0, 2874 MiB, 40960 MiB, 100 %, 248.08 W, 42, 1410 MHz
2026/10/06 15:43:58.008, 1, 00000000:02:00.0, 2861 MiB, 40960 MiB, 99 %, 243.19 W, 45, 1410 MHz
2026/10/06 15:43:58.016, 2, 00000000:81:00.0, 4 MiB, 40960 MiB, 0 %, 37.40 W, 35, 210 MHz
2026/10/06 15:43:58.024, 3, 00000000:82:00.0, 4 MiB, 40960 MiB, 0 %, 35.96 W, 34, 210 MHz
2026/10/06 15:43:59.032, 0, 00000000:01:00.0, 2874 MiB, 40960 MiB, 100 %, 247.79 W, 42, 1410 MHz
2026/10/06 15:43:59.038, 1, 00000000:02:00.0, 2861 MiB, 40960 MiB, 99 %, 243.49 W, 45, 1410 MHz
2026/10/06 15:43:59.044, 2, 00000000:81:00.0, 4 MiB, 40960 MiB, 0 %, 37.37 W, 35, 210 MHz
2026/10/06 15:43:59.052, 3, 00000000:82:00.0, 4 MiB, 40960 MiB, 0 %, 35.96 W, 34, 210 MHz
2026/10/06 15:44:00.059, 0, 00000000:01:00.0, 2874 MiB, 40960 MiB, 100 %, 250.94 W, 42, 1410 MHz
2026/10/06 15:44:00.066, 1, 00000000:02:00.0, 2861 MiB, 40960 MiB, 99 %, 244.15 W, 45, 1410 MHz
2026/10/06 15:44:00.072, 2, 00000000:81:00.0, 4 MiB, 40960 MiB, 0 %, 37.37 W, 35, 210 MHz
2026/10/06 15:44:00.079, 3, 00000000:82:00.0, 4 MiB, 40960 MiB, 0 %, 35.93 W, 34, 210 MHz
2026/10/06 15:44:01.090, 0, 00000000:01:00.0, 2874 MiB, 40960 MiB, 100 %, 233.49 W, 42, 1410 MHz
2026/10/06 15:44:01.101, 1, 00000000:02:00.0, 2861 MiB, 40960 MiB, 99 %, 236.87 W, 45, 1410 MHz
2026/10/06 15:44:01.109, 2, 00000000:81:00.0, 4 MiB, 40960 MiB, 0 %, 37.38 W, 35, 210 MHz
2026/10/06 15:44:01.116, 3, 00000000:82:00.0, 4 MiB, 40960 MiB, 0 %, 35.94 W, 34, 210 MHz
2026/10/06 15:44:02.123, 0, 00000000:01:00.0, 2874 MiB, 40960 MiB, 100 %, 243.94 W, 42, 1410 MHz
2026/10/06 15:44:02.128, 1, 00000000:02:00.0, 2861 MiB, 40960 MiB, 99 %, 233.90 W, 45, 1410 MHz
2026/10/06 15:44:02.134, 2, 00000000:81:00.0, 4 MiB, 40960 MiB, 0 %, 37.38 W, 35, 210 MHz
2026/10/06 15:44:02.141, 3, 00000000:82:00.0, 4 MiB, 40960 MiB, 0 %, 35.55 W, 34, 210 MHz
2026/10/06 15:44:03.149, 0, 00000000:01:00.0, 2874 MiB, 40960 MiB, 100 %, 244.63 W, 42, 1410 MHz
2026/10/06 15:44:03.155, 1, 00000000:02:00.0, 2861 MiB, 40960 MiB, 99 %, 227.26 W, 45, 1410 MHz
2026/10/06 15:44:03.161, 2, 00000000:81:00.0, 4 MiB, 40960 MiB, 0 %, 37.38 W, 35, 210 MHz
2026/10/06 15:44:03.168, 3, 00000000:82:00.0, 4 MiB, 40960 MiB, 0 %, 35.55 W, 34, 210 MHz
2026/10/06 15:44:04.178, 0, 00000000:01:00.0, 2874 MiB, 40960 MiB, 100 %, 245.49 W, 42, 1410 MHz
2026/10/06 15:44:04.186, 1, 00000000:02:00.0, 2861 MiB, 40960 MiB, 99 %, 229.73 W, 45, 1410 MHz
2026/10/06 15:44:04.196, 2, 00000000:81:00.0, 4 MiB, 40960 MiB, 0 %, 37.38 W, 35, 210 MHz
2026/10/06 15:44:04.205, 3, 00000000:82:00.0, 4 MiB, 40960 MiB, 0 %, 35.94 W, 34, 210 MHz
2026/10/06 15:44:05.215, 0, 00000000:01:00.0, 2874 MiB, 40960 MiB, 100 %, 247.13 W, 42, 1410 MHz
2026/10/06 15:44:05.220, 1, 00000000:02:00.0, 2861 MiB, 40960 MiB, 99 %, 247.99 W, 45, 1410 MHz
2026/10/06 15:44:05.227, 2, 00000000:81:00.0, 4 MiB, 40960 MiB, 0 %, 37.39 W, 35, 210 MHz
2026/10/06 15:44:05.235, 3, 00000000:82:00.0, 4 MiB, 40960 MiB, 0 %, 35.86 W, 34, 210 MHz
2026/10/06 15:44:06.245, 0, 00000000:01:00.0, 2874 MiB, 40960 MiB, 100 %, 245.49 W, 42, 1410 MHz
2026/10/06 15:44:06.253, 1, 00000000:02:00.0, 2861 MiB, 40960 MiB, 99 %, 246.54 W, 45, 1410 MHz
2026/10/06 15:44:06.258, 2, 00000000:81:00.0, 4 MiB, 40960 MiB, 0 %, 37.38 W, 35, 210 MHz
2026/10/06 15:44:06.266, 3, 00000000:82:00.0, 4 MiB, 40960 MiB, 0 %, 35.76 W, 34, 210 MHz
2026/10/06 15:44:07.273, 0, 00000000:01:00.0, 2874 MiB, 40960 MiB, 100 %, 244.62 W, 42, 1410 MHz
2026/10/06 15:44:07.281, 1, 00000000:02:00.0, 2861 MiB, 40960 MiB, 99 %, 244.65 W, 46, 1410 MHz
2026/10/06 15:44:07.287, 2, 00000000:81:00.0, 4 MiB, 40960 MiB, 0 %, 37.48 W, 35, 210 MHz
2026/10/06 15:44:07.297, 3, 00000000:82:00.0, 4 MiB, 40960 MiB, 0 %, 35.96 W, 34, 210 MHz
2026/10/06 15:44:08.304, 0, 00000000:01:00.0, 2874 MiB, 40960 MiB, 100 %, 243.47 W, 42, 1410 MHz
2026/10/06 15:44:08.310, 1, 00000000:02:00.0, 2861 MiB, 40960 MiB, 99 %, 243.87 W, 45, 1410 MHz
2026/10/06 15:44:08.315, 2, 00000000:81:00.0, 4 MiB, 40960 MiB, 0 %, 37.39 W, 35, 210 MHz
2026/10/06 15:44:08.324, 3, 00000000:82:00.0, 4 MiB, 40960 MiB, 0 %, 35.56 W, 34, 210 MHz
2026/10/06 15:44:09.332, 0, 00000000:01:00.0, 2874 MiB, 40960 MiB, 100 %, 248.38 W, 42, 1410 MHz
2026/10/06 15:44:09.341, 1, 00000000:02:00.0, 2861 MiB, 40960 MiB, 99 %, 243.76 W, 45, 1410 MHz
2026/10/06 15:44:09.351, 2, 00000000:81:00.0, 4 MiB, 40960 MiB, 0 %, 37.47 W, 35, 210 MHz
2026/10/06 15:44:09.364, 3, 00000000:82:00.0, 4 MiB, 40960 MiB, 0 %, 35.95 W, 34, 210 MHz
2026/10/06 15:44:10.384, 0, 00000000:01:00.0, 2874 MiB, 40960 MiB, 100 %, 250.29 W, 42, 1410 MHz
2026/10/06 15:44:10.390, 1, 00000000:02:00.0, 2861 MiB, 40960 MiB, 99 %, 243.88 W, 45, 1410 MHz
2026/10/06 15:44:10.396, 2, 00000000:81:00.0, 4 MiB, 40960 MiB, 0 %, 37.47 W, 35, 210 MHz
2026/10/06 15:44:10.403, 3, 00000000:82:00.0, 4 MiB, 40960 MiB, 0 %, 35.56 W, 34, 210 MHz
2026/10/06 15:44:11.410, 0, 00000000:01:00.0, 2874 MiB, 40960 MiB, 100 %, 251.03 W, 42, 1410 MHz
2026/10/06 15:44:11.416, 1, 00000000:02:00.0, 2861 MiB, 40960 MiB, 99 %, 245.10 W, 46, 1410 MHz
2026/10/06 15:44:11.422, 2, 00000000:81:00.0, 4 MiB, 40960 MiB, 0 %, 37.47 W, 35, 210 MHz
2026/10/06 15:44:11.429, 3, 00000000:82:00.0, 4 MiB, 40960 MiB, 0 %, 35.95 W, 34, 210 MHz
2026/10/06 15:44:12.438, 0, 00000000:01:00.0, 2874 MiB, 40960 MiB, 100 %, 243.75 W, 42, 1410 MHz
2026/10/06 15:44:12.444, 1, 00000000:02:00.0, 2861 MiB, 40960 MiB, 99 %, 245.41 W, 46, 1410 MHz
2026/10/06 15:44:12.450, 2, 00000000:81:00.0, 4 MiB, 40960 MiB, 0 %, 37.47 W, 35, 210 MHz
2026/10/06 15:44:12.458, 3, 00000000:82:00.0, 4 MiB, 40960 MiB, 0 %, 35.66 W, 34, 210 MHz
2026/10/06 15:44:13.466, 0, 00000000:01:00.0, 2874 MiB, 40960 MiB, 100 %, 245.58 W, 42, 1410 MHz
2026/10/06 15:44:13.473, 1, 00000000:02:00.0, 2861 MiB, 40960 MiB, 99 %, 236.16 W, 45, 1410 MHz
2026/10/06 15:44:13.479, 2, 00000000:81:00.0, 4 MiB, 40960 MiB, 0 %, 37.48 W, 35, 210 MHz
2026/10/06 15:44:13.486, 3, 00000000:82:00.0, 4 MiB, 40960 MiB, 0 %, 35.67 W, 34, 210 MHz
2026/10/06 15:44:14.498, 0, 00000000:01:00.0, 2874 MiB, 40960 MiB, 100 %, 245.97 W, 42, 1410 MHz
2026/10/06 15:44:14.504, 1, 00000000:02:00.0, 2861 MiB, 40960 MiB, 99 %, 231.70 W, 45, 1410 MHz
2026/10/06 15:44:14.510, 2, 00000000:81:00.0, 4 MiB, 40960 MiB, 0 %, 37.59 W, 35, 210 MHz
2026/10/06 15:44:14.516, 3, 00000000:82:00.0, 4 MiB, 40960 MiB, 0 %, 35.93 W, 34, 210 MHz
2026/10/06 15:44:15.532, 0, 00000000:01:00.0, 2874 MiB, 40960 MiB, 100 %, 246.15 W, 42, 1410 MHz
2026/10/06 15:44:15.538, 1, 00000000:02:00.0, 2861 MiB, 40960 MiB, 99 %, 228.91 W, 46, 1410 MHz
2026/10/06 15:44:15.544, 2, 00000000:81:00.0, 4 MiB, 40960 MiB, 0 %, 37.58 W, 35, 210 MHz
2026/10/06 15:44:15.551, 3, 00000000:82:00.0, 4 MiB, 40960 MiB, 0 %, 35.93 W, 34, 210 MHz
2026/10/06 15:44:16.559, 0, 00000000:01:00.0, 2874 MiB, 40960 MiB, 100 %, 245.66 W, 42, 1410 MHz
2026/10/06 15:44:16.566, 1, 00000000:02:00.0, 2861 MiB, 40960 MiB, 99 %, 227.33 W, 46, 1410 MHz
2026/10/06 15:44:16.575, 2, 00000000:81:00.0, 4 MiB, 40960 MiB, 0 %, 37.48 W, 35, 210 MHz
2026/10/06 15:44:16.584, 3, 00000000:82:00.0, 4 MiB, 40960 MiB, 0 %, 35.74 W, 34, 210 MHz
2026/10/06 15:44:17.592, 0, 00000000:01:00.0, 2874 MiB, 40960 MiB, 100 %, 244.62 W, 42, 1410 MHz
2026/10/06 15:44:17.604, 1, 00000000:02:00.0, 2861 MiB, 40960 MiB, 99 %, 245.88 W, 46, 1410 MHz
2026/10/06 15:44:17.614, 2, 00000000:81:00.0, 4 MiB, 40960 MiB, 0 %, 37.47 W, 35, 210 MHz
2026/10/06 15:44:17.625, 3, 00000000:82:00.0, 4 MiB, 40960 MiB, 0 %, 35.94 W, 34, 210 MHz
2026/10/06 15:44:18.638, 0, 00000000:01:00.0, 2874 MiB, 40960 MiB, 100 %, 242.89 W, 42, 1410 MHz
2026/10/06 15:44:18.643, 1, 00000000:02:00.0, 2861 MiB, 40960 MiB, 99 %, 245.12 W, 46, 1410 MHz
2026/10/06 15:44:18.650, 2, 00000000:81:00.0, 4 MiB, 40960 MiB, 0 %, 37.46 W, 35, 210 MHz
2026/10/06 15:44:18.659, 3, 00000000:82:00.0, 4 MiB, 40960 MiB, 0 %, 35.57 W, 34, 210 MHz
2026/10/06 15:44:19.667, 0, 00000000:01:00.0, 2874 MiB, 40960 MiB, 100 %, 239.25 W, 42, 1410 MHz
2026/10/06 15:44:19.673, 1, 00000000:02:00.0, 2861 MiB, 40960 MiB, 99 %, 244.45 W, 46, 1410 MHz
2026/10/06 15:44:19.678, 2, 00000000:81:00.0, 4 MiB, 40960 MiB, 0 %, 37.57 W, 35, 210 MHz
2026/10/06 15:44:19.687, 3, 00000000:82:00.0, 4 MiB, 40960 MiB, 0 %, 35.96 W, 34, 210 MHz
2026/10/06 15:44:20.694, 0, 00000000:01:00.0, 2874 MiB, 40960 MiB, 100 %, 251.15 W, 42, 1410 MHz
2026/10/06 15:44:20.703, 1, 00000000:02:00.0, 2861 MiB, 40960 MiB, 99 %, 243.77 W, 46, 1410 MHz
2026/10/06 15:44:20.710, 2, 00000000:81:00.0, 4 MiB, 40960 MiB, 0 %, 37.57 W, 35, 210 MHz
2026/10/06 15:44:20.720, 3, 00000000:82:00.0, 4 MiB, 40960 MiB, 0 %, 35.67 W, 34, 210 MHz
2026/10/06 15:44:21.729, 0, 00000000:01:00.0, 2874 MiB, 40960 MiB, 100 %, 251.62 W, 42, 1410 MHz
2026/10/06 15:44:21.734, 1, 00000000:02:00.0, 2861 MiB, 40960 MiB, 99 %, 244.45 W, 46, 1410 MHz
2026/10/06 15:44:21.740, 2, 00000000:81:00.0, 4 MiB, 40960 MiB, 0 %, 37.47 W, 35, 210 MHz
2026/10/06 15:44:21.748, 3, 00000000:82:00.0, 4 MiB, 40960 MiB, 0 %, 35.96 W, 34, 210 MHz
2026/10/06 15:44:22.755, 0, 00000000:01:00.0, 2874 MiB, 40960 MiB, 100 %, 250.00 W, 43, 1410 MHz
2026/10/06 15:44:22.765, 1, 00000000:02:00.0, 2861 MiB, 40960 MiB, 99 %, 244.92 W, 46, 1410 MHz
2026/10/06 15:44:22.774, 2, 00000000:81:00.0, 4 MiB, 40960 MiB, 0 %, 37.57 W, 35, 210 MHz
2026/10/06 15:44:22.781, 3, 00000000:82:00.0, 4 MiB, 40960 MiB, 0 %, 36.04 W, 34, 210 MHz
2026/10/06 15:44:23.789, 0, 00000000:01:00.0, 2874 MiB, 40960 MiB, 0 %, 68.86 W, 36, 1410 MHz
2026/10/06 15:44:23.794, 1, 00000000:02:00.0, 2861 MiB, 40960 MiB, 0 %, 61.24 W, 37, 1410 MHz
2026/10/06 15:44:23.801, 2, 00000000:81:00.0, 4 MiB, 40960 MiB, 0 %, 37.51 W, 35, 210 MHz
2026/10/06 15:44:23.808, 3, 00000000:82:00.0, 4 MiB, 40960 MiB, 0 %, 36.07 W, 34, 210 MHz
2026/10/06 15:44:24.815, 0, 00000000:01:00.0, 2874 MiB, 40960 MiB, 0 %, 67.89 W, 34, 1410 MHz
2026/10/06 15:44:24.821, 1, 00000000:02:00.0, 2861 MiB, 40960 MiB, 0 %, 60.79 W, 35, 1410 MHz
2026/10/06 15:44:24.830, 2, 00000000:81:00.0, 4 MiB, 40960 MiB, 0 %, 37.51 W, 35, 210 MHz
2026/10/06 15:44:24.838, 3, 00000000:82:00.0, 4 MiB, 40960 MiB, 0 %, 35.98 W, 34, 210 MHz
2026/10/06 15:44:25.845, 0, 00000000:01:00.0, 2874 MiB, 40960 MiB, 0 %, 67.41 W, 34, 1410 MHz
2026/10/06 15:44:25.849, 1, 00000000:02:00.0, 2861 MiB, 40960 MiB, 0 %, 60.37 W, 34, 1410 MHz
2026/10/06 15:44:25.854, 2, 00000000:81:00.0, 4 MiB, 40960 MiB, 0 %, 37.51 W, 35, 210 MHz
2026/10/06 15:44:25.862, 3, 00000000:82:00.0, 4 MiB, 40960 MiB, 0 %, 35.98 W, 34, 210 MHz
2026/10/06 15:44:26.869, 0, 00000000:01:00.0, 37 MiB, 40960 MiB, 83 %, 41.93 W, 32, 780 MHz
2026/10/06 15:44:26.880, 1, 00000000:02:00.0, 31 MiB, 40960 MiB, 25 %, 60.31 W, 34, 1410 MHz
2026/10/06 15:44:26.890, 2, 00000000:81:00.0, 4 MiB, 40960 MiB, 0 %, 37.31 W, 35, 210 MHz
2026/10/06 15:44:26.904, 3, 00000000:82:00.0, 4 MiB, 40960 MiB, 0 %, 35.81 W, 34, 210 MHz
2026/10/06 15:44:27.913, 0, 00000000:01:00.0, 4 MiB, 40960 MiB, 0 %, 41.95 W, 32, 780 MHz
2026/10/06 15:44:27.921, 1, 00000000:02:00.0, 4 MiB, 40960 MiB, 0 %, 38.83 W, 33, 975 MHz
2026/10/06 15:44:27.927, 2, 00000000:81:00.0, 4 MiB, 40960 MiB, 0 %, 37.24 W, 34, 210 MHz
2026/10/06 15:44:27.934, 3, 00000000:82:00.0, 4 MiB, 40960 MiB, 0 %, 35.81 W, 33, 210 MHz
2026/10/06 15:44:28.941, 0, 00000000:01:00.0, 4 MiB, 40960 MiB, 0 %, 38.08 W, 32, 210 MHz
2026/10/06 15:44:28.949, 1, 00000000:02:00.0, 4 MiB, 40960 MiB, 0 %, 34.94 W, 32, 555 MHz
2026/10/06 15:44:28.956, 2, 00000000:81:00.0, 4 MiB, 40960 MiB, 0 %, 37.24 W, 34, 210 MHz
2026/10/06 15:44:28.966, 3, 00000000:82:00.0, 4 MiB, 40960 MiB, 0 %, 35.64 W, 33, 210 MHz
2026/10/06 15:44:29.974, 0, 00000000:01:00.0, 4 MiB, 40960 MiB, 0 %, 37.88 W, 32, 210 MHz
2026/10/06 15:44:29.981, 1, 00000000:02:00.0, 4 MiB, 40960 MiB, 0 %, 33.67 W, 32, 360 MHz
2026/10/06 15:44:29.988, 2, 00000000:81:00.0, 4 MiB, 40960 MiB, 0 %, 37.05 W, 34, 210 MHz
2026/10/06 15:44:29.995, 3, 00000000:82:00.0, 4 MiB, 40960 MiB, 0 %, 35.54 W, 33, 210 MHz
2026/10/06 15:44:31.003, 0, 00000000:01:00.0, 4 MiB, 40960 MiB, 0 %, 37.86 W, 32, 210 MHz
2026/10/06 15:44:31.013, 1, 00000000:02:00.0, 4 MiB, 40960 MiB, 0 %, 32.89 W, 32, 225 MHz
2026/10/06 15:44:31.025, 2, 00000000:81:00.0, 4 MiB, 40960 MiB, 0 %, 36.95 W, 33, 210 MHz
2026/10/06 15:44:31.033, 3, 00000000:82:00.0, 4 MiB, 40960 MiB, 0 %, 35.53 W, 32, 210 MHz
2026/10/06 15:44:32.041, 0, 00000000:01:00.0, 4 MiB, 40960 MiB, 0 %, 37.87 W, 31, 210 MHz
2026/10/06 15:44:32.050, 1, 00000000:02:00.0, 4 MiB, 40960 MiB, 0 %, 32.79 W, 32, 210 MHz
2026/10/06 15:44:32.057, 2, 00000000:81:00.0, 4 MiB, 40960 MiB, 0 %, 36.86 W, 33, 210 MHz
2026/10/06 15:44:32.064, 3, 00000000:82:00.0, 4 MiB, 40960 MiB, 0 %, 35.44 W, 32, 210 MHz
2026/10/06 15:44:33.072, 0, 00000000:01:00.0, 4 MiB, 40960 MiB, 0 %, 37.87 W, 31, 210 MHz
2026/10/06 15:44:33.083, 1, 00000000:02:00.0, 4 MiB, 40960 MiB, 0 %, 32.90 W, 31, 210 MHz
2026/10/06 15:44:33.095, 2, 00000000:81:00.0, 4 MiB, 40960 MiB, 0 %, 36.76 W, 33, 210 MHz
2026/10/06 15:44:33.108, 3, 00000000:82:00.0, 4 MiB, 40960 MiB, 0 %, 35.44 W, 32, 210 MHz
2026/10/06 15:44:34.121, 0, 00000000:01:00.0, 1483 MiB, 40960 MiB, 0 %, 51.02 W, 32, 1185 MHz
2026/10/06 15:44:34.126, 1, 00000000:02:00.0, 4 MiB, 40960 MiB, 0 %, 32.78 W, 31, 210 MHz
2026/10/06 15:44:34.133, 2, 00000000:81:00.0, 4 MiB, 40960 MiB, 0 %, 36.75 W, 33, 210 MHz
2026/10/06 15:44:34.140, 3, 00000000:82:00.0, 4 MiB, 40960 MiB, 0 %, 35.43 W, 32, 210 MHz
2026/10/06 15:44:35.147, 0, 00000000:01:00.0, 1484 MiB, 40960 MiB, 0 %, 51.03 W, 32, 1185 MHz
2026/10/06 15:44:35.152, 1, 00000000:02:00.0, 1471 MiB, 40960 MiB, 1 %, 36.67 W, 32, 795 MHz
2026/10/06 15:44:35.158, 2, 00000000:81:00.0, 4 MiB, 40960 MiB, 0 %, 36.66 W, 33, 210 MHz
2026/10/06 15:44:35.168, 3, 00000000:82:00.0, 4 MiB, 40960 MiB, 0 %, 35.33 W, 32, 210 MHz
2026/10/06 15:44:36.175, 0, 00000000:01:00.0, 1484 MiB, 40960 MiB, 0 %, 41.77 W, 32, 765 MHz
2026/10/06 15:44:36.183, 1, 00000000:02:00.0, 1471 MiB, 40960 MiB, 0 %, 36.48 W, 32, 765 MHz
2026/10/06 15:44:36.194, 2, 00000000:81:00.0, 9 MiB, 40960 MiB, 0 %, 36.75 W, 33, 765 MHz
2026/10/06 15:44:36.210, 3, 00000000:82:00.0, 4 MiB, 40960 MiB, 0 %, 35.34 W, 32, 210 MHz
2026/10/06 15:44:37.219, 0, 00000000:01:00.0, 1484 MiB, 40960 MiB, 0 %, 37.87 W, 31, 210 MHz
2026/10/06 15:44:37.227, 1, 00000000:02:00.0, 1471 MiB, 40960 MiB, 0 %, 36.48 W, 32, 765 MHz
2026/10/06 15:44:37.234, 2, 00000000:81:00.0, 1471 MiB, 40960 MiB, 0 %, 51.68 W, 33, 1215 MHz
2026/10/06 15:44:37.239, 3, 00000000:82:00.0, 4 MiB, 40960 MiB, 0 %, 35.33 W, 32, 210 MHz
2026/10/06 15:44:38.248, 0, 00000000:01:00.0, 1484 MiB, 40960 MiB, 0 %, 37.85 W, 31, 210 MHz
2026/10/06 15:44:38.256, 1, 00000000:02:00.0, 1471 MiB, 40960 MiB, 0 %, 36.48 W, 32, 765 MHz
2026/10/06 15:44:38.262, 2, 00000000:81:00.0, 1471 MiB, 40960 MiB, 0 %, 41.74 W, 33, 765 MHz
2026/10/06 15:44:38.271, 3, 00000000:82:00.0, 1471 MiB, 40960 MiB, 0 %, 41.17 W, 32, 945 MHz
2026/10/06 15:44:39.277, 0, 00000000:01:00.0, 1484 MiB, 40960 MiB, 0 %, 37.87 W, 31, 210 MHz
2026/10/06 15:44:39.284, 1, 00000000:02:00.0, 1471 MiB, 40960 MiB, 0 %, 32.78 W, 31, 210 MHz
2026/10/06 15:44:39.291, 2, 00000000:81:00.0, 1471 MiB, 40960 MiB, 0 %, 40.10 W, 33, 765 MHz
2026/10/06 15:44:39.297, 3, 00000000:82:00.0, 1471 MiB, 40960 MiB, 0 %, 41.19 W, 32, 945 MHz
2026/10/06 15:44:40.303, 0, 00000000:01:00.0, 1484 MiB, 40960 MiB, 0 %, 37.87 W, 31, 210 MHz
2026/10/06 15:44:40.311, 1, 00000000:02:00.0, 1471 MiB, 40960 MiB, 0 %, 32.79 W, 31, 210 MHz
2026/10/06 15:44:40.318, 2, 00000000:81:00.0, 1471 MiB, 40960 MiB, 0 %, 36.66 W, 33, 210 MHz
2026/10/06 15:44:40.325, 3, 00000000:82:00.0, 1471 MiB, 40960 MiB, 0 %, 39.05 W, 32, 765 MHz
2026/10/06 15:44:41.332, 0, 00000000:01:00.0, 1484 MiB, 40960 MiB, 0 %, 37.87 W, 31, 210 MHz
2026/10/06 15:44:41.339, 1, 00000000:02:00.0, 1471 MiB, 40960 MiB, 0 %, 32.79 W, 31, 210 MHz
2026/10/06 15:44:41.346, 2, 00000000:81:00.0, 1471 MiB, 40960 MiB, 0 %, 36.67 W, 32, 210 MHz
2026/10/06 15:44:41.353, 3, 00000000:82:00.0, 1471 MiB, 40960 MiB, 0 %, 35.44 W, 32, 210 MHz
2026/10/06 15:44:42.361, 0, 00000000:01:00.0, 1476 MiB, 40960 MiB, 0 %, 38.36 W, 31, 210 MHz
2026/10/06 15:44:42.369, 1, 00000000:02:00.0, 1471 MiB, 40960 MiB, 0 %, 32.79 W, 31, 210 MHz
2026/10/06 15:44:42.377, 2, 00000000:81:00.0, 1471 MiB, 40960 MiB, 0 %, 36.67 W, 32, 210 MHz
2026/10/06 15:44:42.385, 3, 00000000:82:00.0, 1471 MiB, 40960 MiB, 0 %, 35.44 W, 32, 210 MHz
2026/10/06 15:44:43.393, 0, 00000000:01:00.0, 1476 MiB, 40960 MiB, 0 %, 37.87 W, 31, 210 MHz
2026/10/06 15:44:43.401, 1, 00000000:02:00.0, 1471 MiB, 40960 MiB, 0 %, 32.79 W, 31, 210 MHz
2026/10/06 15:44:43.408, 2, 00000000:81:00.0, 1471 MiB, 40960 MiB, 0 %, 36.56 W, 32, 210 MHz
2026/10/06 15:44:43.415, 3, 00000000:82:00.0, 1471 MiB, 40960 MiB, 0 %, 35.16 W, 32, 210 MHz
2026/10/06 15:44:44.422, 0, 00000000:01:00.0, 1476 MiB, 40960 MiB, 0 %, 37.77 W, 31, 210 MHz
2026/10/06 15:44:44.430, 1, 00000000:02:00.0, 1471 MiB, 40960 MiB, 0 %, 32.79 W, 31, 210 MHz
2026/10/06 15:44:44.437, 2, 00000000:81:00.0, 1471 MiB, 40960 MiB, 0 %, 36.67 W, 32, 210 MHz
2026/10/06 15:44:44.445, 3, 00000000:82:00.0, 1471 MiB, 40960 MiB, 0 %, 35.44 W, 32, 210 MHz
2026/10/06 15:44:45.452, 0, 00000000:01:00.0, 1476 MiB, 40960 MiB, 0 %, 37.87 W, 31, 210 MHz
2026/10/06 15:44:45.460, 1, 00000000:02:00.0, 1471 MiB, 40960 MiB, 0 %, 32.90 W, 31, 210 MHz
2026/10/06 15:44:45.470, 2, 00000000:81:00.0, 1471 MiB, 40960 MiB, 0 %, 36.66 W, 32, 210 MHz
2026/10/06 15:44:45.478, 3, 00000000:82:00.0, 1471 MiB, 40960 MiB, 0 %, 35.44 W, 32, 210 MHz
2026/10/06 15:44:46.485, 0, 00000000:01:00.0, 1476 MiB, 40960 MiB, 0 %, 37.77 W, 31, 210 MHz
2026/10/06 15:44:46.493, 1, 00000000:02:00.0, 1463 MiB, 40960 MiB, 0 %, 32.79 W, 31, 210 MHz
2026/10/06 15:44:46.500, 2, 00000000:81:00.0, 1471 MiB, 40960 MiB, 0 %, 36.67 W, 32, 210 MHz
2026/10/06 15:44:46.507, 3, 00000000:82:00.0, 1471 MiB, 40960 MiB, 0 %, 35.06 W, 32, 210 MHz
2026/10/06 15:44:47.514, 0, 00000000:01:00.0, 1476 MiB, 40960 MiB, 0 %, 37.87 W, 31, 210 MHz
2026/10/06 15:44:47.525, 1, 00000000:02:00.0, 1463 MiB, 40960 MiB, 0 %, 32.79 W, 31, 210 MHz
2026/10/06 15:44:47.535, 2, 00000000:81:00.0, 1471 MiB, 40960 MiB, 0 %, 36.57 W, 32, 210 MHz
2026/10/06 15:44:47.545, 3, 00000000:82:00.0, 1471 MiB, 40960 MiB, 0 %, 35.35 W, 32, 210 MHz
2026/10/06 15:44:48.556, 0, 00000000:01:00.0, 1476 MiB, 40960 MiB, 0 %, 37.77 W, 31, 210 MHz
2026/10/06 15:44:48.566, 1, 00000000:02:00.0, 1463 MiB, 40960 MiB, 0 %, 32.90 W, 31, 210 MHz
2026/10/06 15:44:48.574, 2, 00000000:81:00.0, 1471 MiB, 40960 MiB, 0 %, 36.57 W, 32, 210 MHz
2026/10/06 15:44:48.581, 3, 00000000:82:00.0, 1471 MiB, 40960 MiB, 0 %, 35.35 W, 32, 210 MHz
2026/10/06 15:44:49.590, 0, 00000000:01:00.0, 1476 MiB, 40960 MiB, 0 %, 37.87 W, 31, 210 MHz
2026/10/06 15:44:49.600, 1, 00000000:02:00.0, 1463 MiB, 40960 MiB, 0 %, 32.79 W, 31, 210 MHz
2026/10/06 15:44:49.612, 2, 00000000:81:00.0, 1463 MiB, 40960 MiB, 10 %, 36.57 W, 32, 210 MHz
2026/10/06 15:44:49.624, 3, 00000000:82:00.0, 1471 MiB, 40960 MiB, 0 %, 35.35 W, 32, 210 MHz
2026/10/06 15:44:50.634, 0, 00000000:01:00.0, 1476 MiB, 40960 MiB, 0 %, 37.77 W, 31, 210 MHz
2026/10/06 15:44:50.642, 1, 00000000:02:00.0, 1463 MiB, 40960 MiB, 0 %, 32.79 W, 31, 210 MHz
2026/10/06 15:44:50.649, 2, 00000000:81:00.0, 1463 MiB, 40960 MiB, 0 %, 36.57 W, 32, 210 MHz
2026/10/06 15:44:50.657, 3, 00000000:82:00.0, 1471 MiB, 40960 MiB, 0 %, 35.35 W, 32, 210 MHz
2026/10/06 15:44:51.664, 0, 00000000:01:00.0, 1476 MiB, 40960 MiB, 0 %, 37.87 W, 31, 210 MHz
2026/10/06 15:44:51.672, 1, 00000000:02:00.0, 1463 MiB, 40960 MiB, 0 %, 32.79 W, 31, 210 MHz
2026/10/06 15:44:51.682, 2, 00000000:81:00.0, 1463 MiB, 40960 MiB, 0 %, 36.56 W, 32, 210 MHz
2026/10/06 15:44:51.694, 3, 00000000:82:00.0, 1471 MiB, 40960 MiB, 0 %, 35.35 W, 32, 210 MHz
2026/10/06 15:44:52.707, 0, 00000000:01:00.0, 1476 MiB, 40960 MiB, 0 %, 37.87 W, 31, 210 MHz
2026/10/06 15:44:52.717, 1, 00000000:02:00.0, 1463 MiB, 40960 MiB, 0 %, 32.79 W, 31, 210 MHz
2026/10/06 15:44:52.724, 2, 00000000:81:00.0, 1463 MiB, 40960 MiB, 0 %, 36.57 W, 32, 210 MHz
2026/10/06 15:44:52.731, 3, 00000000:82:00.0, 1471 MiB, 40960 MiB, 0 %, 35.25 W, 32, 210 MHz
2026/10/06 15:44:53.738, 0, 00000000:01:00.0, 1476 MiB, 40960 MiB, 100 %, 89.29 W, 32, 765 MHz
2026/10/06 15:44:53.746, 1, 00000000:02:00.0, 1463 MiB, 40960 MiB, 100 %, 89.02 W, 33, 765 MHz
2026/10/06 15:44:53.754, 2, 00000000:81:00.0, 1463 MiB, 40960 MiB, 100 %, 61.96 W, 33, 765 MHz
2026/10/06 15:44:53.762, 3, 00000000:82:00.0, 1464 MiB, 40960 MiB, 76 %, 54.90 W, 33, 765 MHz
2026/10/06 15:44:54.770, 0, 00000000:01:00.0, 1476 MiB, 40960 MiB, 100 %, 230.71 W, 39, 1410 MHz
2026/10/06 15:44:54.776, 1, 00000000:02:00.0, 1463 MiB, 40960 MiB, 100 %, 223.51 W, 42, 1410 MHz
2026/10/06 15:44:54.782, 2, 00000000:81:00.0, 1463 MiB, 40960 MiB, 100 %, 244.18 W, 41, 1410 MHz
2026/10/06 15:44:54.789, 3, 00000000:82:00.0, 1464 MiB, 40960 MiB, 100 %, 238.09 W, 43, 1410 MHz
2026/10/06 15:44:55.866, 0, 00000000:01:00.0, 1476 MiB, 40960 MiB, 100 %, 240.86 W, 41, 1410 MHz
2026/10/06 15:44:55.871, 1, 00000000:02:00.0, 1463 MiB, 40960 MiB, 100 %, 224.39 W, 43, 1410 MHz
2026/10/06 15:44:55.877, 2, 00000000:81:00.0, 1463 MiB, 40960 MiB, 100 %, 245.98 W, 42, 1410 MHz
2026/10/06 15:44:55.883, 3, 00000000:82:00.0, 1464 MiB, 40960 MiB, 100 %, 247.72 W, 45, 1410 MHz
2026/10/06 15:44:56.889, 0, 00000000:01:00.0, 1476 MiB, 40960 MiB, 100 %, 241.26 W, 41, 1410 MHz
2026/10/06 15:44:56.895, 1, 00000000:02:00.0, 1463 MiB, 40960 MiB, 100 %, 233.92 W, 44, 1410 MHz
2026/10/06 15:44:56.900, 2, 00000000:81:00.0, 1463 MiB, 40960 MiB, 100 %, 246.66 W, 43, 1410 MHz
2026/10/06 15:44:56.906, 3, 00000000:82:00.0, 1464 MiB, 40960 MiB, 100 %, 241.22 W, 46, 1410 MHz
2026/10/06 15:44:57.912, 0, 00000000:01:00.0, 1476 MiB, 40960 MiB, 100 %, 239.47 W, 41, 1410 MHz
2026/10/06 15:44:57.920, 1, 00000000:02:00.0, 1463 MiB, 40960 MiB, 100 %, 234.24 W, 44, 1410 MHz
2026/10/06 15:44:57.927, 2, 00000000:81:00.0, 1463 MiB, 40960 MiB, 100 %, 237.00 W, 44, 1410 MHz
2026/10/06 15:44:57.935, 3, 00000000:82:00.0, 1464 MiB, 40960 MiB, 100 %, 253.13 W, 47, 1395 MHz
2026/10/06 15:44:58.943, 0, 00000000:01:00.0, 1476 MiB, 40960 MiB, 100 %, 238.41 W, 41, 1410 MHz
2026/10/06 15:44:58.948, 1, 00000000:02:00.0, 1463 MiB, 40960 MiB, 100 %, 232.60 W, 45, 1410 MHz
2026/10/06 15:44:58.954, 2, 00000000:81:00.0, 1463 MiB, 40960 MiB, 100 %, 246.86 W, 45, 1410 MHz
2026/10/06 15:44:58.960, 3, 00000000:82:00.0, 1464 MiB, 40960 MiB, 99 %, 252.20 W, 48, 1410 MHz
2026/10/06 15:44:59.968, 0, 00000000:01:00.0, 1476 MiB, 40960 MiB, 100 %, 241.28 W, 42, 1410 MHz
2026/10/06 15:44:59.974, 1, 00000000:02:00.0, 1463 MiB, 40960 MiB, 100 %, 228.60 W, 45, 1410 MHz
2026/10/06 15:44:59.979, 2, 00000000:81:00.0, 1463 MiB, 40960 MiB, 100 %, 249.98 W, 45, 1410 MHz
2026/10/06 15:44:59.986, 3, 00000000:82:00.0, 1464 MiB, 40960 MiB, 99 %, 254.74 W, 48, 1410 MHz
2026/10/06 15:45:00.996, 0, 00000000:01:00.0, 1476 MiB, 40960 MiB, 100 %, 241.78 W, 42, 1410 MHz
2026/10/06 15:45:01.002, 1, 00000000:02:00.0, 1463 MiB, 40960 MiB, 100 %, 237.66 W, 45, 1410 MHz
2026/10/06 15:45:01.007, 2, 00000000:81:00.0, 1463 MiB, 40960 MiB, 100 %, 248.95 W, 46, 1410 MHz
2026/10/06 15:45:01.013, 3, 00000000:82:00.0, 1464 MiB, 40960 MiB, 99 %, 253.36 W, 49, 1410 MHz
2026/10/06 15:45:02.022, 0, 00000000:01:00.0, 1476 MiB, 40960 MiB, 100 %, 241.68 W, 42, 1410 MHz
2026/10/06 15:45:02.028, 1, 00000000:02:00.0, 1463 MiB, 40960 MiB, 99 %, 239.18 W, 45, 1410 MHz
2026/10/06 15:45:02.033, 2, 00000000:81:00.0, 1463 MiB, 40960 MiB, 100 %, 251.79 W, 46, 1410 MHz
2026/10/06 15:45:02.040, 3, 00000000:82:00.0, 1464 MiB, 40960 MiB, 99 %, 244.43 W, 49, 1410 MHz
2026/10/06 15:45:03.046, 0, 00000000:01:00.0, 1476 MiB, 40960 MiB, 100 %, 242.23 W, 42, 1410 MHz
2026/10/06 15:45:03.052, 1, 00000000:02:00.0, 1463 MiB, 40960 MiB, 100 %, 238.04 W, 45, 1410 MHz
2026/10/06 15:45:03.058, 2, 00000000:81:00.0, 1463 MiB, 40960 MiB, 100 %, 250.21 W, 47, 1410 MHz
2026/10/06 15:45:03.065, 3, 00000000:82:00.0, 1464 MiB, 40960 MiB, 99 %, 252.87 W, 49, 1410 MHz
2026/10/06 15:45:04.073, 0, 00000000:01:00.0, 1476 MiB, 40960 MiB, 100 %, 243.28 W, 42, 1410 MHz
2026/10/06 15:45:04.080, 1, 00000000:02:00.0, 1463 MiB, 40960 MiB, 100 %, 237.97 W, 45, 1410 MHz
2026/10/06 15:45:04.085, 2, 00000000:81:00.0, 1463 MiB, 40960 MiB, 100 %, 249.21 W, 47, 1410 MHz
2026/10/06 15:45:04.092, 3, 00000000:82:00.0, 1464 MiB, 40960 MiB, 100 %, 252.38 W, 49, 1410 MHz
2026/10/06 15:45:05.098, 0, 00000000:01:00.0, 1476 MiB, 40960 MiB, 100 %, 236.76 W, 42, 1410 MHz
2026/10/06 15:45:05.104, 1, 00000000:02:00.0, 1463 MiB, 40960 MiB, 100 %, 238.34 W, 45, 1410 MHz
2026/10/06 15:45:05.110, 2, 00000000:81:00.0, 1463 MiB, 40960 MiB, 100 %, 246.58 W, 47, 1410 MHz
2026/10/06 15:45:05.119, 3, 00000000:82:00.0, 1464 MiB, 40960 MiB, 100 %, 251.17 W, 49, 1410 MHz
2026/10/06 15:45:06.125, 0, 00000000:01:00.0, 1476 MiB, 40960 MiB, 100 %, 232.88 W, 42, 1410 MHz
2026/10/06 15:45:06.131, 1, 00000000:02:00.0, 1463 MiB, 40960 MiB, 100 %, 230.68 W, 46, 1410 MHz
2026/10/06 15:45:06.137, 2, 00000000:81:00.0, 1463 MiB, 40960 MiB, 100 %, 246.74 W, 47, 1410 MHz
2026/10/06 15:45:06.143, 3, 00000000:82:00.0, 1464 MiB, 40960 MiB, 100 %, 249.94 W, 49, 1410 MHz
2026/10/06 15:45:07.149, 0, 00000000:01:00.0, 1476 MiB, 40960 MiB, 100 %, 239.07 W, 42, 1410 MHz
2026/10/06 15:45:07.157, 1, 00000000:02:00.0, 1463 MiB, 40960 MiB, 100 %, 225.33 W, 45, 1410 MHz
2026/10/06 15:45:07.165, 2, 00000000:81:00.0, 1463 MiB, 40960 MiB, 100 %, 239.72 W, 47, 1410 MHz
2026/10/06 15:45:07.175, 3, 00000000:82:00.0, 1464 MiB, 40960 MiB, 100 %, 248.49 W, 49, 1395 MHz
2026/10/06 15:45:08.183, 0, 00000000:01:00.0, 1476 MiB, 40960 MiB, 100 %, 242.06 W, 42, 1410 MHz
2026/10/06 15:45:08.188, 1, 00000000:02:00.0, 1463 MiB, 40960 MiB, 100 %, 235.73 W, 46, 1410 MHz
2026/10/06 15:45:08.194, 2, 00000000:81:00.0, 1463 MiB, 40960 MiB, 100 %, 241.00 W, 47, 1410 MHz
2026/10/06 15:45:08.202, 3, 00000000:82:00.0, 1464 MiB, 40960 MiB, 100 %, 245.26 W, 49, 1395 MHz
2026/10/06 15:45:09.208, 0, 00000000:01:00.0, 1476 MiB, 40960 MiB, 100 %, 245.34 W, 42, 1410 MHz
2026/10/06 15:45:09.215, 1, 00000000:02:00.0, 1463 MiB, 40960 MiB, 100 %, 237.94 W, 46, 1410 MHz
2026/10/06 15:45:09.221, 2, 00000000:81:00.0, 1463 MiB, 40960 MiB, 100 %, 246.18 W, 47, 1410 MHz
2026/10/06 15:45:09.229, 3, 00000000:82:00.0, 1464 MiB, 40960 MiB, 100 %, 245.68 W, 49, 1395 MHz
2026/10/06 15:45:10.235, 0, 00000000:01:00.0, 1476 MiB, 40960 MiB, 100 %, 242.44 W, 42, 1410 MHz
2026/10/06 15:45:10.240, 1, 00000000:02:00.0, 1463 MiB, 40960 MiB, 100 %, 239.28 W, 46, 1410 MHz
2026/10/06 15:45:10.246, 2, 00000000:81:00.0, 1463 MiB, 40960 MiB, 100 %, 251.43 W, 48, 1410 MHz
2026/10/06 15:45:10.253, 3, 00000000:82:00.0, 1464 MiB, 40960 MiB, 100 %, 241.26 W, 50, 1410 MHz
2026/10/06 15:45:11.266, 0, 00000000:01:00.0, 1476 MiB, 40960 MiB, 100 %, 241.26 W, 42, 1410 MHz
2026/10/06 15:45:11.274, 1, 00000000:02:00.0, 1463 MiB, 40960 MiB, 100 %, 236.05 W, 46, 1410 MHz
2026/10/06 15:45:11.280, 2, 00000000:81:00.0, 1463 MiB, 40960 MiB, 99 %, 251.53 W, 48, 1410 MHz
2026/10/06 15:45:11.286, 3, 00000000:82:00.0, 1464 MiB, 40960 MiB, 100 %, 236.57 W, 50, 1410 MHz
2026/10/06 15:45:12.292, 0, 00000000:01:00.0, 1476 MiB, 40960 MiB, 100 %, 239.82 W, 43, 1410 MHz
2026/10/06 15:45:12.300, 1, 00000000:02:00.0, 1463 MiB, 40960 MiB, 100 %, 235.46 W, 46, 1410 MHz
2026/10/06 15:45:12.308, 2, 00000000:81:00.0, 1463 MiB, 40960 MiB, 99 %, 250.58 W, 48, 1410 MHz
2026/10/06 15:45:12.316, 3, 00000000:82:00.0, 1464 MiB, 40960 MiB, 100 %, 243.53 W, 50, 1410 MHz
2026/10/06 15:45:13.323, 0, 00000000:01:00.0, 1476 MiB, 40960 MiB, 100 %, 236.11 W, 43, 1410 MHz
2026/10/06 15:45:13.329, 1, 00000000:02:00.0, 1463 MiB, 40960 MiB, 100 %, 233.11 W, 46, 1410 MHz
2026/10/06 15:45:13.337, 2, 00000000:81:00.0, 1463 MiB, 40960 MiB, 100 %, 251.18 W, 48, 1410 MHz
2026/10/06 15:45:13.343, 3, 00000000:82:00.0, 1464 MiB, 40960 MiB, 99 %, 238.83 W, 50, 1410 MHz
2026/10/06 15:45:14.349, 0, 00000000:01:00.0, 1476 MiB, 40960 MiB, 100 %, 243.28 W, 43, 1410 MHz
2026/10/06 15:45:14.355, 1, 00000000:02:00.0, 1463 MiB, 40960 MiB, 100 %, 228.15 W, 46, 1410 MHz
2026/10/06 15:45:14.364, 2, 00000000:81:00.0, 1463 MiB, 40960 MiB, 100 %, 250.22 W, 48, 1410 MHz
2026/10/06 15:45:14.370, 3, 00000000:82:00.0, 1464 MiB, 40960 MiB, 100 %, 242.89 W, 50, 1395 MHz
2026/10/06 15:45:15.377, 0, 00000000:01:00.0, 1476 MiB, 40960 MiB, 100 %, 234.98 W, 42, 1410 MHz
2026/10/06 15:45:15.383, 1, 00000000:02:00.0, 1463 MiB, 40960 MiB, 100 %, 240.45 W, 46, 1410 MHz
2026/10/06 15:45:15.390, 2, 00000000:81:00.0, 1463 MiB, 40960 MiB, 100 %, 252.38 W, 48, 1410 MHz
2026/10/06 15:45:15.396, 3, 00000000:82:00.0, 1464 MiB, 40960 MiB, 100 %, 258.29 W, 50, 1410 MHz
2026/10/06 15:45:16.403, 0, 00000000:01:00.0, 1476 MiB, 40960 MiB, 100 %, 242.89 W, 43, 1410 MHz
2026/10/06 15:45:16.409, 1, 00000000:02:00.0, 1463 MiB, 40960 MiB, 100 %, 239.58 W, 46, 1410 MHz
2026/10/06 15:45:16.417, 2, 00000000:81:00.0, 1463 MiB, 40960 MiB, 100 %, 247.05 W, 48, 1410 MHz
2026/10/06 15:45:16.423, 3, 00000000:82:00.0, 1464 MiB, 40960 MiB, 100 %, 258.07 W, 50, 1410 MHz
2026/10/06 15:45:17.429, 0, 00000000:01:00.0, 1476 MiB, 40960 MiB, 100 %, 243.66 W, 43, 1410 MHz
2026/10/06 15:45:17.437, 1, 00000000:02:00.0, 1463 MiB, 40960 MiB, 100 %, 238.70 W, 46, 1410 MHz
2026/10/06 15:45:17.445, 2, 00000000:81:00.0, 1463 MiB, 40960 MiB, 100 %, 253.16 W, 48, 1410 MHz
2026/10/06 15:45:17.452, 3, 00000000:82:00.0, 1464 MiB, 40960 MiB, 100 %, 255.71 W, 50, 1410 MHz
2026/10/06 15:45:18.462, 0, 00000000:01:00.0, 1476 MiB, 40960 MiB, 100 %, 244.90 W, 43, 1410 MHz
2026/10/06 15:45:18.469, 1, 00000000:02:00.0, 1463 MiB, 40960 MiB, 100 %, 239.12 W, 46, 1410 MHz
2026/10/06 15:45:18.476, 2, 00000000:81:00.0, 1463 MiB, 40960 MiB, 100 %, 248.11 W, 48, 1410 MHz
2026/10/06 15:45:18.481, 3, 00000000:82:00.0, 1464 MiB, 40960 MiB, 100 %, 256.86 W, 50, 1410 MHz
2026/10/06 15:45:19.488, 0, 00000000:01:00.0, 1476 MiB, 40960 MiB, 100 %, 242.33 W, 43, 1410 MHz
2026/10/06 15:45:19.494, 1, 00000000:02:00.0, 1463 MiB, 40960 MiB, 100 %, 240.15 W, 46, 1410 MHz
2026/10/06 15:45:19.501, 2, 00000000:81:00.0, 1463 MiB, 40960 MiB, 100 %, 242.17 W, 48, 1410 MHz
2026/10/06 15:45:19.507, 3, 00000000:82:00.0, 1464 MiB, 40960 MiB, 100 %, 242.92 W, 50, 1410 MHz
2026/10/06 15:45:20.513, 0, 00000000:01:00.0, 1476 MiB, 40960 MiB, 100 %, 239.92 W, 43, 1410 MHz
2026/10/06 15:45:20.519, 1, 00000000:02:00.0, 1463 MiB, 40960 MiB, 100 %, 236.83 W, 46, 1410 MHz
2026/10/06 15:45:20.525, 2, 00000000:81:00.0, 1463 MiB, 40960 MiB, 100 %, 245.13 W, 48, 1410 MHz
2026/10/06 15:45:20.532, 3, 00000000:82:00.0, 1464 MiB, 40960 MiB, 100 %, 241.70 W, 50, 1410 MHz
2026/10/06 15:45:21.538, 0, 00000000:01:00.0, 1476 MiB, 40960 MiB, 100 %, 236.93 W, 43, 1410 MHz
2026/10/06 15:45:21.545, 1, 00000000:02:00.0, 1463 MiB, 40960 MiB, 100 %, 234.25 W, 46, 1410 MHz
2026/10/06 15:45:21.552, 2, 00000000:81:00.0, 1463 MiB, 40960 MiB, 100 %, 248.45 W, 48, 1410 MHz
2026/10/06 15:45:21.561, 3, 00000000:82:00.0, 1464 MiB, 40960 MiB, 100 %, 238.60 W, 50, 1410 MHz
2026/10/06 15:45:22.569, 0, 00000000:01:00.0, 1476 MiB, 40960 MiB, 100 %, 236.57 W, 43, 1410 MHz
2026/10/06 15:45:22.574, 1, 00000000:02:00.0, 1463 MiB, 40960 MiB, 100 %, 232.03 W, 46, 1410 MHz
2026/10/06 15:45:22.580, 2, 00000000:81:00.0, 1463 MiB, 40960 MiB, 99 %, 246.16 W, 48, 1410 MHz
2026/10/06 15:45:22.587, 3, 00000000:82:00.0, 1464 MiB, 40960 MiB, 100 %, 244.94 W, 50, 1395 MHz
2026/10/06 15:45:23.593, 0, 00000000:01:00.0, 1476 MiB, 40960 MiB, 100 %, 243.55 W, 43, 1410 MHz
2026/10/06 15:45:23.599, 1, 00000000:02:00.0, 1463 MiB, 40960 MiB, 99 %, 224.40 W, 46, 1410 MHz
2026/10/06 15:45:23.605, 2, 00000000:81:00.0, 1463 MiB, 40960 MiB, 100 %, 250.28 W, 48, 1410 MHz
2026/10/06 15:45:23.614, 3, 00000000:82:00.0, 1464 MiB, 40960 MiB, 100 %, 242.48 W, 50, 1395 MHz
2026/10/06 15:45:24.620, 0, 00000000:01:00.0, 1476 MiB, 40960 MiB, 100 %, 245.31 W, 43, 1410 MHz
2026/10/06 15:45:24.625, 1, 00000000:02:00.0, 1463 MiB, 40960 MiB, 99 %, 239.28 W, 46, 1410 MHz
2026/10/06 15:45:24.631, 2, 00000000:81:00.0, 1463 MiB, 40960 MiB, 100 %, 253.24 W, 48, 1410 MHz
2026/10/06 15:45:24.638, 3, 00000000:82:00.0, 1464 MiB, 40960 MiB, 99 %, 239.23 W, 50, 1395 MHz
2026/10/06 15:45:25.647, 0, 00000000:01:00.0, 1476 MiB, 40960 MiB, 100 %, 244.79 W, 43, 1410 MHz
2026/10/06 15:45:25.653, 1, 00000000:02:00.0, 1463 MiB, 40960 MiB, 100 %, 240.51 W, 46, 1410 MHz
2026/10/06 15:45:25.659, 2, 00000000:81:00.0, 1463 MiB, 40960 MiB, 99 %, 245.42 W, 48, 1395 MHz
2026/10/06 15:45:25.665, 3, 00000000:82:00.0, 1464 MiB, 40960 MiB, 100 %, 244.87 W, 50, 1395 MHz
2026/10/06 15:45:26.673, 0, 00000000:01:00.0, 1476 MiB, 40960 MiB, 100 %, 240.81 W, 43, 1410 MHz
2026/10/06 15:45:26.679, 1, 00000000:02:00.0, 1463 MiB, 40960 MiB, 100 %, 241.46 W, 46, 1410 MHz
2026/10/06 15:45:26.687, 2, 00000000:81:00.0, 1463 MiB, 40960 MiB, 100 %, 243.44 W, 48, 1410 MHz
2026/10/06 15:45:26.697, 3, 00000000:82:00.0, 1464 MiB, 40960 MiB, 100 %, 238.19 W, 50, 1395 MHz
2026/10/06 15:45:27.705, 0, 00000000:01:00.0, 1476 MiB, 40960 MiB, 100 %, 241.91 W, 43, 1410 MHz
2026/10/06 15:45:27.711, 1, 00000000:02:00.0, 1463 MiB, 40960 MiB, 99 %, 238.73 W, 46, 1410 MHz
2026/10/06 15:45:27.717, 2, 00000000:81:00.0, 1463 MiB, 40960 MiB, 99 %, 253.46 W, 48, 1410 MHz
2026/10/06 15:45:27.725, 3, 00000000:82:00.0, 1464 MiB, 40960 MiB, 100 %, 240.35 W, 50, 1395 MHz
2026/10/06 15:45:28.732, 0, 00000000:01:00.0, 1476 MiB, 40960 MiB, 100 %, 244.43 W, 43, 1410 MHz
2026/10/06 15:45:28.740, 1, 00000000:02:00.0, 1463 MiB, 40960 MiB, 100 %, 236.25 W, 46, 1410 MHz
2026/10/06 15:45:28.746, 2, 00000000:81:00.0, 1463 MiB, 40960 MiB, 100 %, 251.72 W, 48, 1410 MHz
2026/10/06 15:45:28.753, 3, 00000000:82:00.0, 1464 MiB, 40960 MiB, 100 %, 239.44 W, 50, 1395 MHz
2026/10/06 15:45:29.761, 0, 00000000:01:00.0, 1476 MiB, 40960 MiB, 100 %, 244.71 W, 43, 1410 MHz
2026/10/06 15:45:29.767, 1, 00000000:02:00.0, 1463 MiB, 40960 MiB, 100 %, 226.99 W, 46, 1410 MHz
2026/10/06 15:45:29.773, 2, 00000000:81:00.0, 1463 MiB, 40960 MiB, 100 %, 252.10 W, 48, 1410 MHz
2026/10/06 15:45:29.781, 3, 00000000:82:00.0, 1464 MiB, 40960 MiB, 100 %, 238.86 W, 50, 1395 MHz
2026/10/06 15:45:30.789, 0, 00000000:01:00.0, 1476 MiB, 40960 MiB, 100 %, 245.75 W, 43, 1410 MHz
2026/10/06 15:45:30.797, 1, 00000000:02:00.0, 1463 MiB, 40960 MiB, 100 %, 230.71 W, 46, 1410 MHz
2026/10/06 15:45:30.804, 2, 00000000:81:00.0, 1463 MiB, 40960 MiB, 100 %, 251.13 W, 48, 1410 MHz
2026/10/06 15:45:30.812, 3, 00000000:82:00.0, 1464 MiB, 40960 MiB, 100 %, 243.07 W, 50, 1395 MHz
2026/10/06 15:45:31.820, 0, 00000000:01:00.0, 1476 MiB, 40960 MiB, 100 %, 245.67 W, 43, 1410 MHz
2026/10/06 15:45:31.826, 1, 00000000:02:00.0, 1463 MiB, 40960 MiB, 100 %, 240.31 W, 46, 1410 MHz
2026/10/06 15:45:31.834, 2, 00000000:81:00.0, 1463 MiB, 40960 MiB, 99 %, 248.12 W, 49, 1410 MHz
2026/10/06 15:45:31.840, 3, 00000000:82:00.0, 1464 MiB, 40960 MiB, 100 %, 248.31 W, 50, 1395 MHz
2026/10/06 15:45:32.846, 0, 00000000:01:00.0, 1476 MiB, 40960 MiB, 100 %, 242.21 W, 43, 1410 MHz
2026/10/06 15:45:32.853, 1, 00000000:02:00.0, 1463 MiB, 40960 MiB, 100 %, 239.68 W, 46, 1410 MHz
2026/10/06 15:45:32.860, 2, 00000000:81:00.0, 1463 MiB, 40960 MiB, 100 %, 241.99 W, 49, 1410 MHz
2026/10/06 15:45:32.866, 3, 00000000:82:00.0, 1464 MiB, 40960 MiB, 100 %, 248.06 W, 50, 1410 MHz
2026/10/06 15:45:33.872, 0, 00000000:01:00.0, 1476 MiB, 40960 MiB, 100 %, 238.61 W, 43, 1410 MHz
2026/10/06 15:45:33.878, 1, 00000000:02:00.0, 1463 MiB, 40960 MiB, 100 %, 241.11 W, 46, 1410 MHz
2026/10/06 15:45:33.888, 2, 00000000:81:00.0, 1463 MiB, 40960 MiB, 100 %, 242.93 W, 49, 1395 MHz
2026/10/06 15:45:33.896, 3, 00000000:82:00.0, 1464 MiB, 40960 MiB, 100 %, 248.98 W, 50, 1410 MHz
2026/10/06 15:45:34.904, 0, 00000000:01:00.0, 1476 MiB, 40960 MiB, 100 %, 235.49 W, 43, 1410 MHz
2026/10/06 15:45:34.910, 1, 00000000:02:00.0, 1463 MiB, 40960 MiB, 100 %, 238.38 W, 46, 1410 MHz
2026/10/06 15:45:34.916, 2, 00000000:81:00.0, 1463 MiB, 40960 MiB, 100 %, 246.01 W, 48, 1395 MHz
2026/10/06 15:45:34.921, 3, 00000000:82:00.0, 1464 MiB, 40960 MiB, 100 %, 252.04 W, 50, 1410 MHz
2026/10/06 15:45:35.928, 0, 00000000:01:00.0, 1476 MiB, 40960 MiB, 100 %, 105.00 W, 39, 1410 MHz
2026/10/06 15:45:35.935, 1, 00000000:02:00.0, 1463 MiB, 40960 MiB, 99 %, 80.62 W, 40, 1410 MHz
2026/10/06 15:45:35.942, 2, 00000000:81:00.0, 1463 MiB, 40960 MiB, 77 %, 86.49 W, 44, 1410 MHz
2026/10/06 15:45:35.948, 3, 00000000:82:00.0, 1464 MiB, 40960 MiB, 40 %, 120.35 W, 44, 1410 MHz
2026/10/06 15:45:36.999, 0, 00000000:01:00.0, 1476 MiB, 40960 MiB, 0 %, 68.39 W, 36, 1410 MHz
2026/10/06 15:45:37.004, 1, 00000000:02:00.0, 1463 MiB, 40960 MiB, 0 %, 61.21 W, 36, 1410 MHz
2026/10/06 15:45:37.013, 2, 00000000:81:00.0, 1463 MiB, 40960 MiB, 0 %, 70.29 W, 40, 1410 MHz
2026/10/06 15:45:37.018, 3, 00000000:82:00.0, 1464 MiB, 40960 MiB, 0 %, 67.34 W, 40, 1410 MHz
2026/10/06 15:45:38.023, 0, 00000000:01:00.0, 1476 MiB, 40960 MiB, 0 %, 40.95 W, 34, 630 MHz
2026/10/06 15:45:38.030, 1, 00000000:02:00.0, 1463 MiB, 40960 MiB, 0 %, 37.54 W, 34, 825 MHz
2026/10/06 15:45:38.037, 2, 00000000:81:00.0, 1463 MiB, 40960 MiB, 28 %, 69.70 W, 39, 1410 MHz
2026/10/06 15:45:38.043, 3, 00000000:82:00.0, 1464 MiB, 40960 MiB, 0 %, 37.24 W, 37, 330 MHz
2026/10/06 15:45:39.050, 0, 00000000:01:00.0, 1476 MiB, 40960 MiB, 0 %, 39.11 W, 33, 405 MHz
2026/10/06 15:45:39.061, 1, 00000000:02:00.0, 1463 MiB, 40960 MiB, 0 %, 34.91 W, 33, 525 MHz
2026/10/06 15:45:39.072, 2, 00000000:81:00.0, 1463 MiB, 40960 MiB, 0 %, 69.23 W, 39, 1410 MHz
2026/10/06 15:45:39.080, 3, 00000000:82:00.0, 1464 MiB, 40960 MiB, 0 %, 37.94 W, 36, 555 MHz
2026/10/06 15:45:40.090, 0, 00000000:01:00.0, 42 MiB, 40960 MiB, 12 %, 39.53 W, 33, 435 MHz
2026/10/06 15:45:40.104, 1, 00000000:02:00.0, 31 MiB, 40960 MiB, 63 %, 34.93 W, 33, 600 MHz
2026/10/06 15:45:40.114, 2, 00000000:81:00.0, 31 MiB, 40960 MiB, 59 %, 39.01 W, 37, 450 MHz
2026/10/06 15:45:40.126, 3, 00000000:82:00.0, 692 MiB, 40960 MiB, 0 %, 38.45 W, 35, 555 MHz
2026/10/06 15:45:41.137, 0, 00000000:01:00.0, 4 MiB, 40960 MiB, 0 %, 39.51 W, 33, 435 MHz
2026/10/06 15:45:41.144, 1, 00000000:02:00.0, 4 MiB, 40960 MiB, 0 %, 35.00 W, 33, 600 MHz
2026/10/06 15:45:41.151, 2, 00000000:81:00.0, 4 MiB, 40960 MiB, 0 %, 38.69 W, 36, 450 MHz
2026/10/06 15:45:41.158, 3, 00000000:82:00.0, 4 MiB, 40960 MiB, 0 %, 40.18 W, 35, 825 MHz
2026/10/06 15:45:42.165, 0, 00000000:01:00.0, 4 MiB, 40960 MiB, 0 %, 38.17 W, 32, 210 MHz
2026/10/06 15:45:42.172, 1, 00000000:02:00.0, 4 MiB, 40960 MiB, 0 %, 32.99 W, 32, 210 MHz
2026/10/06 15:45:42.179, 2, 00000000:81:00.0, 4 MiB, 40960 MiB, 0 %, 37.24 W, 35, 210 MHz
2026/10/06 15:45:42.186, 3, 00000000:82:00.0, 4 MiB, 40960 MiB, 0 %, 35.82 W, 34, 210 MHz
2026/10/06 15:45:43.193, 0, 00000000:01:00.0, 4 MiB, 40960 MiB, 0 %, 38.16 W, 32, 210 MHz
2026/10/06 15:45:43.201, 1, 00000000:02:00.0, 4 MiB, 40960 MiB, 0 %, 32.99 W, 32, 210 MHz
2026/10/06 15:45:43.208, 2, 00000000:81:00.0, 4 MiB, 40960 MiB, 0 %, 37.04 W, 35, 210 MHz
2026/10/06 15:45:43.215, 3, 00000000:82:00.0, 4 MiB, 40960 MiB, 0 %, 35.63 W, 34, 210 MHz
2026/10/06 15:45:44.223, 0, 00000000:01:00.0, 4 MiB, 40960 MiB, 0 %, 38.07 W, 32, 210 MHz
2026/10/06 15:45:44.230, 1, 00000000:02:00.0, 4 MiB, 40960 MiB, 0 %, 32.99 W, 32, 210 MHz
2026/10/06 15:45:44.237, 2, 00000000:81:00.0, 4 MiB, 40960 MiB, 0 %, 37.14 W, 34, 210 MHz
2026/10/06 15:45:44.244, 3, 00000000:82:00.0, 4 MiB, 40960 MiB, 0 %, 35.53 W, 34, 210 MHz
2026/10/06 15:45:45.252, 0, 00000000:01:00.0, 4 MiB, 40960 MiB, 0 %, 38.08 W, 32, 210 MHz
2026/10/06 15:45:45.261, 1, 00000000:02:00.0, 4 MiB, 40960 MiB, 0 %, 32.89 W, 32, 210 MHz
2026/10/06 15:45:45.268, 2, 00000000:81:00.0, 4 MiB, 40960 MiB, 0 %, 37.14 W, 34, 210 MHz
2026/10/06 15:45:45.275, 3, 00000000:82:00.0, 4 MiB, 40960 MiB, 0 %, 35.44 W, 33, 210 MHz
2026/10/06 15:45:46.282, 0, 00000000:01:00.0, 4 MiB, 40960 MiB, 0 %, 38.08 W, 32, 210 MHz
2026/10/06 15:45:46.290, 1, 00000000:02:00.0, 4 MiB, 40960 MiB, 0 %, 32.89 W, 32, 210 MHz
2026/10/06 15:45:46.297, 2, 00000000:81:00.0, 4 MiB, 40960 MiB, 0 %, 37.14 W, 34, 210 MHz
2026/10/06 15:45:46.304, 3, 00000000:82:00.0, 4 MiB, 40960 MiB, 0 %, 35.53 W, 33, 210 MHz
2026/10/06 15:45:47.311, 0, 00000000:01:00.0, 4 MiB, 40960 MiB, 0 %, 38.07 W, 32, 210 MHz
2026/10/06 15:45:47.318, 1, 00000000:02:00.0, 4 MiB, 40960 MiB, 0 %, 32.89 W, 32, 210 MHz
2026/10/06 15:45:47.325, 2, 00000000:81:00.0, 4 MiB, 40960 MiB, 0 %, 37.04 W, 34, 210 MHz
2026/10/06 15:45:47.332, 3, 00000000:82:00.0, 4 MiB, 40960 MiB, 0 %, 35.34 W, 33, 210 MHz
2026/10/06 15:45:48.339, 0, 00000000:01:00.0, 4 MiB, 40960 MiB, 0 %, 38.06 W, 32, 210 MHz
2026/10/06 15:45:48.350, 1, 00000000:02:00.0, 4 MiB, 40960 MiB, 0 %, 32.99 W, 32, 210 MHz
2026/10/06 15:45:48.362, 2, 00000000:81:00.0, 4 MiB, 40960 MiB, 0 %, 36.95 W, 34, 210 MHz
2026/10/06 15:45:48.374, 3, 00000000:82:00.0, 4 MiB, 40960 MiB, 0 %, 35.34 W, 33, 210 MHz
2026/10/06 15:45:49.382, 0, 00000000:01:00.0, 4 MiB, 40960 MiB, 0 %, 38.08 W, 32, 210 MHz
2026/10/06 15:45:49.391, 1, 00000000:02:00.0, 4 MiB, 40960 MiB, 0 %, 32.89 W, 32, 210 MHz
2026/10/06 15:45:49.398, 2, 00000000:81:00.0, 4 MiB, 40960 MiB, 0 %, 36.95 W, 34, 210 MHz
2026/10/06 15:45:49.405, 3, 00000000:82:00.0, 4 MiB, 40960 MiB, 0 %, 35.34 W, 33, 210 MHz
2026/10/06 15:45:50.412, 0, 00000000:01:00.0, 4 MiB, 40960 MiB, 0 %, 38.08 W, 32, 210 MHz
2026/10/06 15:45:50.423, 1, 00000000:02:00.0, 4 MiB, 40960 MiB, 0 %, 32.99 W, 32, 210 MHz
2026/10/06 15:45:50.437, 2, 00000000:81:00.0, 4 MiB, 40960 MiB, 0 %, 36.85 W, 33, 210 MHz
2026/10/06 15:45:50.449, 3, 00000000:82:00.0, 4 MiB, 40960 MiB, 0 %, 35.34 W, 33, 210 MHz
2026/10/06 15:45:51.460, 0, 00000000:01:00.0, 4 MiB, 40960 MiB, 0 %, 38.08 W, 32, 210 MHz
2026/10/06 15:45:51.467, 1, 00000000:02:00.0, 4 MiB, 40960 MiB, 0 %, 32.88 W, 32, 210 MHz
2026/10/06 15:45:51.474, 2, 00000000:81:00.0, 4 MiB, 40960 MiB, 0 %, 36.85 W, 33, 210 MHz
2026/10/06 15:45:51.481, 3, 00000000:82:00.0, 4 MiB, 40960 MiB, 0 %, 35.34 W, 33, 210 MHz
2026/10/06 15:45:52.489, 0, 00000000:01:00.0, 4 MiB, 40960 MiB, 0 %, 38.06 W, 32, 210 MHz
2026/10/06 15:45:52.499, 1, 00000000:02:00.0, 4 MiB, 40960 MiB, 0 %, 32.88 W, 32, 210 MHz
2026/10/06 15:45:52.510, 2, 00000000:81:00.0, 4 MiB, 40960 MiB, 0 %, 36.85 W, 33, 210 MHz
2026/10/06 15:45:52.523, 3, 00000000:82:00.0, 4 MiB, 40960 MiB, 0 %, 35.23 W, 33, 210 MHz
2026/10/06 15:45:53.534, 0, 00000000:01:00.0, 4 MiB, 40960 MiB, 0 %, 38.06 W, 32, 210 MHz
2026/10/06 15:45:53.541, 1, 00000000:02:00.0, 4 MiB, 40960 MiB, 0 %, 32.89 W, 32, 210 MHz
2026/10/06 15:45:53.548, 2, 00000000:81:00.0, 4 MiB, 40960 MiB, 0 %, 36.85 W, 33, 210 MHz
2026/10/06 15:45:53.556, 3, 00000000:82:00.0, 4 MiB, 40960 MiB, 0 %, 35.24 W, 33, 210 MHz
2026/10/06 15:45:54.563, 0, 00000000:01:00.0, 4 MiB, 40960 MiB, 0 %, 38.06 W, 32, 210 MHz
2026/10/06 15:45:54.570, 1, 00000000:02:00.0, 4 MiB, 40960 MiB, 0 %, 32.88 W, 32, 210 MHz
2026/10/06 15:45:54.577, 2, 00000000:81:00.0, 4 MiB, 40960 MiB, 0 %, 36.85 W, 33, 210 MHz
2026/10/06 15:45:54.584, 3, 00000000:82:00.0, 4 MiB, 40960 MiB, 0 %, 35.33 W, 33, 210 MHz
2026/10/06 15:45:55.591, 0, 00000000:01:00.0, 4 MiB, 40960 MiB, 0 %, 38.06 W, 32, 210 MHz
2026/10/06 15:45:55.599, 1, 00000000:02:00.0, 4 MiB, 40960 MiB, 0 %, 32.98 W, 32, 210 MHz
2026/10/06 15:45:55.606, 2, 00000000:81:00.0, 4 MiB, 40960 MiB, 0 %, 36.85 W, 33, 210 MHz
2026/10/06 15:45:55.613, 3, 00000000:82:00.0, 4 MiB, 40960 MiB, 0 %, 35.33 W, 33, 210 MHz
2026/10/06 15:45:56.620, 0, 00000000:01:00.0, 28 MiB, 40960 MiB, 0 %, 41.97 W, 32, 765 MHz
2026/10/06 15:45:56.635, 1, 00000000:02:00.0, 4 MiB, 40960 MiB, 0 %, 32.99 W, 32, 210 MHz
2026/10/06 15:45:56.645, 2, 00000000:81:00.0, 4 MiB, 40960 MiB, 0 %, 36.75 W, 33, 210 MHz
2026/10/06 15:45:56.661, 3, 00000000:82:00.0, 4 MiB, 40960 MiB, 0 %, 35.25 W, 33, 210 MHz
2026/10/06 15:45:57.676, 0, 00000000:01:00.0, 3078 MiB, 40960 MiB, 0 %, 42.55 W, 32, 855 MHz
2026/10/06 15:45:57.683, 1, 00000000:02:00.0, 11 MiB, 40960 MiB, 0 %, 36.58 W, 32, 765 MHz
2026/10/06 15:45:57.691, 2, 00000000:81:00.0, 28 MiB, 40960 MiB, 0 %, 40.28 W, 33, 765 MHz
2026/10/06 15:45:57.710, 3, 00000000:82:00.0, 11 MiB, 40960 MiB, 1 %, 39.13 W, 33, 765 MHz
2026/10/06 15:45:58.722, 0, 00000000:01:00.0, 3078 MiB, 40960 MiB, 0 %, 41.95 W, 32, 765 MHz
2026/10/06 15:45:58.734, 1, 00000000:02:00.0, 3034 MiB, 40960 MiB, 0 %, 36.58 W, 32, 765 MHz
2026/10/06 15:45:58.743, 2, 00000000:81:00.0, 3034 MiB, 40960 MiB, 0 %, 40.27 W, 33, 765 MHz
2026/10/06 15:45:58.753, 3, 00000000:82:00.0, 3034 MiB, 40960 MiB, 0 %, 39.03 W, 33, 765 MHz
2026/10/06 15:45:59.762, 0, 00000000:01:00.0, 3078 MiB, 40960 MiB, 0 %, 41.95 W, 32, 765 MHz
2026/10/06 15:45:59.769, 1, 00000000:02:00.0, 3034 MiB, 40960 MiB, 0 %, 36.58 W, 32, 765 MHz
2026/10/06 15:45:59.776, 2, 00000000:81:00.0, 3034 MiB, 40960 MiB, 0 %, 40.28 W, 33, 765 MHz
2026/10/06 15:45:59.783, 3, 00000000:82:00.0, 3034 MiB, 40960 MiB, 0 %, 39.04 W, 33, 765 MHz
2026/10/06 15:46:00.789, 0, 00000000:01:00.0, 3078 MiB, 40960 MiB, 0 %, 41.96 W, 32, 765 MHz
2026/10/06 15:46:00.798, 1, 00000000:02:00.0, 3034 MiB, 40960 MiB, 0 %, 36.67 W, 32, 765 MHz
2026/10/06 15:46:00.808, 2, 00000000:81:00.0, 3034 MiB, 40960 MiB, 0 %, 40.28 W, 33, 765 MHz
2026/10/06 15:46:00.819, 3, 00000000:82:00.0, 3034 MiB, 40960 MiB, 0 %, 39.13 W, 33, 765 MHz
2026/10/06 15:46:01.828, 0, 00000000:01:00.0, 3078 MiB, 40960 MiB, 0 %, 38.08 W, 32, 210 MHz
2026/10/06 15:46:01.835, 1, 00000000:02:00.0, 3034 MiB, 40960 MiB, 0 %, 32.99 W, 32, 210 MHz
2026/10/06 15:46:01.842, 2, 00000000:81:00.0, 3034 MiB, 40960 MiB, 0 %, 36.75 W, 33, 210 MHz
2026/10/06 15:46:01.849, 3, 00000000:82:00.0, 3034 MiB, 40960 MiB, 0 %, 39.04 W, 33, 765 MHz
2026/10/06 15:46:02.855, 0, 00000000:01:00.0, 3078 MiB, 40960 MiB, 0 %, 38.07 W, 32, 210 MHz
2026/10/06 15:46:02.866, 1, 00000000:02:00.0, 3034 MiB, 40960 MiB, 0 %, 32.89 W, 32, 210 MHz
2026/10/06 15:46:02.877, 2, 00000000:81:00.0, 3034 MiB, 40960 MiB, 0 %, 36.85 W, 33, 210 MHz
2026/10/06 15:46:02.888, 3, 00000000:82:00.0, 3034 MiB, 40960 MiB, 0 %, 35.23 W, 33, 210 MHz
2026/10/06 15:46:03.899, 0, 00000000:01:00.0, 3078 MiB, 40960 MiB, 0 %, 37.98 W, 32, 210 MHz
2026/10/06 15:46:03.907, 1, 00000000:02:00.0, 3034 MiB, 40960 MiB, 0 %, 32.99 W, 32, 210 MHz
2026/10/06 15:46:03.915, 2, 00000000:81:00.0, 3034 MiB, 40960 MiB, 0 %, 36.76 W, 33, 210 MHz
2026/10/06 15:46:03.922, 3, 00000000:82:00.0, 3034 MiB, 40960 MiB, 0 %, 35.44 W, 33, 210 MHz
2026/10/06 15:46:04.930, 0, 00000000:01:00.0, 3078 MiB, 40960 MiB, 0 %, 38.06 W, 32, 210 MHz
2026/10/06 15:46:04.941, 1, 00000000:02:00.0, 3034 MiB, 40960 MiB, 0 %, 32.99 W, 32, 210 MHz
2026/10/06 15:46:04.952, 2, 00000000:81:00.0, 3034 MiB, 40960 MiB, 0 %, 36.85 W, 33, 210 MHz
2026/10/06 15:46:04.963, 3, 00000000:82:00.0, 3034 MiB, 40960 MiB, 0 %, 35.24 W, 33, 210 MHz
2026/10/06 15:46:05.978, 0, 00000000:01:00.0, 3071 MiB, 40960 MiB, 100 %, 199.49 W, 35, 1365 MHz
2026/10/06 15:46:05.993, 1, 00000000:02:00.0, 3034 MiB, 40960 MiB, 0 %, 32.82 W, 32, 210 MHz
2026/10/06 15:46:06.000, 2, 00000000:81:00.0, 3034 MiB, 40960 MiB, 0 %, 36.73 W, 33, 210 MHz
2026/10/06 15:46:06.008, 3, 00000000:82:00.0, 3034 MiB, 40960 MiB, 0 %, 35.21 W, 32, 210 MHz
2026/10/06 15:46:07.018, 0, 00000000:01:00.0, 3071 MiB, 40960 MiB, 100 %, 225.05 W, 40, 1410 MHz
2026/10/06 15:46:07.027, 1, 00000000:02:00.0, 3027 MiB, 40960 MiB, 100 %, 231.58 W, 36, 1380 MHz
2026/10/06 15:46:07.038, 2, 00000000:81:00.0, 3027 MiB, 40960 MiB, 98 %, 240.15 W, 41, 1395 MHz
2026/10/06 15:46:07.112, 3, 00000000:82:00.0, 3027 MiB, 40960 MiB, 100 %, 68.85 W, 37, 1395 MHz
2026/10/06 15:46:08.124, 0, 00000000:01:00.0, 3071 MiB, 40960 MiB, 100 %, 226.67 W, 41, 1410 MHz
2026/10/06 15:46:08.130, 1, 00000000:02:00.0, 3027 MiB, 40960 MiB, 100 %, 246.40 W, 43, 1410 MHz
2026/10/06 15:46:08.137, 2, 00000000:81:00.0, 3027 MiB, 40960 MiB, 100 %, 228.58 W, 43, 1410 MHz
2026/10/06 15:46:08.142, 3, 00000000:82:00.0, 3027 MiB, 40960 MiB, 100 %, 254.77 W, 45, 1395 MHz
2026/10/06 15:46:09.148, 0, 00000000:01:00.0, 3071 MiB, 40960 MiB, 100 %, 241.87 W, 42, 1395 MHz
2026/10/06 15:46:09.154, 1, 00000000:02:00.0, 3027 MiB, 40960 MiB, 100 %, 228.35 W, 45, 1410 MHz
2026/10/06 15:46:09.159, 2, 00000000:81:00.0, 3027 MiB, 40960 MiB, 100 %, 258.22 W, 44, 1410 MHz
2026/10/06 15:46:09.165, 3, 00000000:82:00.0, 3027 MiB, 40960 MiB, 100 %, 240.22 W, 46, 1395 MHz
2026/10/06 15:46:10.171, 0, 00000000:01:00.0, 3071 MiB, 40960 MiB, 100 %, 239.21 W, 42, 1410 MHz
2026/10/06 15:46:10.177, 1, 00000000:02:00.0, 3027 MiB, 40960 MiB, 100 %, 227.05 W, 45, 1410 MHz
2026/10/06 15:46:10.182, 2, 00000000:81:00.0, 3027 MiB, 40960 MiB, 100 %, 230.64 W, 44, 1410 MHz
2026/10/06 15:46:10.190, 3, 00000000:82:00.0, 3027 MiB, 40960 MiB, 100 %, 228.64 W, 47, 1410 MHz
2026/10/06 15:46:11.196, 0, 00000000:01:00.0, 3071 MiB, 40960 MiB, 100 %, 228.11 W, 43, 1410 MHz
2026/10/06 15:46:11.201, 1, 00000000:02:00.0, 3027 MiB, 40960 MiB, 100 %, 245.10 W, 46, 1410 MHz
2026/10/06 15:46:11.285, 2, 00000000:81:00.0, 3027 MiB, 40960 MiB, 100 %, 246.08 W, 45, 1410 MHz
2026/10/06 15:46:11.291, 3, 00000000:82:00.0, 3027 MiB, 40960 MiB, 100 %, 225.98 W, 48, 1410 MHz
2026/10/06 15:46:12.300, 0, 00000000:01:00.0, 3071 MiB, 40960 MiB, 100 %, 242.96 W, 43, 1410 MHz
2026/10/06 15:46:12.308, 1, 00000000:02:00.0, 3027 MiB, 40960 MiB, 100 %, 252.21 W, 46, 1410 MHz
2026/10/06 15:46:12.316, 2, 00000000:81:00.0, 3027 MiB, 40960 MiB, 100 %, 230.78 W, 46, 1395 MHz
2026/10/06 15:46:12.322, 3, 00000000:82:00.0, 3027 MiB, 40960 MiB, 100 %, 257.98 W, 49, 1395 MHz
2026/10/06 15:46:13.327, 0, 00000000:01:00.0, 3071 MiB, 40960 MiB, 100 %, 243.42 W, 43, 1395 MHz
2026/10/06 15:46:13.338, 1, 00000000:02:00.0, 3027 MiB, 40960 MiB, 100 %, 229.41 W, 46, 1410 MHz
2026/10/06 15:46:13.345, 2, 00000000:81:00.0, 3027 MiB, 40960 MiB, 100 %, 245.90 W, 46, 1410 MHz
2026/10/06 15:46:13.351, 3, 00000000:82:00.0, 3027 MiB, 40960 MiB, 100 %, 251.06 W, 49, 1395 MHz
2026/10/06 15:46:14.358, 0, 00000000:01:00.0, 3071 MiB, 40960 MiB, 100 %, 227.57 W, 43, 1410 MHz
2026/10/06 15:46:14.366, 1, 00000000:02:00.0, 3027 MiB, 40960 MiB, 100 %, 239.15 W, 47, 1410 MHz
2026/10/06 15:46:14.372, 2, 00000000:81:00.0, 3027 MiB, 40960 MiB, 100 %, 258.98 W, 47, 1395 MHz
2026/10/06 15:46:14.380, 3, 00000000:82:00.0, 3027 MiB, 40960 MiB, 100 %, 257.24 W, 50, 1395 MHz
2026/10/06 15:46:15.389, 0, 00000000:01:00.0, 3071 MiB, 40960 MiB, 100 %, 252.67 W, 43, 1410 MHz
2026/10/06 15:46:15.395, 1, 00000000:02:00.0, 3027 MiB, 40960 MiB, 100 %, 223.11 W, 46, 1410 MHz
2026/10/06 15:46:15.400, 2, 00000000:81:00.0, 3027 MiB, 40960 MiB, 100 %, 248.10 W, 47, 1395 MHz
2026/10/06 15:46:15.406, 3, 00000000:82:00.0, 3027 MiB, 40960 MiB, 100 %, 228.45 W, 49, 1395 MHz
2026/10/06 15:46:16.415, 0, 00000000:01:00.0, 3071 MiB, 40960 MiB, 100 %, 252.94 W, 43, 1410 MHz
2026/10/06 15:46:16.421, 1, 00000000:02:00.0, 3027 MiB, 40960 MiB, 100 %, 252.66 W, 47, 1410 MHz
2026/10/06 15:46:16.427, 2, 00000000:81:00.0, 3027 MiB, 40960 MiB, 100 %, 223.49 W, 47, 1410 MHz
2026/10/06 15:46:16.434, 3, 00000000:82:00.0, 3027 MiB, 40960 MiB, 100 %, 234.75 W, 50, 1410 MHz
2026/10/06 15:46:17.440, 0, 00000000:01:00.0, 3071 MiB, 40960 MiB, 100 %, 231.02 W, 43, 1395 MHz
2026/10/06 15:46:17.452, 1, 00000000:02:00.0, 3027 MiB, 40960 MiB, 100 %, 229.65 W, 46, 1410 MHz
2026/10/06 15:46:17.457, 2, 00000000:81:00.0, 3027 MiB, 40960 MiB, 100 %, 248.08 W, 48, 1395 MHz
2026/10/06 15:46:17.463, 3, 00000000:82:00.0, 3027 MiB, 40960 MiB, 100 %, 251.06 W, 50, 1395 MHz
2026/10/06 15:46:18.543, 0, 00000000:01:00.0, 3071 MiB, 40960 MiB, 100 %, 231.24 W, 43, 1410 MHz
2026/10/06 15:46:18.549, 1, 00000000:02:00.0, 3027 MiB, 40960 MiB, 100 %, 250.23 W, 47, 1410 MHz
2026/10/06 15:46:18.555, 2, 00000000:81:00.0, 3027 MiB, 40960 MiB, 100 %, 256.89 W, 48, 1395 MHz
2026/10/06 15:46:18.560, 3, 00000000:82:00.0, 3027 MiB, 40960 MiB, 100 %, 257.62 W, 50, 1395 MHz
2026/10/06 15:46:19.566, 0, 00000000:01:00.0, 3071 MiB, 40960 MiB, 100 %, 242.23 W, 43, 1395 MHz
2026/10/06 15:46:19.577, 1, 00000000:02:00.0, 3027 MiB, 40960 MiB, 100 %, 222.82 W, 47, 1410 MHz
2026/10/06 15:46:19.584, 2, 00000000:81:00.0, 3027 MiB, 40960 MiB, 100 %, 248.67 W, 48, 1410 MHz
2026/10/06 15:46:19.592, 3, 00000000:82:00.0, 3027 MiB, 40960 MiB, 100 %, 251.06 W, 50, 1395 MHz
2026/10/06 15:46:20.599, 0, 00000000:01:00.0, 3071 MiB, 40960 MiB, 100 %, 227.87 W, 43, 1410 MHz
2026/10/06 15:46:20.605, 1, 00000000:02:00.0, 3027 MiB, 40960 MiB, 100 %, 252.67 W, 47, 1410 MHz
2026/10/06 15:46:20.611, 2, 00000000:81:00.0, 3027 MiB, 40960 MiB, 100 %, 224.18 W, 48, 1395 MHz
2026/10/06 15:46:20.617, 3, 00000000:82:00.0, 3027 MiB, 40960 MiB, 100 %, 228.45 W, 50, 1395 MHz
2026/10/06 15:46:21.623, 0, 00000000:01:00.0, 3071 MiB, 40960 MiB, 100 %, 255.23 W, 43, 1410 MHz
2026/10/06 15:46:21.629, 1, 00000000:02:00.0, 3027 MiB, 40960 MiB, 100 %, 249.08 W, 47, 1410 MHz
2026/10/06 15:46:21.635, 2, 00000000:81:00.0, 3027 MiB, 40960 MiB, 100 %, 228.90 W, 48, 1395 MHz
2026/10/06 15:46:21.641, 3, 00000000:82:00.0, 3027 MiB, 40960 MiB, 100 %, 250.48 W, 51, 1395 MHz
2026/10/06 15:46:22.647, 0, 00000000:01:00.0, 3071 MiB, 40960 MiB, 100 %, 247.44 W, 43, 1410 MHz
2026/10/06 15:46:22.652, 1, 00000000:02:00.0, 3027 MiB, 40960 MiB, 100 %, 249.69 W, 47, 1410 MHz
2026/10/06 15:46:22.660, 2, 00000000:81:00.0, 3027 MiB, 40960 MiB, 100 %, 245.30 W, 48, 1395 MHz
2026/10/06 15:46:22.672, 3, 00000000:82:00.0, 3027 MiB, 40960 MiB, 100 %, 254.77 W, 50, 1395 MHz
2026/10/06 15:46:23.682, 0, 00000000:01:00.0, 3071 MiB, 40960 MiB, 100 %, 231.37 W, 43, 1410 MHz
2026/10/06 15:46:23.687, 1, 00000000:02:00.0, 3027 MiB, 40960 MiB, 100 %, 222.91 W, 47, 1410 MHz
2026/10/06 15:46:23.693, 2, 00000000:81:00.0, 3027 MiB, 40960 MiB, 100 %, 249.45 W, 48, 1395 MHz
2026/10/06 15:46:23.699, 3, 00000000:82:00.0, 3027 MiB, 40960 MiB, 100 %, 252.41 W, 51, 1395 MHz
2026/10/06 15:46:24.704, 0, 00000000:01:00.0, 3071 MiB, 40960 MiB, 100 %, 250.69 W, 43, 1410 MHz
2026/10/06 15:46:24.711, 1, 00000000:02:00.0, 3027 MiB, 40960 MiB, 100 %, 245.09 W, 47, 1410 MHz
2026/10/06 15:46:24.717, 2, 00000000:81:00.0, 3027 MiB, 40960 MiB, 100 %, 225.43 W, 48, 1410 MHz
2026/10/06 15:46:24.726, 3, 00000000:82:00.0, 3027 MiB, 40960 MiB, 100 %, 226.54 W, 50, 1410 MHz
2026/10/06 15:46:25.735, 0, 00000000:01:00.0, 3071 MiB, 40960 MiB, 100 %, 251.74 W, 43, 1410 MHz
2026/10/06 15:46:25.740, 1, 00000000:02:00.0, 3027 MiB, 40960 MiB, 100 %, 249.88 W, 46, 1410 MHz
2026/10/06 15:46:25.746, 2, 00000000:81:00.0, 3027 MiB, 40960 MiB, 100 %, 256.87 W, 49, 1395 MHz
2026/10/06 15:46:25.754, 3, 00000000:82:00.0, 3027 MiB, 40960 MiB, 100 %, 258.39 W, 51, 1395 MHz
2026/10/06 15:46:26.760, 0, 00000000:01:00.0, 3071 MiB, 40960 MiB, 100 %, 253.35 W, 44, 1410 MHz
2026/10/06 15:46:26.766, 1, 00000000:02:00.0, 3027 MiB, 40960 MiB, 100 %, 250.03 W, 47, 1410 MHz
2026/10/06 15:46:26.771, 2, 00000000:81:00.0, 3027 MiB, 40960 MiB, 100 %, 227.99 W, 48, 1410 MHz
2026/10/06 15:46:26.778, 3, 00000000:82:00.0, 3027 MiB, 40960 MiB, 100 %, 240.76 W, 50, 1410 MHz
2026/10/06 15:46:27.784, 0, 00000000:01:00.0, 3071 MiB, 40960 MiB, 100 %, 228.42 W, 43, 1410 MHz
2026/10/06 15:46:27.790, 1, 00000000:02:00.0, 3027 MiB, 40960 MiB, 100 %, 223.10 W, 47, 1410 MHz
2026/10/06 15:46:27.795, 2, 00000000:81:00.0, 3027 MiB, 40960 MiB, 100 %, 253.17 W, 49, 1395 MHz
2026/10/06 15:46:27.801, 3, 00000000:82:00.0, 3027 MiB, 40960 MiB, 100 %, 231.81 W, 51, 1395 MHz
2026/10/06 15:46:28.807, 0, 00000000:01:00.0, 3071 MiB, 40960 MiB, 100 %, 251.94 W, 43, 1395 MHz
2026/10/06 15:46:28.815, 1, 00000000:02:00.0, 3027 MiB, 40960 MiB, 100 %, 248.42 W, 47, 1410 MHz
2026/10/06 15:46:28.822, 2, 00000000:81:00.0, 3027 MiB, 40960 MiB, 100 %, 230.62 W, 48, 1410 MHz
2026/10/06 15:46:28.831, 3, 00000000:82:00.0, 3027 MiB, 40960 MiB, 100 %, 228.25 W, 50, 1395 MHz
2026/10/06 15:46:29.839, 0, 00000000:01:00.0, 3071 MiB, 40960 MiB, 100 %, 253.91 W, 43, 1410 MHz
2026/10/06 15:46:29.845, 1, 00000000:02:00.0, 3027 MiB, 40960 MiB, 100 %, 228.20 W, 46, 1410 MHz
2026/10/06 15:46:29.851, 2, 00000000:81:00.0, 3027 MiB, 40960 MiB, 100 %, 257.23 W, 49, 1395 MHz
2026/10/06 15:46:29.857, 3, 00000000:82:00.0, 3027 MiB, 40960 MiB, 100 %, 263.69 W, 51, 1395 MHz
2026/10/06 15:46:30.863, 0, 00000000:01:00.0, 3071 MiB, 40960 MiB, 100 %, 243.10 W, 43, 1395 MHz
2026/10/06 15:46:30.869, 1, 00000000:02:00.0, 3027 MiB, 40960 MiB, 100 %, 250.22 W, 47, 1410 MHz
2026/10/06 15:46:30.876, 2, 00000000:81:00.0, 3027 MiB, 40960 MiB, 100 %, 250.40 W, 48, 1395 MHz
2026/10/06 15:46:30.882, 3, 00000000:82:00.0, 3027 MiB, 40960 MiB, 100 %, 243.34 W, 50, 1395 MHz
2026/10/06 15:46:31.888, 0, 00000000:01:00.0, 3071 MiB, 40960 MiB, 100 %, 230.00 W, 43, 1410 MHz
2026/10/06 15:46:31.893, 1, 00000000:02:00.0, 3027 MiB, 40960 MiB, 100 %, 223.35 W, 46, 1410 MHz
2026/10/06 15:46:31.899, 2, 00000000:81:00.0, 3027 MiB, 40960 MiB, 100 %, 225.54 W, 49, 1395 MHz
2026/10/06 15:46:31.907, 3, 00000000:82:00.0, 3027 MiB, 40960 MiB, 100 %, 230.35 W, 50, 1410 MHz
2026/10/06 15:46:32.912, 0, 00000000:01:00.0, 3071 MiB, 40960 MiB, 100 %, 250.71 W, 43, 1410 MHz
2026/10/06 15:46:32.918, 1, 00000000:02:00.0, 3027 MiB, 40960 MiB, 100 %, 247.38 W, 47, 1410 MHz
2026/10/06 15:46:32.925, 2, 00000000:81:00.0, 3027 MiB, 40960 MiB, 100 %, 231.79 W, 48, 1395 MHz
2026/10/06 15:46:32.931, 3, 00000000:82:00.0, 3027 MiB, 40960 MiB, 100 %, 259.53 W, 51, 1395 MHz
2026/10/06 15:46:33.937, 0, 00000000:01:00.0, 3071 MiB, 40960 MiB, 100 %, 253.45 W, 43, 1410 MHz
2026/10/06 15:46:33.943, 1, 00000000:02:00.0, 3027 MiB, 40960 MiB, 100 %, 227.76 W, 46, 1410 MHz
2026/10/06 15:46:33.951, 2, 00000000:81:00.0, 3027 MiB, 40960 MiB, 100 %, 244.06 W, 49, 1410 MHz
2026/10/06 15:46:33.958, 3, 00000000:82:00.0, 3027 MiB, 40960 MiB, 100 %, 248.12 W, 50, 1410 MHz
2026/10/06 15:46:34.967, 0, 00000000:01:00.0, 3071 MiB, 40960 MiB, 100 %, 228.76 W, 43, 1410 MHz
2026/10/06 15:46:34.972, 1, 00000000:02:00.0, 3027 MiB, 40960 MiB, 100 %, 246.77 W, 47, 1410 MHz
2026/10/06 15:46:34.978, 2, 00000000:81:00.0, 3027 MiB, 40960 MiB, 100 %, 250.13 W, 49, 1395 MHz
2026/10/06 15:46:34.984, 3, 00000000:82:00.0, 3027 MiB, 40960 MiB, 100 %, 252.50 W, 51, 1395 MHz
2026/10/06 15:46:35.996, 0, 00000000:01:00.0, 3071 MiB, 40960 MiB, 100 %, 240.19 W, 43, 1410 MHz
2026/10/06 15:46:36.002, 1, 00000000:02:00.0, 3027 MiB, 40960 MiB, 100 %, 223.33 W, 46, 1410 MHz
2026/10/06 15:46:36.007, 2, 00000000:81:00.0, 3027 MiB, 40960 MiB, 100 %, 226.76 W, 48, 1410 MHz
2026/10/06 15:46:36.013, 3, 00000000:82:00.0, 3027 MiB, 40960 MiB, 100 %, 227.57 W, 50, 1395 MHz
2026/10/06 15:46:37.022, 0, 00000000:01:00.0, 3071 MiB, 40960 MiB, 100 %, 220.92 W, 43, 1410 MHz
2026/10/06 15:46:37.029, 1, 00000000:02:00.0, 3027 MiB, 40960 MiB, 100 %, 248.14 W, 47, 1410 MHz
2026/10/06 15:46:37.035, 2, 00000000:81:00.0, 3027 MiB, 40960 MiB, 100 %, 258.30 W, 49, 1395 MHz
2026/10/06 15:46:37.040, 3, 00000000:82:00.0, 3027 MiB, 40960 MiB, 100 %, 260.48 W, 51, 1380 MHz
2026/10/06 15:46:38.046, 0, 00000000:01:00.0, 3071 MiB, 40960 MiB, 100 %, 243.83 W, 43, 1410 MHz
2026/10/06 15:46:38.057, 1, 00000000:02:00.0, 3027 MiB, 40960 MiB, 100 %, 227.95 W, 46, 1410 MHz
2026/10/06 15:46:38.064, 2, 00000000:81:00.0, 3027 MiB, 40960 MiB, 100 %, 227.21 W, 48, 1410 MHz
2026/10/06 15:46:38.073, 3, 00000000:82:00.0, 3027 MiB, 40960 MiB, 100 %, 253.52 W, 50, 1395 MHz
2026/10/06 15:46:39.081, 0, 00000000:01:00.0, 3071 MiB, 40960 MiB, 100 %, 222.18 W, 43, 1410 MHz
2026/10/06 15:46:39.087, 1, 00000000:02:00.0, 3027 MiB, 40960 MiB, 100 %, 249.15 W, 47, 1410 MHz
2026/10/06 15:46:39.093, 2, 00000000:81:00.0, 3027 MiB, 40960 MiB, 100 %, 249.80 W, 49, 1395 MHz
2026/10/06 15:46:39.099, 3, 00000000:82:00.0, 3027 MiB, 40960 MiB, 100 %, 223.99 W, 50, 1395 MHz
2026/10/06 15:46:40.105, 0, 00000000:01:00.0, 3071 MiB, 40960 MiB, 100 %, 248.06 W, 43, 1410 MHz
2026/10/06 15:46:40.111, 1, 00000000:02:00.0, 3027 MiB, 40960 MiB, 100 %, 251.57 W, 47, 1410 MHz
2026/10/06 15:46:40.117, 2, 00000000:81:00.0, 3027 MiB, 40960 MiB, 100 %, 228.33 W, 48, 1395 MHz
2026/10/06 15:46:40.123, 3, 00000000:82:00.0, 3027 MiB, 40960 MiB, 100 %, 254.89 W, 51, 1395 MHz
2026/10/06 15:46:41.129, 0, 00000000:01:00.0, 3071 MiB, 40960 MiB, 100 %, 228.99 W, 43, 1410 MHz
2026/10/06 15:46:41.139, 1, 00000000:02:00.0, 3027 MiB, 40960 MiB, 100 %, 248.51 W, 47, 1410 MHz
2026/10/06 15:46:41.144, 2, 00000000:81:00.0, 3027 MiB, 40960 MiB, 100 %, 255.55 W, 49, 1395 MHz
2026/10/06 15:46:41.150, 3, 00000000:82:00.0, 3027 MiB, 40960 MiB, 100 %, 231.54 W, 50, 1410 MHz
2026/10/06 15:46:42.155, 0, 00000000:01:00.0, 3071 MiB, 40960 MiB, 100 %, 256.68 W, 43, 1410 MHz
2026/10/06 15:46:42.164, 1, 00000000:02:00.0, 3027 MiB, 40960 MiB, 100 %, 227.41 W, 46, 1410 MHz
2026/10/06 15:46:42.170, 2, 00000000:81:00.0, 3027 MiB, 40960 MiB, 100 %, 255.27 W, 48, 1395 MHz
2026/10/06 15:46:42.177, 3, 00000000:82:00.0, 3027 MiB, 40960 MiB, 100 %, 248.11 W, 50, 1380 MHz
2026/10/06 15:46:43.185, 0, 00000000:01:00.0, 3071 MiB, 40960 MiB, 100 %, 245.75 W, 43, 1410 MHz
2026/10/06 15:46:43.194, 1, 00000000:02:00.0, 3027 MiB, 40960 MiB, 100 %, 250.02 W, 47, 1410 MHz
2026/10/06 15:46:43.202, 2, 00000000:81:00.0, 3027 MiB, 40960 MiB, 100 %, 256.01 W, 49, 1395 MHz
2026/10/06 15:46:43.211, 3, 00000000:82:00.0, 3027 MiB, 40960 MiB, 100 %, 232.23 W, 50, 1410 MHz
2026/10/06 15:46:44.219, 0, 00000000:01:00.0, 3071 MiB, 40960 MiB, 100 %, 227.45 W, 43, 1395 MHz
2026/10/06 15:46:44.225, 1, 00000000:02:00.0, 3027 MiB, 40960 MiB, 100 %, 251.82 W, 47, 1410 MHz
2026/10/06 15:46:44.231, 2, 00000000:81:00.0, 3027 MiB, 40960 MiB, 100 %, 235.79 W, 49, 1395 MHz
2026/10/06 15:46:44.237, 3, 00000000:82:00.0, 3027 MiB, 40960 MiB, 100 %, 239.38 W, 51, 1380 MHz
2026/10/06 15:46:45.244, 0, 00000000:01:00.0, 3071 MiB, 40960 MiB, 100 %, 251.82 W, 43, 1410 MHz
2026/10/06 15:46:45.251, 1, 00000000:02:00.0, 3027 MiB, 40960 MiB, 100 %, 224.81 W, 47, 1410 MHz
2026/10/06 15:46:45.258, 2, 00000000:81:00.0, 3027 MiB, 40960 MiB, 100 %, 233.22 W, 49, 1395 MHz
2026/10/06 15:46:45.265, 3, 00000000:82:00.0, 3027 MiB, 40960 MiB, 100 %, 253.72 W, 50, 1395 MHz
2026/10/06 15:46:46.273, 0, 00000000:01:00.0, 3071 MiB, 40960 MiB, 100 %, 253.63 W, 43, 1410 MHz
2026/10/06 15:46:46.279, 1, 00000000:02:00.0, 3027 MiB, 40960 MiB, 100 %, 227.70 W, 47, 1410 MHz
2026/10/06 15:46:46.287, 2, 00000000:81:00.0, 3027 MiB, 40960 MiB, 100 %, 251.14 W, 49, 1395 MHz
2026/10/06 15:46:46.293, 3, 00000000:82:00.0, 3027 MiB, 40960 MiB, 100 %, 255.64 W, 50, 1395 MHz
2026/10/06 15:46:47.301, 0, 00000000:01:00.0, 3071 MiB, 40960 MiB, 100 %, 254.88 W, 43, 1410 MHz
2026/10/06 15:46:47.306, 1, 00000000:02:00.0, 3027 MiB, 40960 MiB, 100 %, 250.89 W, 47, 1410 MHz
2026/10/06 15:46:47.314, 2, 00000000:81:00.0, 3027 MiB, 40960 MiB, 100 %, 224.09 W, 48, 1410 MHz
2026/10/06 15:46:47.320, 3, 00000000:82:00.0, 3027 MiB, 40960 MiB, 100 %, 249.73 W, 51, 1395 MHz
2026/10/06 15:46:48.326, 0, 00000000:01:00.0, 3071 MiB, 40960 MiB, 100 %, 229.66 W, 43, 1410 MHz
2026/10/06 15:46:48.332, 1, 00000000:02:00.0, 3027 MiB, 40960 MiB, 100 %, 251.73 W, 47, 1410 MHz
2026/10/06 15:46:48.340, 2, 00000000:81:00.0, 3027 MiB, 40960 MiB, 100 %, 259.71 W, 49, 1395 MHz
2026/10/06 15:46:48.348, 3, 00000000:82:00.0, 3027 MiB, 40960 MiB, 100 %, 224.55 W, 50, 1410 MHz
2026/10/06 15:46:49.355, 0, 00000000:01:00.0, 3071 MiB, 40960 MiB, 100 %, 255.15 W, 43, 1395 MHz
2026/10/06 15:46:49.360, 1, 00000000:02:00.0, 3027 MiB, 40960 MiB, 100 %, 224.83 W, 47, 1410 MHz
2026/10/06 15:46:49.367, 2, 00000000:81:00.0, 3027 MiB, 40960 MiB, 100 %, 229.95 W, 48, 1410 MHz
2026/10/06 15:46:49.373, 3, 00000000:82:00.0, 3027 MiB, 40960 MiB, 100 %, 262.09 W, 51, 1380 MHz
2026/10/06 15:46:50.381, 0, 00000000:01:00.0, 3071 MiB, 40960 MiB, 100 %, 247.83 W, 43, 1410 MHz
2026/10/06 15:46:50.391, 1, 00000000:02:00.0, 3027 MiB, 40960 MiB, 100 %, 228.10 W, 47, 1410 MHz
2026/10/06 15:46:50.397, 2, 00000000:81:00.0, 3027 MiB, 40960 MiB, 100 %, 250.07 W, 49, 1395 MHz
2026/10/06 15:46:50.403, 3, 00000000:82:00.0, 3027 MiB, 40960 MiB, 100 %, 244.41 W, 50, 1395 MHz
2026/10/06 15:46:51.409, 0, 00000000:01:00.0, 3071 MiB, 40960 MiB, 100 %, 253.46 W, 43, 1410 MHz
2026/10/06 15:46:51.415, 1, 00000000:02:00.0, 3027 MiB, 40960 MiB, 100 %, 249.48 W, 47, 1410 MHz
2026/10/06 15:46:51.421, 2, 00000000:81:00.0, 3027 MiB, 40960 MiB, 100 %, 230.85 W, 48, 1395 MHz
2026/10/06 15:46:51.427, 3, 00000000:82:00.0, 3027 MiB, 40960 MiB, 100 %, 229.91 W, 51, 1380 MHz
2026/10/06 15:46:52.433, 0, 00000000:01:00.0, 3071 MiB, 40960 MiB, 100 %, 221.97 W, 43, 1410 MHz
2026/10/06 15:46:52.445, 1, 00000000:02:00.0, 3027 MiB, 40960 MiB, 100 %, 252.12 W, 47, 1410 MHz
2026/10/06 15:46:52.451, 2, 00000000:81:00.0, 3027 MiB, 40960 MiB, 100 %, 251.07 W, 49, 1395 MHz
2026/10/06 15:46:52.456, 3, 00000000:82:00.0, 3027 MiB, 40960 MiB, 100 %, 231.22 W, 50, 1395 MHz
2026/10/06 15:46:53.462, 0, 00000000:01:00.0, 3071 MiB, 40960 MiB, 100 %, 250.29 W, 43, 1395 MHz
2026/10/06 15:46:53.473, 1, 00000000:02:00.0, 3027 MiB, 40960 MiB, 100 %, 225.67 W, 47, 1410 MHz
2026/10/06 15:46:53.480, 2, 00000000:81:00.0, 3027 MiB, 40960 MiB, 100 %, 247.31 W, 48, 1395 MHz
2026/10/06 15:46:53.488, 3, 00000000:82:00.0, 3027 MiB, 40960 MiB, 100 %, 246.32 W, 50, 1380 MHz
2026/10/06 15:46:54.494, 0, 00000000:01:00.0, 3071 MiB, 40960 MiB, 100 %, 245.66 W, 43, 1395 MHz
2026/10/06 15:46:54.502, 1, 00000000:02:00.0, 3027 MiB, 40960 MiB, 100 %, 253.92 W, 47, 1410 MHz
2026/10/06 15:46:54.508, 2, 00000000:81:00.0, 3027 MiB, 40960 MiB, 100 %, 256.59 W, 49, 1395 MHz
2026/10/06 15:46:54.513, 3, 00000000:82:00.0, 3027 MiB, 40960 MiB, 100 %, 245.17 W, 51, 1395 MHz
2026/10/06 15:46:55.520, 0, 00000000:01:00.0, 3071 MiB, 40960 MiB, 100 %, 226.02 W, 43, 1395 MHz
2026/10/06 15:46:55.526, 1, 00000000:02:00.0, 3027 MiB, 40960 MiB, 100 %, 249.57 W, 47, 1410 MHz
2026/10/06 15:46:55.532, 2, 00000000:81:00.0, 3027 MiB, 40960 MiB, 100 %, 239.50 W, 49, 1395 MHz
2026/10/06 15:46:55.537, 3, 00000000:82:00.0, 3027 MiB, 40960 MiB, 100 %, 229.61 W, 50, 1410 MHz
2026/10/06 15:46:56.543, 0, 00000000:01:00.0, 3071 MiB, 40960 MiB, 100 %, 227.19 W, 43, 1395 MHz
2026/10/06 15:46:56.553, 1, 00000000:02:00.0, 3027 MiB, 40960 MiB, 100 %, 252.87 W, 47, 1410 MHz
2026/10/06 15:46:56.559, 2, 00000000:81:00.0, 3027 MiB, 40960 MiB, 100 %, 227.38 W, 49, 1395 MHz
2026/10/06 15:46:56.566, 3, 00000000:82:00.0, 3027 MiB, 40960 MiB, 100 %, 256.58 W, 51, 1395 MHz
2026/10/06 15:46:57.572, 0, 00000000:01:00.0, 3071 MiB, 40960 MiB, 100 %, 233.47 W, 43, 1410 MHz
2026/10/06 15:46:57.578, 1, 00000000:02:00.0, 3027 MiB, 40960 MiB, 100 %, 226.00 W, 46, 1410 MHz
2026/10/06 15:46:57.584, 2, 00000000:81:00.0, 3027 MiB, 40960 MiB, 100 %, 251.81 W, 49, 1395 MHz
2026/10/06 15:46:57.592, 3, 00000000:82:00.0, 3027 MiB, 40960 MiB, 100 %, 227.93 W, 50, 1395 MHz
2026/10/06 15:46:58.599, 0, 00000000:01:00.0, 3071 MiB, 40960 MiB, 100 %, 249.19 W, 43, 1395 MHz
2026/10/06 15:46:58.607, 1, 00000000:02:00.0, 3027 MiB, 40960 MiB, 100 %, 254.21 W, 47, 1410 MHz
2026/10/06 15:46:58.614, 2, 00000000:81:00.0, 3027 MiB, 40960 MiB, 100 %, 229.34 W, 49, 1410 MHz
2026/10/06 15:46:58.622, 3, 00000000:82:00.0, 3027 MiB, 40960 MiB, 100 %, 258.39 W, 51, 1395 MHz
2026/10/06 15:46:59.629, 0, 00000000:01:00.0, 3071 MiB, 40960 MiB, 100 %, 233.46 W, 43, 1410 MHz
2026/10/06 15:46:59.636, 1, 00000000:02:00.0, 3027 MiB, 40960 MiB, 100 %, 249.36 W, 46, 1410 MHz
2026/10/06 15:46:59.643, 2, 00000000:81:00.0, 3027 MiB, 40960 MiB, 100 %, 252.59 W, 49, 1395 MHz
2026/10/06 15:46:59.654, 3, 00000000:82:00.0, 3027 MiB, 40960 MiB, 100 %, 247.26 W, 50, 1395 MHz
2026/10/06 15:47:00.660, 0, 00000000:01:00.0, 3071 MiB, 40960 MiB, 100 %, 251.66 W, 43, 1395 MHz
2026/10/06 15:47:00.667, 1, 00000000:02:00.0, 3027 MiB, 40960 MiB, 100 %, 253.16 W, 47, 1410 MHz
2026/10/06 15:47:00.674, 2, 00000000:81:00.0, 3027 MiB, 40960 MiB, 100 %, 227.57 W, 48, 1410 MHz
2026/10/06 15:47:00.680, 3, 00000000:82:00.0, 3027 MiB, 40960 MiB, 100 %, 230.29 W, 51, 1380 MHz
2026/10/06 15:47:01.686, 0, 00000000:01:00.0, 3071 MiB, 40960 MiB, 100 %, 249.08 W, 43, 1395 MHz
2026/10/06 15:47:01.692, 1, 00000000:02:00.0, 3027 MiB, 40960 MiB, 100 %, 226.60 W, 47, 1410 MHz
2026/10/06 15:47:01.702, 2, 00000000:81:00.0, 3027 MiB, 40960 MiB, 100 %, 252.48 W, 49, 1395 MHz
2026/10/06 15:47:01.709, 3, 00000000:82:00.0, 3027 MiB, 40960 MiB, 100 %, 244.77 W, 51, 1395 MHz
2026/10/06 15:47:02.714, 0, 00000000:01:00.0, 3071 MiB, 40960 MiB, 100 %, 244.40 W, 43, 1395 MHz
2026/10/06 15:47:02.720, 1, 00000000:02:00.0, 3027 MiB, 40960 MiB, 100 %, 253.92 W, 47, 1410 MHz
2026/10/06 15:47:02.726, 2, 00000000:81:00.0, 3027 MiB, 40960 MiB, 100 %, 235.98 W, 49, 1395 MHz
2026/10/06 15:47:02.732, 3, 00000000:82:00.0, 3027 MiB, 40960 MiB, 100 %, 234.03 W, 50, 1410 MHz
2026/10/06 15:47:03.738, 0, 00000000:01:00.0, 3071 MiB, 40960 MiB, 100 %, 225.82 W, 43, 1395 MHz
2026/10/06 15:47:03.744, 1, 00000000:02:00.0, 3027 MiB, 40960 MiB, 100 %, 233.10 W, 46, 1410 MHz
2026/10/06 15:47:03.752, 2, 00000000:81:00.0, 3027 MiB, 40960 MiB, 100 %, 242.48 W, 49, 1395 MHz
2026/10/06 15:47:03.759, 3, 00000000:82:00.0, 3027 MiB, 40960 MiB, 100 %, 245.80 W, 51, 1380 MHz
2026/10/06 15:47:04.768, 0, 00000000:01:00.0, 3071 MiB, 40960 MiB, 100 %, 236.15 W, 43, 1395 MHz
2026/10/06 15:47:04.775, 1, 00000000:02:00.0, 3027 MiB, 40960 MiB, 100 %, 252.79 W, 47, 1410 MHz
2026/10/06 15:47:04.781, 2, 00000000:81:00.0, 3027 MiB, 40960 MiB, 100 %, 252.28 W, 49, 1395 MHz
2026/10/06 15:47:04.787, 3, 00000000:82:00.0, 3027 MiB, 40960 MiB, 100 %, 225.45 W, 50, 1410 MHz
2026/10/06 15:47:05.799, 0, 00000000:01:00.0, 3071 MiB, 40960 MiB, 100 %, 246.60 W, 43, 1410 MHz
2026/10/06 15:47:05.806, 1, 00000000:02:00.0, 3027 MiB, 40960 MiB, 100 %, 226.37 W, 46, 1410 MHz
2026/10/06 15:47:05.812, 2, 00000000:81:00.0, 3027 MiB, 40960 MiB, 100 %, 256.87 W, 49, 1395 MHz
2026/10/06 15:47:05.818, 3, 00000000:82:00.0, 3027 MiB, 40960 MiB, 100 %, 263.04 W, 51, 1380 MHz
2026/10/06 15:47:06.826, 0, 00000000:01:00.0, 3071 MiB, 40960 MiB, 100 %, 231.78 W, 43, 1410 MHz
2026/10/06 15:47:06.832, 1, 00000000:02:00.0, 3027 MiB, 40960 MiB, 100 %, 254.21 W, 47, 1410 MHz
2026/10/06 15:47:06.838, 2, 00000000:81:00.0, 3027 MiB, 40960 MiB, 100 %, 256.58 W, 49, 1395 MHz
2026/10/06 15:47:06.844, 3, 00000000:82:00.0, 3027 MiB, 40960 MiB, 100 %, 250.03 W, 50, 1395 MHz
2026/10/06 15:47:07.850, 0, 00000000:01:00.0, 3071 MiB, 40960 MiB, 100 %, 254.11 W, 43, 1395 MHz
2026/10/06 15:47:07.861, 1, 00000000:02:00.0, 3027 MiB, 40960 MiB, 100 %, 234.12 W, 47, 1410 MHz
2026/10/06 15:47:07.869, 2, 00000000:81:00.0, 3027 MiB, 40960 MiB, 100 %, 233.63 W, 49, 1395 MHz
2026/10/06 15:47:07.876, 3, 00000000:82:00.0, 3027 MiB, 40960 MiB, 100 %, 229.91 W, 51, 1380 MHz
2026/10/06 15:47:08.891, 0, 00000000:01:00.0, 3071 MiB, 40960 MiB, 100 %, 233.88 W, 43, 1410 MHz
2026/10/06 15:47:08.897, 1, 00000000:02:00.0, 3027 MiB, 40960 MiB, 100 %, 253.16 W, 47, 1410 MHz
2026/10/06 15:47:08.905, 2, 00000000:81:00.0, 3027 MiB, 40960 MiB, 100 %, 251.55 W, 49, 1395 MHz
2026/10/06 15:47:08.910, 3, 00000000:82:00.0, 3027 MiB, 40960 MiB, 100 %, 228.10 W, 50, 1395 MHz
2026/10/06 15:47:09.917, 0, 00000000:01:00.0, 3071 MiB, 40960 MiB, 100 %, 257.81 W, 43, 1395 MHz
2026/10/06 15:47:09.922, 1, 00000000:02:00.0, 3027 MiB, 40960 MiB, 100 %, 227.00 W, 47, 1410 MHz
2026/10/06 15:47:09.931, 2, 00000000:81:00.0, 3027 MiB, 40960 MiB, 100 %, 229.93 W, 49, 1410 MHz
2026/10/06 15:47:09.936, 3, 00000000:82:00.0, 3027 MiB, 40960 MiB, 100 %, 235.81 W, 50, 1395 MHz
2026/10/06 15:47:10.950, 0, 00000000:01:00.0, 3071 MiB, 40960 MiB, 100 %, 232.28 W, 43, 1410 MHz
2026/10/06 15:47:10.955, 1, 00000000:02:00.0, 3027 MiB, 40960 MiB, 100 %, 254.49 W, 47, 1410 MHz
2026/10/06 15:47:10.961, 2, 00000000:81:00.0, 3027 MiB, 40960 MiB, 100 %, 252.98 W, 49, 1395 MHz
2026/10/06 15:47:10.967, 3, 00000000:82:00.0, 3027 MiB, 40960 MiB, 100 %, 246.13 W, 51, 1395 MHz
2026/10/06 15:47:11.979, 0, 00000000:01:00.0, 3071 MiB, 40960 MiB, 100 %, 230.17 W, 43, 1395 MHz
2026/10/06 15:47:11.985, 1, 00000000:02:00.0, 3027 MiB, 40960 MiB, 100 %, 235.57 W, 47, 1410 MHz
2026/10/06 15:47:11.990, 2, 00000000:81:00.0, 3027 MiB, 40960 MiB, 100 %, 223.49 W, 48, 1410 MHz
2026/10/06 15:47:11.996, 3, 00000000:82:00.0, 3027 MiB, 40960 MiB, 100 %, 231.05 W, 50, 1410 MHz
2026/10/06 15:47:13.002, 0, 00000000:01:00.0, 3071 MiB, 40960 MiB, 100 %, 232.34 W, 43, 1410 MHz
2026/10/06 15:47:13.010, 1, 00000000:02:00.0, 3027 MiB, 40960 MiB, 100 %, 232.43 W, 47, 1410 MHz
2026/10/06 15:47:13.017, 2, 00000000:81:00.0, 3027 MiB, 40960 MiB, 100 %, 249.74 W, 49, 1395 MHz
2026/10/06 15:47:13.025, 3, 00000000:82:00.0, 3027 MiB, 40960 MiB, 100 %, 248.53 W, 51, 1395 MHz
2026/10/06 15:47:14.033, 0, 00000000:01:00.0, 3071 MiB, 40960 MiB, 100 %, 256.10 W, 43, 1395 MHz
2026/10/06 15:47:14.039, 1, 00000000:02:00.0, 3027 MiB, 40960 MiB, 100 %, 227.19 W, 47, 1410 MHz
2026/10/06 15:47:14.045, 2, 00000000:81:00.0, 3027 MiB, 40960 MiB, 100 %, 232.72 W, 49, 1410 MHz
2026/10/06 15:47:14.056, 3, 00000000:82:00.0, 3027 MiB, 40960 MiB, 100 %, 229.87 W, 50, 1395 MHz
2026/10/06 15:47:15.062, 0, 00000000:01:00.0, 3071 MiB, 40960 MiB, 100 %, 246.24 W, 43, 1410 MHz
2026/10/06 15:47:15.068, 1, 00000000:02:00.0, 3027 MiB, 40960 MiB, 100 %, 254.80 W, 47, 1410 MHz
2026/10/06 15:47:15.073, 2, 00000000:81:00.0, 3027 MiB, 40960 MiB, 100 %, 248.95 W, 49, 1380 MHz
2026/10/06 15:47:15.079, 3, 00000000:82:00.0, 3027 MiB, 40960 MiB, 100 %, 254.31 W, 51, 1395 MHz
2026/10/06 15:47:16.085, 0, 00000000:01:00.0, 3071 MiB, 40960 MiB, 100 %, 230.93 W, 43, 1410 MHz
2026/10/06 15:47:16.091, 1, 00000000:02:00.0, 3027 MiB, 40960 MiB, 100 %, 236.80 W, 47, 1410 MHz
2026/10/06 15:47:16.097, 2, 00000000:81:00.0, 3027 MiB, 40960 MiB, 100 %, 244.10 W, 49, 1395 MHz
2026/10/06 15:47:16.102, 3, 00000000:82:00.0, 3027 MiB, 40960 MiB, 100 %, 240.68 W, 50, 1395 MHz
2026/10/06 15:47:17.112, 0, 00000000:01:00.0, 3071 MiB, 40960 MiB, 100 %, 257.52 W, 43, 1410 MHz
2026/10/06 15:47:17.117, 1, 00000000:02:00.0, 3027 MiB, 40960 MiB, 100 %, 227.76 W, 47, 1410 MHz
2026/10/06 15:47:17.123, 2, 00000000:81:00.0, 3027 MiB, 40960 MiB, 100 %, 259.09 W, 49, 1395 MHz
2026/10/06 15:47:17.131, 3, 00000000:82:00.0, 3027 MiB, 40960 MiB, 100 %, 231.77 W, 51, 1410 MHz
2026/10/06 15:47:18.137, 0, 00000000:01:00.0, 3071 MiB, 40960 MiB, 100 %, 232.89 W, 43, 1410 MHz
2026/10/06 15:47:18.145, 1, 00000000:02:00.0, 3027 MiB, 40960 MiB, 100 %, 227.38 W, 47, 1410 MHz
2026/10/06 15:47:18.152, 2, 00000000:81:00.0, 3027 MiB, 40960 MiB, 100 %, 243.02 W, 49, 1395 MHz
2026/10/06 15:47:18.160, 3, 00000000:82:00.0, 3027 MiB, 40960 MiB, 100 %, 249.83 W, 51, 1395 MHz
2026/10/06 15:47:19.168, 0, 00000000:01:00.0, 3071 MiB, 40960 MiB, 100 %, 254.67 W, 43, 1410 MHz
2026/10/06 15:47:19.174, 1, 00000000:02:00.0, 3027 MiB, 40960 MiB, 100 %, 254.49 W, 47, 1410 MHz
2026/10/06 15:47:19.179, 2, 00000000:81:00.0, 3027 MiB, 40960 MiB, 100 %, 231.76 W, 49, 1395 MHz
2026/10/06 15:47:19.191, 3, 00000000:82:00.0, 3027 MiB, 40960 MiB, 100 %, 237.90 W, 50, 1410 MHz
2026/10/06 15:47:20.197, 0, 00000000:01:00.0, 3071 MiB, 40960 MiB, 100 %, 234.56 W, 43, 1410 MHz
2026/10/06 15:47:20.203, 1, 00000000:02:00.0, 3027 MiB, 40960 MiB, 100 %, 240.05 W, 47, 1410 MHz
2026/10/06 15:47:20.209, 2, 00000000:81:00.0, 3027 MiB, 40960 MiB, 100 %, 250.71 W, 49, 1395 MHz
2026/10/06 15:47:20.218, 3, 00000000:82:00.0, 3027 MiB, 40960 MiB, 100 %, 245.82 W, 51, 1380 MHz
2026/10/06 15:47:21.224, 0, 00000000:01:00.0, 3071 MiB, 40960 MiB, 100 %, 255.43 W, 43, 1395 MHz
2026/10/06 15:47:21.229, 1, 00000000:02:00.0, 3027 MiB, 40960 MiB, 100 %, 220.06 W, 47, 1410 MHz
2026/10/06 15:47:21.236, 2, 00000000:81:00.0, 3027 MiB, 40960 MiB, 100 %, 229.67 W, 49, 1410 MHz
2026/10/06 15:47:21.242, 3, 00000000:82:00.0, 3027 MiB, 40960 MiB, 100 %, 230.31 W, 51, 1395 MHz
2026/10/06 15:47:22.247, 0, 00000000:01:00.0, 3071 MiB, 40960 MiB, 100 %, 250.31 W, 43, 1410 MHz
2026/10/06 15:47:22.257, 1, 00000000:02:00.0, 3027 MiB, 40960 MiB, 100 %, 252.79 W, 47, 1410 MHz
2026/10/06 15:47:22.266, 2, 00000000:81:00.0, 3027 MiB, 40960 MiB, 100 %, 252.48 W, 49, 1395 MHz
2026/10/06 15:47:22.275, 3, 00000000:82:00.0, 3027 MiB, 40960 MiB, 100 %, 264.47 W, 51, 1395 MHz
2026/10/06 15:47:23.281, 0, 00000000:01:00.0, 3071 MiB, 40960 MiB, 100 %, 257.52 W, 43, 1395 MHz
2026/10/06 15:47:23.288, 1, 00000000:02:00.0, 3027 MiB, 40960 MiB, 100 %, 254.87 W, 47, 1410 MHz
2026/10/06 15:47:23.296, 2, 00000000:81:00.0, 3027 MiB, 40960 MiB, 100 %, 227.38 W, 49, 1410 MHz
2026/10/06 15:47:23.305, 3, 00000000:82:00.0, 3027 MiB, 40960 MiB, 100 %, 246.22 W, 51, 1395 MHz
2026/10/06 15:47:24.313, 0, 00000000:01:00.0, 3071 MiB, 40960 MiB, 100 %, 239.59 W, 43, 1410 MHz
2026/10/06 15:47:24.318, 1, 00000000:02:00.0, 3027 MiB, 40960 MiB, 100 %, 243.01 W, 47, 1410 MHz
2026/10/06 15:47:24.324, 2, 00000000:81:00.0, 3027 MiB, 40960 MiB, 100 %, 256.02 W, 49, 1395 MHz
2026/10/06 15:47:24.330, 3, 00000000:82:00.0, 3027 MiB, 40960 MiB, 100 %, 229.94 W, 51, 1380 MHz
2026/10/06 15:47:25.342, 0, 00000000:01:00.0, 3071 MiB, 40960 MiB, 100 %, 230.28 W, 43, 1410 MHz
2026/10/06 15:47:25.348, 1, 00000000:02:00.0, 3027 MiB, 40960 MiB, 100 %, 223.24 W, 47, 1410 MHz
2026/10/06 15:47:25.354, 2, 00000000:81:00.0, 3027 MiB, 40960 MiB, 100 %, 239.77 W, 49, 1395 MHz
2026/10/06 15:47:25.360, 3, 00000000:82:00.0, 3027 MiB, 40960 MiB, 100 %, 260.09 W, 51, 1380 MHz
2026/10/06 15:47:26.366, 0, 00000000:01:00.0, 3071 MiB, 40960 MiB, 100 %, 248.22 W, 43, 1395 MHz
2026/10/06 15:47:26.372, 1, 00000000:02:00.0, 3027 MiB, 40960 MiB, 100 %, 252.11 W, 47, 1410 MHz
2026/10/06 15:47:26.377, 2, 00000000:81:00.0, 3027 MiB, 40960 MiB, 100 %, 222.86 W, 49, 1395 MHz
2026/10/06 15:47:26.383, 3, 00000000:82:00.0, 3027 MiB, 40960 MiB, 100 %, 230.96 W, 50, 1410 MHz
2026/10/06 15:47:27.392, 0, 00000000:01:00.0, 3071 MiB, 40960 MiB, 100 %, 226.88 W, 43, 1410 MHz
2026/10/06 15:47:27.398, 1, 00000000:02:00.0, 3027 MiB, 40960 MiB, 100 %, 254.89 W, 47, 1410 MHz
2026/10/06 15:47:27.404, 2, 00000000:81:00.0, 3027 MiB, 40960 MiB, 100 %, 251.60 W, 49, 1395 MHz
2026/10/06 15:47:27.410, 3, 00000000:82:00.0, 3027 MiB, 40960 MiB, 100 %, 248.01 W, 51, 1380 MHz
2026/10/06 15:47:28.417, 0, 00000000:01:00.0, 3071 MiB, 40960 MiB, 100 %, 246.31 W, 43, 1395 MHz
2026/10/06 15:47:28.424, 1, 00000000:02:00.0, 3027 MiB, 40960 MiB, 100 %, 252.13 W, 47, 1410 MHz
2026/10/06 15:47:28.430, 2, 00000000:81:00.0, 3027 MiB, 40960 MiB, 100 %, 258.58 W, 49, 1395 MHz
2026/10/06 15:47:28.436, 3, 00000000:82:00.0, 3027 MiB, 40960 MiB, 100 %, 228.05 W, 50, 1395 MHz
2026/10/06 15:47:29.442, 0, 00000000:01:00.0, 3071 MiB, 40960 MiB, 100 %, 231.28 W, 43, 1410 MHz
2026/10/06 15:47:29.450, 1, 00000000:02:00.0, 3027 MiB, 40960 MiB, 100 %, 225.01 W, 47, 1410 MHz
2026/10/06 15:47:29.455, 2, 00000000:81:00.0, 3027 MiB, 40960 MiB, 100 %, 248.11 W, 49, 1395 MHz
2026/10/06 15:47:29.461, 3, 00000000:82:00.0, 3027 MiB, 40960 MiB, 100 %, 247.92 W, 51, 1380 MHz
2026/10/06 15:47:30.467, 0, 00000000:01:00.0, 3071 MiB, 40960 MiB, 100 %, 257.15 W, 43, 1395 MHz
2026/10/06 15:47:30.473, 1, 00000000:02:00.0, 3027 MiB, 40960 MiB, 100 %, 252.12 W, 47, 1410 MHz
2026/10/06 15:47:30.479, 2, 00000000:81:00.0, 3027 MiB, 40960 MiB, 100 %, 223.75 W, 49, 1395 MHz
2026/10/06 15:47:30.493, 3, 00000000:82:00.0, 3027 MiB, 40960 MiB, 100 %, 246.21 W, 51, 1395 MHz
2026/10/06 15:47:31.498, 0, 00000000:01:00.0, 3071 MiB, 40960 MiB, 100 %, 245.93 W, 43, 1410 MHz
2026/10/06 15:47:31.511, 1, 00000000:02:00.0, 3027 MiB, 40960 MiB, 100 %, 228.43 W, 47, 1410 MHz
2026/10/06 15:47:31.516, 2, 00000000:81:00.0, 3027 MiB, 40960 MiB, 100 %, 256.48 W, 49, 1395 MHz
2026/10/06 15:47:31.522, 3, 00000000:82:00.0, 3027 MiB, 40960 MiB, 100 %, 230.59 W, 51, 1395 MHz
2026/10/06 15:47:32.529, 0, 00000000:01:00.0, 3071 MiB, 40960 MiB, 100 %, 229.04 W, 43, 1395 MHz
2026/10/06 15:47:32.542, 1, 00000000:02:00.0, 3027 MiB, 40960 MiB, 100 %, 252.24 W, 47, 1410 MHz
2026/10/06 15:47:32.550, 2, 00000000:81:00.0, 3027 MiB, 40960 MiB, 100 %, 251.35 W, 49, 1410 MHz
2026/10/06 15:47:32.564, 3, 00000000:82:00.0, 3027 MiB, 40960 MiB, 100 %, 255.17 W, 51, 1395 MHz
2026/10/06 15:47:33.572, 0, 00000000:01:00.0, 3071 MiB, 40960 MiB, 100 %, 233.65 W, 43, 1410 MHz
2026/10/06 15:47:33.577, 1, 00000000:02:00.0, 3027 MiB, 40960 MiB, 100 %, 224.91 W, 46, 1410 MHz
2026/10/06 15:47:33.583, 2, 00000000:81:00.0, 3027 MiB, 40960 MiB, 100 %, 252.00 W, 49, 1395 MHz
2026/10/06 15:47:33.589, 3, 00000000:82:00.0, 3027 MiB, 40960 MiB, 100 %, 228.02 W, 50, 1410 MHz
2026/10/06 15:47:34.595, 0, 00000000:01:00.0, 3071 MiB, 40960 MiB, 100 %, 233.49 W, 43, 1410 MHz
2026/10/06 15:47:34.601, 1, 00000000:02:00.0, 3027 MiB, 40960 MiB, 100 %, 248.53 W, 47, 1410 MHz
2026/10/06 15:47:34.606, 2, 00000000:81:00.0, 3027 MiB, 40960 MiB, 100 %, 228.82 W, 49, 1410 MHz
2026/10/06 15:47:34.612, 3, 00000000:82:00.0, 3027 MiB, 40960 MiB, 100 %, 252.20 W, 51, 1380 MHz
2026/10/06 15:47:35.619, 0, 00000000:01:00.0, 3071 MiB, 40960 MiB, 100 %, 254.02 W, 43, 1410 MHz
2026/10/06 15:47:35.624, 1, 00000000:02:00.0, 3027 MiB, 40960 MiB, 100 %, 230.26 W, 46, 1410 MHz
2026/10/06 15:47:35.630, 2, 00000000:81:00.0, 3027 MiB, 40960 MiB, 100 %, 259.45 W, 49, 1395 MHz
2026/10/06 15:47:35.636, 3, 00000000:82:00.0, 3027 MiB, 40960 MiB, 100 %, 241.84 W, 50, 1395 MHz
2026/10/06 15:47:36.641, 0, 00000000:01:00.0, 3071 MiB, 40960 MiB, 100 %, 227.75 W, 43, 1410 MHz
2026/10/06 15:47:36.648, 1, 00000000:02:00.0, 3027 MiB, 40960 MiB, 100 %, 241.18 W, 47, 1410 MHz
2026/10/06 15:47:36.655, 2, 00000000:81:00.0, 3027 MiB, 40960 MiB, 100 %, 252.68 W, 49, 1395 MHz
2026/10/06 15:47:36.662, 3, 00000000:82:00.0, 3027 MiB, 40960 MiB, 100 %, 228.80 W, 51, 1395 MHz
2026/10/06 15:47:37.667, 0, 00000000:01:00.0, 3071 MiB, 40960 MiB, 100 %, 239.88 W, 43, 1395 MHz
2026/10/06 15:47:37.678, 1, 00000000:02:00.0, 3027 MiB, 40960 MiB, 100 %, 226.85 W, 47, 1410 MHz
2026/10/06 15:47:37.685, 2, 00000000:81:00.0, 3027 MiB, 40960 MiB, 100 %, 228.36 W, 49, 1395 MHz
2026/10/06 15:47:37.693, 3, 00000000:82:00.0, 3027 MiB, 40960 MiB, 100 %, 248.77 W, 51, 1395 MHz
2026/10/06 15:47:38.700, 0, 00000000:01:00.0, 3071 MiB, 40960 MiB, 100 %, 225.38 W, 43, 1410 MHz
2026/10/06 15:47:38.706, 1, 00000000:02:00.0, 3027 MiB, 40960 MiB, 100 %, 254.59 W, 47, 1410 MHz
2026/10/06 15:47:38.712, 2, 00000000:81:00.0, 3027 MiB, 40960 MiB, 100 %, 252.49 W, 49, 1395 MHz
2026/10/06 15:47:38.718, 3, 00000000:82:00.0, 3027 MiB, 40960 MiB, 100 %, 256.49 W, 51, 1395 MHz
2026/10/06 15:47:39.732, 0, 00000000:01:00.0, 3071 MiB, 40960 MiB, 100 %, 255.53 W, 43, 1395 MHz
2026/10/06 15:47:39.738, 1, 00000000:02:00.0, 3027 MiB, 40960 MiB, 100 %, 251.74 W, 47, 1410 MHz
2026/10/06 15:47:39.744, 2, 00000000:81:00.0, 3027 MiB, 40960 MiB, 100 %, 229.86 W, 49, 1410 MHz
2026/10/06 15:47:39.749, 3, 00000000:82:00.0, 3027 MiB, 40960 MiB, 100 %, 254.96 W, 51, 1395 MHz
2026/10/06 15:47:40.757, 0, 00000000:01:00.0, 3071 MiB, 40960 MiB, 100 %, 250.13 W, 43, 1395 MHz
2026/10/06 15:47:40.763, 1, 00000000:02:00.0, 3027 MiB, 40960 MiB, 100 %, 225.05 W, 47, 1410 MHz
2026/10/06 15:47:40.768, 2, 00000000:81:00.0, 3027 MiB, 40960 MiB, 100 %, 250.88 W, 49, 1395 MHz
2026/10/06 15:47:40.775, 3, 00000000:82:00.0, 3027 MiB, 40960 MiB, 100 %, 230.13 W, 50, 1395 MHz
2026/10/06 15:47:41.782, 0, 00000000:01:00.0, 3071 MiB, 40960 MiB, 100 %, 231.09 W, 43, 1395 MHz
2026/10/06 15:47:41.793, 1, 00000000:02:00.0, 3027 MiB, 40960 MiB, 100 %, 227.70 W, 47, 1410 MHz
2026/10/06 15:47:41.799, 2, 00000000:81:00.0, 3027 MiB, 40960 MiB, 100 %, 229.82 W, 49, 1410 MHz
2026/10/06 15:47:41.809, 3, 00000000:82:00.0, 3027 MiB, 40960 MiB, 100 %, 250.97 W, 51, 1380 MHz
2026/10/06 15:47:42.818, 0, 00000000:01:00.0, 3071 MiB, 40960 MiB, 100 %, 245.58 W, 43, 1410 MHz
2026/10/06 15:47:42.825, 1, 00000000:02:00.0, 3027 MiB, 40960 MiB, 100 %, 252.81 W, 47, 1410 MHz
2026/10/06 15:47:42.832, 2, 00000000:81:00.0, 3027 MiB, 40960 MiB, 100 %, 252.66 W, 49, 1395 MHz
2026/10/06 15:47:42.842, 3, 00000000:82:00.0, 3027 MiB, 40960 MiB, 100 %, 246.42 W, 50, 1395 MHz
2026/10/06 15:47:43.850, 0, 00000000:01:00.0, 3071 MiB, 40960 MiB, 100 %, 230.47 W, 43, 1410 MHz
2026/10/06 15:47:43.856, 1, 00000000:02:00.0, 3027 MiB, 40960 MiB, 100 %, 253.16 W, 47, 1410 MHz
2026/10/06 15:47:43.861, 2, 00000000:81:00.0, 3027 MiB, 40960 MiB, 100 %, 229.38 W, 49, 1395 MHz
2026/10/06 15:47:43.867, 3, 00000000:82:00.0, 3027 MiB, 40960 MiB, 100 %, 260.76 W, 51, 1380 MHz
2026/10/06 15:47:44.880, 0, 00000000:01:00.0, 3071 MiB, 40960 MiB, 100 %, 249.95 W, 43, 1395 MHz
2026/10/06 15:47:44.886, 1, 00000000:02:00.0, 3027 MiB, 40960 MiB, 100 %, 226.94 W, 47, 1410 MHz
2026/10/06 15:47:44.892, 2, 00000000:81:00.0, 3027 MiB, 40960 MiB, 100 %, 261.18 W, 49, 1395 MHz
2026/10/06 15:47:44.897, 3, 00000000:82:00.0, 3027 MiB, 40960 MiB, 100 %, 251.29 W, 51, 1395 MHz
2026/10/06 15:47:45.905, 0, 00000000:01:00.0, 3071 MiB, 40960 MiB, 100 %, 232.43 W, 43, 1410 MHz
2026/10/06 15:47:45.910, 1, 00000000:02:00.0, 3027 MiB, 40960 MiB, 100 %, 231.06 W, 47, 1410 MHz
2026/10/06 15:47:45.916, 2, 00000000:81:00.0, 3027 MiB, 40960 MiB, 100 %, 243.51 W, 49, 1395 MHz
2026/10/06 15:47:45.923, 3, 00000000:82:00.0, 3027 MiB, 40960 MiB, 100 %, 230.38 W, 50, 1410 MHz
2026/10/06 15:47:46.930, 0, 00000000:01:00.0, 3071 MiB, 40960 MiB, 100 %, 230.00 W, 43, 1395 MHz
2026/10/06 15:47:46.935, 1, 00000000:02:00.0, 3027 MiB, 40960 MiB, 100 %, 240.45 W, 47, 1410 MHz
2026/10/06 15:47:46.941, 2, 00000000:81:00.0, 3027 MiB, 40960 MiB, 100 %, 228.05 W, 49, 1410 MHz
2026/10/06 15:47:46.947, 3, 00000000:82:00.0, 3027 MiB, 40960 MiB, 100 %, 260.38 W, 51, 1380 MHz
2026/10/06 15:47:47.953, 0, 00000000:01:00.0, 3071 MiB, 40960 MiB, 100 %, 250.73 W, 43, 1410 MHz
2026/10/06 15:47:47.964, 1, 00000000:02:00.0, 3027 MiB, 40960 MiB, 100 %, 252.43 W, 47, 1410 MHz
2026/10/06 15:47:47.972, 2, 00000000:81:00.0, 3027 MiB, 40960 MiB, 100 %, 261.56 W, 49, 1395 MHz
2026/10/06 15:47:47.980, 3, 00000000:82:00.0, 3027 MiB, 40960 MiB, 100 %, 255.37 W, 51, 1395 MHz
2026/10/06 15:47:48.988, 0, 00000000:01:00.0, 3071 MiB, 40960 MiB, 100 %, 251.65 W, 43, 1410 MHz
2026/10/06 15:47:48.994, 1, 00000000:02:00.0, 3027 MiB, 40960 MiB, 100 %, 227.34 W, 46, 1410 MHz
2026/10/06 15:47:49.000, 2, 00000000:81:00.0, 3027 MiB, 40960 MiB, 100 %, 228.55 W, 49, 1410 MHz
2026/10/06 15:47:49.006, 3, 00000000:82:00.0, 3027 MiB, 40960 MiB, 100 %, 229.79 W, 51, 1380 MHz
2026/10/06 15:47:50.012, 0, 00000000:01:00.0, 3071 MiB, 40960 MiB, 100 %, 249.95 W, 43, 1395 MHz
2026/10/06 15:47:50.018, 1, 00000000:02:00.0, 3027 MiB, 40960 MiB, 100 %, 253.48 W, 47, 1410 MHz
2026/10/06 15:47:50.023, 2, 00000000:81:00.0, 3027 MiB, 40960 MiB, 100 %, 250.87 W, 49, 1395 MHz
2026/10/06 15:47:50.029, 3, 00000000:82:00.0, 3027 MiB, 40960 MiB, 100 %, 254.58 W, 51, 1395 MHz
2026/10/06 15:47:51.035, 0, 00000000:01:00.0, 3071 MiB, 40960 MiB, 100 %, 231.15 W, 43, 1410 MHz
2026/10/06 15:47:51.042, 1, 00000000:02:00.0, 3027 MiB, 40960 MiB, 100 %, 224.77 W, 46, 1410 MHz
2026/10/06 15:47:51.048, 2, 00000000:81:00.0, 3027 MiB, 40960 MiB, 100 %, 235.17 W, 49, 1395 MHz
2026/10/06 15:47:51.054, 3, 00000000:82:00.0, 3027 MiB, 40960 MiB, 100 %, 224.53 W, 50, 1410 MHz
2026/10/06 15:47:52.062, 0, 00000000:01:00.0, 3071 MiB, 40960 MiB, 100 %, 253.93 W, 43, 1395 MHz
2026/10/06 15:47:52.073, 1, 00000000:02:00.0, 3027 MiB, 40960 MiB, 100 %, 250.23 W, 47, 1410 MHz
2026/10/06 15:47:52.080, 2, 00000000:81:00.0, 3027 MiB, 40960 MiB, 100 %, 225.31 W, 49, 1395 MHz
2026/10/06 15:47:52.088, 3, 00000000:82:00.0, 3027 MiB, 40960 MiB, 100 %, 254.12 W, 51, 1380 MHz
2026/10/06 15:47:53.096, 0, 00000000:01:00.0, 3071 MiB, 40960 MiB, 100 %, 246.81 W, 43, 1410 MHz
2026/10/06 15:47:53.110, 1, 00000000:02:00.0, 3027 MiB, 40960 MiB, 100 %, 229.66 W, 47, 1410 MHz
2026/10/06 15:47:53.116, 2, 00000000:81:00.0, 3027 MiB, 40960 MiB, 100 %, 251.64 W, 49, 1395 MHz
2026/10/06 15:47:53.126, 3, 00000000:82:00.0, 3027 MiB, 40960 MiB, 100 %, 245.06 W, 50, 1395 MHz
2026/10/06 15:47:54.132, 0, 00000000:01:00.0, 3071 MiB, 40960 MiB, 100 %, 254.23 W, 43, 1395 MHz
2026/10/06 15:47:54.138, 1, 00000000:02:00.0, 3027 MiB, 40960 MiB, 100 %, 245.35 W, 47, 1410 MHz
2026/10/06 15:47:54.143, 2, 00000000:81:00.0, 3027 MiB, 40960 MiB, 100 %, 260.23 W, 49, 1395 MHz
2026/10/06 15:47:54.152, 3, 00000000:82:00.0, 3027 MiB, 40960 MiB, 100 %, 225.30 W, 51, 1380 MHz
2026/10/06 15:47:55.158, 0, 00000000:01:00.0, 3071 MiB, 40960 MiB, 100 %, 245.93 W, 43, 1410 MHz
2026/10/06 15:47:55.164, 1, 00000000:02:00.0, 3027 MiB, 40960 MiB, 100 %, 226.21 W, 47, 1410 MHz
2026/10/06 15:47:55.170, 2, 00000000:81:00.0, 3027 MiB, 40960 MiB, 100 %, 252.95 W, 49, 1395 MHz
2026/10/06 15:47:55.177, 3, 00000000:82:00.0, 3027 MiB, 40960 MiB, 100 %, 232.96 W, 51, 1395 MHz
2026/10/06 15:47:56.183, 0, 00000000:01:00.0, 3071 MiB, 40960 MiB, 100 %, 230.30 W, 43, 1395 MHz
2026/10/06 15:47:56.190, 1, 00000000:02:00.0, 3027 MiB, 40960 MiB, 100 %, 254.68 W, 47, 1410 MHz
2026/10/06 15:47:56.196, 2, 00000000:81:00.0, 3027 MiB, 40960 MiB, 100 %, 228.49 W, 49, 1410 MHz
2026/10/06 15:47:56.202, 3, 00000000:82:00.0, 3027 MiB, 40960 MiB, 100 %, 232.32 W, 50, 1395 MHz
2026/10/06 15:47:57.217, 0, 00000000:01:00.0, 3071 MiB, 40960 MiB, 100 %, 258.79 W, 43, 1395 MHz
2026/10/06 15:47:57.225, 1, 00000000:02:00.0, 3027 MiB, 40960 MiB, 100 %, 252.25 W, 47, 1410 MHz
2026/10/06 15:47:57.232, 2, 00000000:81:00.0, 3027 MiB, 40960 MiB, 100 %, 262.90 W, 49, 1395 MHz
2026/10/06 15:47:57.240, 3, 00000000:82:00.0, 3027 MiB, 40960 MiB, 100 %, 256.11 W, 51, 1380 MHz
2026/10/06 15:47:58.248, 0, 00000000:01:00.0, 3071 MiB, 40960 MiB, 100 %, 240.52 W, 43, 1410 MHz
2026/10/06 15:47:58.253, 1, 00000000:02:00.0, 3027 MiB, 40960 MiB, 100 %, 225.39 W, 47, 1410 MHz
2026/10/06 15:47:58.259, 2, 00000000:81:00.0, 3027 MiB, 40960 MiB, 100 %, 252.97 W, 49, 1410 MHz
2026/10/06 15:47:58.273, 3, 00000000:82:00.0, 3027 MiB, 40960 MiB, 100 %, 240.40 W, 50, 1410 MHz
2026/10/06 15:47:59.279, 0, 00000000:01:00.0, 3071 MiB, 40960 MiB, 100 %, 249.85 W, 43, 1395 MHz
2026/10/06 15:47:59.285, 1, 00000000:02:00.0, 3027 MiB, 40960 MiB, 100 %, 228.07 W, 47, 1410 MHz
2026/10/06 15:47:59.293, 2, 00000000:81:00.0, 3027 MiB, 40960 MiB, 100 %, 251.47 W, 49, 1380 MHz
2026/10/06 15:47:59.299, 3, 00000000:82:00.0, 3027 MiB, 40960 MiB, 100 %, 231.36 W, 51, 1380 MHz
2026/10/06 15:48:00.305, 0, 00000000:01:00.0, 3071 MiB, 40960 MiB, 100 %, 233.93 W, 43, 1410 MHz
2026/10/06 15:48:00.311, 1, 00000000:02:00.0, 3027 MiB, 40960 MiB, 100 %, 251.82 W, 47, 1410 MHz
2026/10/06 15:48:00.319, 2, 00000000:81:00.0, 3027 MiB, 40960 MiB, 100 %, 242.46 W, 49, 1395 MHz
2026/10/06 15:48:00.327, 3, 00000000:82:00.0, 3027 MiB, 40960 MiB, 100 %, 231.33 W, 50, 1395 MHz
2026/10/06 15:48:01.333, 0, 00000000:01:00.0, 3071 MiB, 40960 MiB, 100 %, 238.23 W, 43, 1395 MHz
2026/10/06 15:48:01.339, 1, 00000000:02:00.0, 3027 MiB, 40960 MiB, 100 %, 253.43 W, 47, 1410 MHz
2026/10/06 15:48:01.345, 2, 00000000:81:00.0, 3027 MiB, 40960 MiB, 100 %, 234.42 W, 49, 1395 MHz
2026/10/06 15:48:01.351, 3, 00000000:82:00.0, 3027 MiB, 40960 MiB, 100 %, 236.85 W, 50, 1395 MHz
2026/10/06 15:48:02.364, 0, 00000000:01:00.0, 3071 MiB, 40960 MiB, 100 %, 254.40 W, 43, 1395 MHz
2026/10/06 15:48:02.371, 1, 00000000:02:00.0, 3027 MiB, 40960 MiB, 100 %, 226.76 W, 47, 1410 MHz
2026/10/06 15:48:02.379, 2, 00000000:81:00.0, 3027 MiB, 40960 MiB, 100 %, 254.12 W, 49, 1395 MHz
2026/10/06 15:48:02.387, 3, 00000000:82:00.0, 3027 MiB, 40960 MiB, 100 %, 245.09 W, 51, 1395 MHz
2026/10/06 15:48:03.395, 0, 00000000:01:00.0, 3071 MiB, 40960 MiB, 100 %, 255.73 W, 43, 1410 MHz
2026/10/06 15:48:03.401, 1, 00000000:02:00.0, 3027 MiB, 40960 MiB, 100 %, 254.59 W, 47, 1410 MHz
2026/10/06 15:48:03.406, 2, 00000000:81:00.0, 3027 MiB, 40960 MiB, 100 %, 233.59 W, 49, 1410 MHz
2026/10/06 15:48:03.416, 3, 00000000:82:00.0, 3027 MiB, 40960 MiB, 100 %, 232.19 W, 50, 1410 MHz
2026/10/06 15:48:04.422, 0, 00000000:01:00.0, 3071 MiB, 40960 MiB, 100 %, 250.40 W, 43, 1410 MHz
2026/10/06 15:48:04.427, 1, 00000000:02:00.0, 3027 MiB, 40960 MiB, 100 %, 224.83 W, 46, 1410 MHz
2026/10/06 15:48:04.433, 2, 00000000:81:00.0, 3027 MiB, 40960 MiB, 100 %, 247.52 W, 49, 1395 MHz
2026/10/06 15:48:04.439, 3, 00000000:82:00.0, 3027 MiB, 40960 MiB, 100 %, 221.43 W, 51, 1380 MHz
2026/10/06 15:48:05.446, 0, 00000000:01:00.0, 3071 MiB, 40960 MiB, 100 %, 221.17 W, 43, 1410 MHz
2026/10/06 15:48:05.453, 1, 00000000:02:00.0, 3027 MiB, 40960 MiB, 100 %, 251.63 W, 47, 1410 MHz
2026/10/06 15:48:05.459, 2, 00000000:81:00.0, 3027 MiB, 40960 MiB, 100 %, 228.67 W, 49, 1395 MHz
2026/10/06 15:48:05.464, 3, 00000000:82:00.0, 3027 MiB, 40960 MiB, 100 %, 230.20 W, 51, 1395 MHz
2026/10/06 15:48:06.470, 0, 00000000:01:00.0, 3071 MiB, 40960 MiB, 100 %, 257.42 W, 43, 1395 MHz
2026/10/06 15:48:06.476, 1, 00000000:02:00.0, 3027 MiB, 40960 MiB, 100 %, 228.17 W, 46, 1410 MHz
2026/10/06 15:48:06.482, 2, 00000000:81:00.0, 3027 MiB, 40960 MiB, 100 %, 262.02 W, 49, 1395 MHz
2026/10/06 15:48:06.487, 3, 00000000:82:00.0, 3027 MiB, 40960 MiB, 100 %, 257.63 W, 50, 1395 MHz
2026/10/06 15:48:07.494, 0, 00000000:01:00.0, 3071 MiB, 40960 MiB, 100 %, 242.55 W, 43, 1410 MHz
2026/10/06 15:48:07.500, 1, 00000000:02:00.0, 3027 MiB, 40960 MiB, 100 %, 250.05 W, 47, 1410 MHz
2026/10/06 15:48:07.505, 2, 00000000:81:00.0, 3027 MiB, 40960 MiB, 100 %, 252.80 W, 49, 1395 MHz
2026/10/06 15:48:07.514, 3, 00000000:82:00.0, 3027 MiB, 40960 MiB, 100 %, 245.82 W, 51, 1395 MHz
2026/10/06 15:48:08.525, 0, 00000000:01:00.0, 3071 MiB, 40960 MiB, 100 %, 233.27 W, 43, 1395 MHz
2026/10/06 15:48:08.533, 1, 00000000:02:00.0, 3027 MiB, 40960 MiB, 100 %, 253.15 W, 47, 1410 MHz
2026/10/06 15:48:08.540, 2, 00000000:81:00.0, 3027 MiB, 40960 MiB, 100 %, 224.29 W, 49, 1395 MHz
2026/10/06 15:48:08.546, 3, 00000000:82:00.0, 3027 MiB, 40960 MiB, 100 %, 230.77 W, 50, 1410 MHz
2026/10/06 15:48:09.552, 0, 00000000:01:00.0, 3071 MiB, 40960 MiB, 100 %, 258.28 W, 43, 1410 MHz
2026/10/06 15:48:09.572, 1, 00000000:02:00.0, 3027 MiB, 40960 MiB, 100 %, 254.88 W, 47, 1410 MHz
2026/10/06 15:48:09.578, 2, 00000000:81:00.0, 3027 MiB, 40960 MiB, 100 %, 251.15 W, 49, 1395 MHz
2026/10/06 15:48:09.583, 3, 00000000:82:00.0, 3027 MiB, 40960 MiB, 100 %, 249.18 W, 51, 1380 MHz
2026/10/06 15:48:10.589, 0, 00000000:01:00.0, 3071 MiB, 40960 MiB, 100 %, 250.10 W, 43, 1410 MHz
2026/10/06 15:48:10.595, 1, 00000000:02:00.0, 3027 MiB, 40960 MiB, 100 %, 236.24 W, 47, 1410 MHz
2026/10/06 15:48:10.601, 2, 00000000:81:00.0, 3027 MiB, 40960 MiB, 100 %, 231.06 W, 49, 1410 MHz
2026/10/06 15:48:10.607, 3, 00000000:82:00.0, 3027 MiB, 40960 MiB, 100 %, 246.10 W, 50, 1395 MHz
2026/10/06 15:48:11.613, 0, 00000000:01:00.0, 3071 MiB, 40960 MiB, 100 %, 247.28 W, 43, 1395 MHz
2026/10/06 15:48:11.622, 1, 00000000:02:00.0, 3027 MiB, 40960 MiB, 100 %, 225.01 W, 47, 1410 MHz
2026/10/06 15:48:11.628, 2, 00000000:81:00.0, 3027 MiB, 40960 MiB, 100 %, 250.29 W, 49, 1395 MHz
2026/10/06 15:48:11.633, 3, 00000000:82:00.0, 3027 MiB, 40960 MiB, 100 %, 264.29 W, 51, 1380 MHz
2026/10/06 15:48:12.644, 0, 00000000:01:00.0, 3071 MiB, 40960 MiB, 100 %, 234.25 W, 43, 1410 MHz
2026/10/06 15:48:12.650, 1, 00000000:02:00.0, 3027 MiB, 40960 MiB, 100 %, 251.74 W, 47, 1410 MHz
2026/10/06 15:48:12.656, 2, 00000000:81:00.0, 3027 MiB, 40960 MiB, 100 %, 231.40 W, 49, 1410 MHz
2026/10/06 15:48:12.666, 3, 00000000:82:00.0, 3027 MiB, 40960 MiB, 100 %, 250.58 W, 51, 1395 MHz
2026/10/06 15:48:13.674, 0, 00000000:01:00.0, 3071 MiB, 40960 MiB, 100 %, 256.58 W, 43, 1395 MHz
2026/10/06 15:48:13.680, 1, 00000000:02:00.0, 3027 MiB, 40960 MiB, 100 %, 253.63 W, 47, 1410 MHz
2026/10/06 15:48:13.686, 2, 00000000:81:00.0, 3027 MiB, 40960 MiB, 100 %, 233.66 W, 49, 1380 MHz
2026/10/06 15:48:13.694, 3, 00000000:82:00.0, 3027 MiB, 40960 MiB, 100 %, 230.42 W, 50, 1410 MHz
2026/10/06 15:48:14.700, 0, 00000000:01:00.0, 3071 MiB, 40960 MiB, 100 %, 246.24 W, 43, 1410 MHz
2026/10/06 15:48:14.706, 1, 00000000:02:00.0, 3027 MiB, 40960 MiB, 100 %, 253.35 W, 47, 1410 MHz
2026/10/06 15:48:14.712, 2, 00000000:81:00.0, 3027 MiB, 40960 MiB, 100 %, 250.86 W, 49, 1395 MHz
2026/10/06 15:48:14.718, 3, 00000000:82:00.0, 3027 MiB, 40960 MiB, 100 %, 264.19 W, 51, 1380 MHz
2026/10/06 15:48:15.725, 0, 00000000:01:00.0, 3071 MiB, 40960 MiB, 100 %, 253.07 W, 43, 1395 MHz
2026/10/06 15:48:15.730, 1, 00000000:02:00.0, 3027 MiB, 40960 MiB, 100 %, 227.00 W, 46, 1410 MHz
2026/10/06 15:48:15.736, 2, 00000000:81:00.0, 3027 MiB, 40960 MiB, 100 %, 259.08 W, 49, 1395 MHz
2026/10/06 15:48:15.746, 3, 00000000:82:00.0, 3027 MiB, 40960 MiB, 100 %, 246.19 W, 50, 1395 MHz
2026/10/06 15:48:16.752, 0, 00000000:01:00.0, 3071 MiB, 40960 MiB, 100 %, 246.52 W, 43, 1395 MHz
2026/10/06 15:48:16.758, 1, 00000000:02:00.0, 3027 MiB, 40960 MiB, 100 %, 255.16 W, 47, 1410 MHz
2026/10/06 15:48:16.764, 2, 00000000:81:00.0, 3027 MiB, 40960 MiB, 100 %, 252.81 W, 49, 1395 MHz
2026/10/06 15:48:16.770, 3, 00000000:82:00.0, 3027 MiB, 40960 MiB, 100 %, 258.94 W, 51, 1380 MHz
2026/10/06 15:48:17.780, 0, 00000000:01:00.0, 3071 MiB, 40960 MiB, 100 %, 227.25 W, 43, 1410 MHz
2026/10/06 15:48:17.786, 1, 00000000:02:00.0, 3027 MiB, 40960 MiB, 100 %, 251.64 W, 46, 1410 MHz
2026/10/06 15:48:17.792, 2, 00000000:81:00.0, 3027 MiB, 40960 MiB, 100 %, 224.26 W, 49, 1410 MHz
2026/10/06 15:48:17.799, 3, 00000000:82:00.0, 3027 MiB, 40960 MiB, 100 %, 250.48 W, 51, 1395 MHz
2026/10/06 15:48:18.805, 0, 00000000:01:00.0, 3071 MiB, 40960 MiB, 100 %, 255.06 W, 43, 1395 MHz
2026/10/06 15:48:18.812, 1, 00000000:02:00.0, 3027 MiB, 40960 MiB, 100 %, 252.14 W, 47, 1410 MHz
2026/10/06 15:48:18.818, 2, 00000000:81:00.0, 3027 MiB, 40960 MiB, 100 %, 262.32 W, 49, 1395 MHz
2026/10/06 15:48:18.824, 3, 00000000:82:00.0, 3027 MiB, 40960 MiB, 100 %, 229.37 W, 50, 1410 MHz
2026/10/06 15:48:19.831, 0, 00000000:01:00.0, 3071 MiB, 40960 MiB, 100 %, 250.12 W, 43, 1410 MHz
2026/10/06 15:48:19.842, 1, 00000000:02:00.0, 3027 MiB, 40960 MiB, 100 %, 227.76 W, 46, 1410 MHz
2026/10/06 15:48:19.848, 2, 00000000:81:00.0, 3027 MiB, 40960 MiB, 100 %, 252.59 W, 49, 1395 MHz
2026/10/06 15:48:19.854, 3, 00000000:82:00.0, 3027 MiB, 40960 MiB, 100 %, 258.84 W, 51, 1380 MHz
2026/10/06 15:48:20.863, 0, 00000000:01:00.0, 3071 MiB, 40960 MiB, 100 %, 253.07 W, 43, 1410 MHz
2026/10/06 15:48:20.869, 1, 00000000:02:00.0, 3027 MiB, 40960 MiB, 100 %, 250.42 W, 47, 1410 MHz
2026/10/06 15:48:20.875, 2, 00000000:81:00.0, 3027 MiB, 40960 MiB, 100 %, 227.41 W, 49, 1395 MHz
2026/10/06 15:48:20.880, 3, 00000000:82:00.0, 3027 MiB, 40960 MiB, 100 %, 245.37 W, 50, 1395 MHz
2026/10/06 15:48:21.887, 0, 00000000:01:00.0, 3071 MiB, 40960 MiB, 100 %, 233.57 W, 43, 1410 MHz
2026/10/06 15:48:21.894, 1, 00000000:02:00.0, 3027 MiB, 40960 MiB, 100 %, 253.16 W, 47, 1410 MHz
2026/10/06 15:48:21.900, 2, 00000000:81:00.0, 3027 MiB, 40960 MiB, 100 %, 237.88 W, 49, 1395 MHz
2026/10/06 15:48:21.906, 3, 00000000:82:00.0, 3027 MiB, 40960 MiB, 100 %, 229.95 W, 51, 1380 MHz
2026/10/06 15:48:22.912, 0, 00000000:01:00.0, 3071 MiB, 40960 MiB, 100 %, 230.40 W, 43, 1410 MHz
2026/10/06 15:48:22.919, 1, 00000000:02:00.0, 3027 MiB, 40960 MiB, 100 %, 254.71 W, 47, 1410 MHz
2026/10/06 15:48:22.927, 2, 00000000:81:00.0, 3027 MiB, 40960 MiB, 100 %, 236.09 W, 49, 1410 MHz
2026/10/06 15:48:22.936, 3, 00000000:82:00.0, 3027 MiB, 40960 MiB, 100 %, 246.51 W, 51, 1395 MHz
2026/10/06 15:48:23.944, 0, 00000000:01:00.0, 3071 MiB, 40960 MiB, 100 %, 248.14 W, 43, 1395 MHz
2026/10/06 15:48:23.953, 1, 00000000:02:00.0, 3027 MiB, 40960 MiB, 100 %, 238.42 W, 47, 1410 MHz
2026/10/06 15:48:23.961, 2, 00000000:81:00.0, 3027 MiB, 40960 MiB, 100 %, 246.55 W, 49, 1380 MHz
2026/10/06 15:48:23.969, 3, 00000000:82:00.0, 3027 MiB, 40960 MiB, 100 %, 225.40 W, 50, 1410 MHz
2026/10/06 15:48:24.975, 0, 00000000:01:00.0, 3071 MiB, 40960 MiB, 100 %, 234.97 W, 43, 1410 MHz
2026/10/06 15:48:24.981, 1, 00000000:02:00.0, 3027 MiB, 40960 MiB, 100 %, 224.81 W, 47, 1410 MHz
2026/10/06 15:48:24.988, 2, 00000000:81:00.0, 3027 MiB, 40960 MiB, 100 %, 236.15 W, 49, 1410 MHz
2026/10/06 15:48:24.994, 3, 00000000:82:00.0, 3027 MiB, 40960 MiB, 100 %, 250.50 W, 51, 1380 MHz
2026/10/06 15:48:26.000, 0, 00000000:01:00.0, 3071 MiB, 40960 MiB, 100 %, 246.49 W, 43, 1395 MHz
2026/10/06 15:48:26.009, 1, 00000000:02:00.0, 3027 MiB, 40960 MiB, 100 %, 251.00 W, 47, 1410 MHz
2026/10/06 15:48:26.015, 2, 00000000:81:00.0, 3027 MiB, 40960 MiB, 100 %, 243.83 W, 49, 1395 MHz
2026/10/06 15:48:26.020, 3, 00000000:82:00.0, 3027 MiB, 40960 MiB, 100 %, 252.90 W, 51, 1395 MHz
2026/10/06 15:48:27.029, 0, 00000000:01:00.0, 3071 MiB, 40960 MiB, 100 %, 232.13 W, 43, 1410 MHz
2026/10/06 15:48:27.036, 1, 00000000:02:00.0, 3027 MiB, 40960 MiB, 100 %, 230.06 W, 46, 1410 MHz
2026/10/06 15:48:27.042, 2, 00000000:81:00.0, 3027 MiB, 40960 MiB, 100 %, 256.02 W, 49, 1395 MHz
2026/10/06 15:48:27.048, 3, 00000000:82:00.0, 3027 MiB, 40960 MiB, 100 %, 225.40 W, 51, 1380 MHz
2026/10/06 15:48:28.054, 0, 00000000:01:00.0, 3071 MiB, 40960 MiB, 100 %, 248.61 W, 43, 1410 MHz
2026/10/06 15:48:28.060, 1, 00000000:02:00.0, 3027 MiB, 40960 MiB, 100 %, 253.46 W, 47, 1410 MHz
2026/10/06 15:48:28.067, 2, 00000000:81:00.0, 3027 MiB, 40960 MiB, 100 %, 262.34 W, 49, 1395 MHz
2026/10/06 15:48:28.077, 3, 00000000:82:00.0, 3027 MiB, 40960 MiB, 100 %, 250.69 W, 51, 1395 MHz
2026/10/06 15:48:29.085, 0, 00000000:01:00.0, 3071 MiB, 40960 MiB, 100 %, 249.83 W, 43, 1395 MHz
2026/10/06 15:48:29.094, 1, 00000000:02:00.0, 3027 MiB, 40960 MiB, 100 %, 227.28 W, 46, 1410 MHz
2026/10/06 15:48:29.099, 2, 00000000:81:00.0, 3027 MiB, 40960 MiB, 100 %, 253.24 W, 49, 1395 MHz
2026/10/06 15:48:29.105, 3, 00000000:82:00.0, 3027 MiB, 40960 MiB, 100 %, 238.68 W, 50, 1410 MHz
2026/10/06 15:48:30.111, 0, 00000000:01:00.0, 3071 MiB, 40960 MiB, 100 %, 232.32 W, 43, 1410 MHz
2026/10/06 15:48:30.117, 1, 00000000:02:00.0, 3027 MiB, 40960 MiB, 100 %, 255.35 W, 47, 1410 MHz
2026/10/06 15:48:30.123, 2, 00000000:81:00.0, 3027 MiB, 40960 MiB, 100 %, 228.61 W, 49, 1410 MHz
2026/10/06 15:48:30.130, 3, 00000000:82:00.0, 3027 MiB, 40960 MiB, 100 %, 245.37 W, 51, 1380 MHz
2026/10/06 15:48:31.138, 0, 00000000:01:00.0, 3071 MiB, 40960 MiB, 100 %, 246.41 W, 43, 1395 MHz
2026/10/06 15:48:31.146, 1, 00000000:02:00.0, 3027 MiB, 40960 MiB, 100 %, 252.53 W, 47, 1410 MHz
2026/10/06 15:48:31.151, 2, 00000000:81:00.0, 3027 MiB, 40960 MiB, 100 %, 258.22 W, 49, 1395 MHz
2026/10/06 15:48:31.159, 3, 00000000:82:00.0, 3027 MiB, 40960 MiB, 100 %, 231.05 W, 50, 1395 MHz
2026/10/06 15:48:32.165, 0, 00000000:01:00.0, 3071 MiB, 40960 MiB, 100 %, 230.93 W, 43, 1410 MHz
2026/10/06 15:48:32.173, 1, 00000000:02:00.0, 3027 MiB, 40960 MiB, 100 %, 252.49 W, 47, 1410 MHz
2026/10/06 15:48:32.181, 2, 00000000:81:00.0, 3027 MiB, 40960 MiB, 100 %, 248.10 W, 49, 1410 MHz
2026/10/06 15:48:32.193, 3, 00000000:82:00.0, 3027 MiB, 40960 MiB, 100 %, 227.63 W, 51, 1380 MHz
2026/10/06 15:48:33.202, 0, 00000000:01:00.0, 3071 MiB, 40960 MiB, 100 %, 260.39 W, 43, 1395 MHz
2026/10/06 15:48:33.209, 1, 00000000:02:00.0, 3027 MiB, 40960 MiB, 100 %, 228.97 W, 47, 1410 MHz
2026/10/06 15:48:33.218, 2, 00000000:81:00.0, 3027 MiB, 40960 MiB, 100 %, 256.12 W, 49, 1395 MHz
2026/10/06 15:48:33.224, 3, 00000000:82:00.0, 3027 MiB, 40960 MiB, 100 %, 254.40 W, 51, 1395 MHz
2026/10/06 15:48:34.234, 0, 00000000:01:00.0, 3071 MiB, 40960 MiB, 100 %, 245.84 W, 43, 1410 MHz
2026/10/06 15:48:34.239, 1, 00000000:02:00.0, 3027 MiB, 40960 MiB, 100 %, 245.85 W, 47, 1410 MHz
2026/10/06 15:48:34.245, 2, 00000000:81:00.0, 3027 MiB, 40960 MiB, 100 %, 252.48 W, 49, 1395 MHz
2026/10/06 15:48:34.251, 3, 00000000:82:00.0, 3027 MiB, 40960 MiB, 100 %, 234.21 W, 50, 1410 MHz
2026/10/06 15:48:35.257, 0, 00000000:01:00.0, 3071 MiB, 40960 MiB, 100 %, 234.07 W, 43, 1395 MHz
2026/10/06 15:48:35.268, 1, 00000000:02:00.0, 3027 MiB, 40960 MiB, 100 %, 252.70 W, 47, 1410 MHz
2026/10/06 15:48:35.274, 2, 00000000:81:00.0, 3027 MiB, 40960 MiB, 100 %, 231.60 W, 49, 1395 MHz
2026/10/06 15:48:35.280, 3, 00000000:82:00.0, 3027 MiB, 40960 MiB, 100 %, 250.13 W, 51, 1380 MHz
2026/10/06 15:48:36.288, 0, 00000000:01:00.0, 3071 MiB, 40960 MiB, 100 %, 246.34 W, 43, 1410 MHz
2026/10/06 15:48:36.296, 1, 00000000:02:00.0, 3027 MiB, 40960 MiB, 100 %, 254.79 W, 47, 1410 MHz
2026/10/06 15:48:36.303, 2, 00000000:81:00.0, 3027 MiB, 40960 MiB, 100 %, 256.48 W, 49, 1395 MHz
2026/10/06 15:48:36.309, 3, 00000000:82:00.0, 3027 MiB, 40960 MiB, 100 %, 230.22 W, 50, 1395 MHz
2026/10/06 15:48:37.315, 0, 00000000:01:00.0, 3071 MiB, 40960 MiB, 100 %, 230.27 W, 43, 1410 MHz
2026/10/06 15:48:37.322, 1, 00000000:02:00.0, 3027 MiB, 40960 MiB, 100 %, 252.23 W, 47, 1410 MHz
2026/10/06 15:48:37.330, 2, 00000000:81:00.0, 3027 MiB, 40960 MiB, 100 %, 245.40 W, 49, 1410 MHz
2026/10/06 15:48:37.338, 3, 00000000:82:00.0, 3027 MiB, 40960 MiB, 100 %, 254.78 W, 51, 1380 MHz
2026/10/06 15:48:38.348, 0, 00000000:01:00.0, 3071 MiB, 40960 MiB, 100 %, 258.01 W, 43, 1395 MHz
2026/10/06 15:48:38.354, 1, 00000000:02:00.0, 3027 MiB, 40960 MiB, 100 %, 225.41 W, 47, 1410 MHz
2026/10/06 15:48:38.360, 2, 00000000:81:00.0, 3027 MiB, 40960 MiB, 100 %, 247.26 W, 49, 1380 MHz
2026/10/06 15:48:38.366, 3, 00000000:82:00.0, 3027 MiB, 40960 MiB, 100 %, 250.42 W, 51, 1395 MHz
2026/10/06 15:48:39.373, 0, 00000000:01:00.0, 3071 MiB, 40960 MiB, 100 %, 246.52 W, 43, 1395 MHz
2026/10/06 15:48:39.379, 1, 00000000:02:00.0, 3027 MiB, 40960 MiB, 100 %, 249.43 W, 47, 1410 MHz
2026/10/06 15:48:39.385, 2, 00000000:81:00.0, 3027 MiB, 40960 MiB, 100 %, 226.77 W, 49, 1395 MHz
2026/10/06 15:48:39.394, 3, 00000000:82:00.0, 3027 MiB, 40960 MiB, 100 %, 230.90 W, 50, 1410 MHz
2026/10/06 15:48:40.400, 0, 00000000:01:00.0, 3071 MiB, 40960 MiB, 100 %, 233.45 W, 43, 1395 MHz
2026/10/06 15:48:40.410, 1, 00000000:02:00.0, 3027 MiB, 40960 MiB, 100 %, 232.88 W, 46, 1410 MHz
2026/10/06 15:48:40.416, 2, 00000000:81:00.0, 3027 MiB, 40960 MiB, 100 %, 240.77 W, 49, 1380 MHz
2026/10/06 15:48:40.425, 3, 00000000:82:00.0, 3027 MiB, 40960 MiB, 100 %, 257.33 W, 51, 1380 MHz
2026/10/06 15:48:41.431, 0, 00000000:01:00.0, 3071 MiB, 40960 MiB, 100 %, 231.21 W, 43, 1410 MHz
2026/10/06 15:48:41.437, 1, 00000000:02:00.0, 3027 MiB, 40960 MiB, 100 %, 253.16 W, 47, 1410 MHz
2026/10/06 15:48:41.443, 2, 00000000:81:00.0, 3027 MiB, 40960 MiB, 100 %, 243.85 W, 49, 1395 MHz
2026/10/06 15:48:41.453, 3, 00000000:82:00.0, 3027 MiB, 40960 MiB, 100 %, 229.90 W, 50, 1395 MHz
2026/10/06 15:48:42.463, 0, 00000000:01:00.0, 3071 MiB, 40960 MiB, 100 %, 225.14 W, 43, 1410 MHz
2026/10/06 15:48:42.470, 1, 00000000:02:00.0, 3027 MiB, 40960 MiB, 100 %, 227.84 W, 46, 1410 MHz
2026/10/06 15:48:42.478, 2, 00000000:81:00.0, 3027 MiB, 40960 MiB, 100 %, 231.93 W, 49, 1410 MHz
2026/10/06 15:48:42.486, 3, 00000000:82:00.0, 3027 MiB, 40960 MiB, 100 %, 260.20 W, 51, 1380 MHz
2026/10/06 15:48:43.493, 0, 00000000:01:00.0, 3071 MiB, 40960 MiB, 100 %, 248.16 W, 43, 1395 MHz
2026/10/06 15:48:43.498, 1, 00000000:02:00.0, 3027 MiB, 40960 MiB, 100 %, 254.04 W, 47, 1410 MHz
2026/10/06 15:48:43.504, 2, 00000000:81:00.0, 3027 MiB, 40960 MiB, 100 %, 247.44 W, 49, 1380 MHz
2026/10/06 15:48:43.512, 3, 00000000:82:00.0, 3027 MiB, 40960 MiB, 100 %, 246.62 W, 51, 1395 MHz
2026/10/06 15:48:44.520, 0, 00000000:01:00.0, 3071 MiB, 40960 MiB, 100 %, 236.72 W, 43, 1410 MHz
2026/10/06 15:48:44.526, 1, 00000000:02:00.0, 3027 MiB, 40960 MiB, 100 %, 253.45 W, 47, 1410 MHz
2026/10/06 15:48:44.532, 2, 00000000:81:00.0, 3027 MiB, 40960 MiB, 100 %, 229.24 W, 49, 1410 MHz
2026/10/06 15:48:44.544, 3, 00000000:82:00.0, 3027 MiB, 40960 MiB, 100 %, 233.80 W, 50, 1410 MHz
2026/10/06 15:48:45.550, 0, 00000000:01:00.0, 3071 MiB, 40960 MiB, 100 %, 229.21 W, 43, 1395 MHz
2026/10/06 15:48:45.558, 1, 00000000:02:00.0, 3027 MiB, 40960 MiB, 100 %, 249.95 W, 47, 1410 MHz
2026/10/06 15:48:45.564, 2, 00000000:81:00.0, 3027 MiB, 40960 MiB, 100 %, 260.98 W, 49, 1380 MHz
2026/10/06 15:48:45.571, 3, 00000000:82:00.0, 3027 MiB, 40960 MiB, 100 %, 258.68 W, 51, 1395 MHz
2026/10/06 15:48:46.577, 0, 00000000:01:00.0, 3071 MiB, 40960 MiB, 100 %, 232.67 W, 43, 1410 MHz
2026/10/06 15:48:46.583, 1, 00000000:02:00.0, 3027 MiB, 40960 MiB, 100 %, 233.05 W, 47, 1410 MHz
2026/10/06 15:48:46.588, 2, 00000000:81:00.0, 3027 MiB, 40960 MiB, 100 %, 253.00 W, 49, 1395 MHz
2026/10/06 15:48:46.595, 3, 00000000:82:00.0, 3027 MiB, 40960 MiB, 100 %, 250.61 W, 50, 1395 MHz
2026/10/06 15:48:47.601, 0, 00000000:01:00.0, 3071 MiB, 40960 MiB, 100 %, 237.17 W, 43, 1410 MHz
2026/10/06 15:48:47.607, 1, 00000000:02:00.0, 3027 MiB, 40960 MiB, 100 %, 222.94 W, 47, 1410 MHz
2026/10/06 15:48:47.612, 2, 00000000:81:00.0, 3027 MiB, 40960 MiB, 100 %, 228.68 W, 49, 1410 MHz
2026/10/06 15:48:47.618, 3, 00000000:82:00.0, 3027 MiB, 40960 MiB, 100 %, 261.92 W, 51, 1380 MHz
2026/10/06 15:48:48.627, 0, 00000000:01:00.0, 3071 MiB, 40960 MiB, 100 %, 248.92 W, 43, 1395 MHz
2026/10/06 15:48:48.635, 1, 00000000:02:00.0, 3027 MiB, 40960 MiB, 100 %, 251.29 W, 47, 1410 MHz
2026/10/06 15:48:48.641, 2, 00000000:81:00.0, 3027 MiB, 40960 MiB, 100 %, 252.88 W, 49, 1395 MHz
2026/10/06 15:48:48.648, 3, 00000000:82:00.0, 3027 MiB, 40960 MiB, 100 %, 241.17 W, 50, 1395 MHz
2026/10/06 15:48:49.656, 0, 00000000:01:00.0, 3071 MiB, 40960 MiB, 100 %, 232.86 W, 43, 1410 MHz
2026/10/06 15:48:49.664, 1, 00000000:02:00.0, 3027 MiB, 40960 MiB, 100 %, 229.18 W, 47, 1410 MHz
2026/10/06 15:48:49.670, 2, 00000000:81:00.0, 3027 MiB, 40960 MiB, 100 %, 227.88 W, 49, 1410 MHz
2026/10/06 15:48:49.675, 3, 00000000:82:00.0, 3027 MiB, 40960 MiB, 100 %, 225.77 W, 50, 1410 MHz
2026/10/06 15:48:50.682, 0, 00000000:01:00.0, 3071 MiB, 40960 MiB, 100 %, 224.21 W, 43, 1395 MHz
2026/10/06 15:48:50.688, 1, 00000000:02:00.0, 3027 MiB, 40960 MiB, 100 %, 253.18 W, 47, 1410 MHz
2026/10/06 15:48:50.694, 2, 00000000:81:00.0, 3027 MiB, 40960 MiB, 100 %, 261.76 W, 49, 1395 MHz
2026/10/06 15:48:50.700, 3, 00000000:82:00.0, 3027 MiB, 40960 MiB, 100 %, 264.68 W, 51, 1380 MHz
2026/10/06 15:48:51.706, 0, 00000000:01:00.0, 3071 MiB, 40960 MiB, 100 %, 225.68 W, 43, 1410 MHz
2026/10/06 15:48:51.711, 1, 00000000:02:00.0, 3027 MiB, 40960 MiB, 100 %, 227.16 W, 46, 1410 MHz
2026/10/06 15:48:51.717, 2, 00000000:81:00.0, 3027 MiB, 40960 MiB, 100 %, 243.04 W, 49, 1395 MHz
2026/10/06 15:48:51.726, 3, 00000000:82:00.0, 3027 MiB, 40960 MiB, 100 %, 255.63 W, 51, 1395 MHz
2026/10/06 15:48:52.731, 0, 00000000:01:00.0, 3071 MiB, 40960 MiB, 100 %, 253.84 W, 43, 1395 MHz
2026/10/06 15:48:52.739, 1, 00000000:02:00.0, 3027 MiB, 40960 MiB, 100 %, 255.24 W, 47, 1410 MHz
2026/10/06 15:48:52.746, 2, 00000000:81:00.0, 3027 MiB, 40960 MiB, 100 %, 227.82 W, 49, 1395 MHz
2026/10/06 15:48:52.758, 3, 00000000:82:00.0, 3027 MiB, 40960 MiB, 100 %, 262.01 W, 51, 1395 MHz
2026/10/06 15:48:53.772, 0, 00000000:01:00.0, 3071 MiB, 40960 MiB, 100 %, 245.85 W, 43, 1410 MHz
2026/10/06 15:48:53.784, 1, 00000000:02:00.0, 3027 MiB, 40960 MiB, 100 %, 252.62 W, 46, 1410 MHz
2026/10/06 15:48:53.789, 2, 00000000:81:00.0, 3027 MiB, 40960 MiB, 100 %, 241.30 W, 49, 1395 MHz
2026/10/06 15:48:53.795, 3, 00000000:82:00.0, 3027 MiB, 40960 MiB, 100 %, 246.12 W, 51, 1395 MHz
2026/10/06 15:48:54.805, 0, 00000000:01:00.0, 3071 MiB, 40960 MiB, 100 %, 234.88 W, 43, 1410 MHz
2026/10/06 15:48:54.810, 1, 00000000:02:00.0, 3027 MiB, 40960 MiB, 100 %, 251.18 W, 47, 1410 MHz
2026/10/06 15:48:54.816, 2, 00000000:81:00.0, 3027 MiB, 40960 MiB, 100 %, 229.14 W, 49, 1410 MHz
2026/10/06 15:48:54.822, 3, 00000000:82:00.0, 3027 MiB, 40960 MiB, 100 %, 230.29 W, 50, 1410 MHz
2026/10/06 15:48:55.828, 0, 00000000:01:00.0, 3071 MiB, 40960 MiB, 100 %, 243.55 W, 43, 1395 MHz
2026/10/06 15:48:55.842, 1, 00000000:02:00.0, 3027 MiB, 40960 MiB, 100 %, 230.08 W, 47, 1410 MHz
2026/10/06 15:48:55.847, 2, 00000000:81:00.0, 3027 MiB, 40960 MiB, 100 %, 257.18 W, 49, 1395 MHz
2026/10/06 15:48:55.853, 3, 00000000:82:00.0, 3027 MiB, 40960 MiB, 100 %, 262.96 W, 51, 1380 MHz
2026/10/06 15:48:56.859, 0, 00000000:01:00.0, 3071 MiB, 40960 MiB, 100 %, 228.90 W, 43, 1410 MHz
2026/10/06 15:48:56.867, 1, 00000000:02:00.0, 3027 MiB, 40960 MiB, 100 %, 239.75 W, 47, 1410 MHz
2026/10/06 15:48:56.872, 2, 00000000:81:00.0, 3027 MiB, 40960 MiB, 100 %, 252.67 W, 49, 1395 MHz
2026/10/06 15:48:56.878, 3, 00000000:82:00.0, 3027 MiB, 40960 MiB, 100 %, 255.91 W, 51, 1395 MHz
2026/10/06 15:48:57.884, 0, 00000000:01:00.0, 3071 MiB, 40960 MiB, 100 %, 254.41 W, 43, 1395 MHz
2026/10/06 15:48:57.892, 1, 00000000:02:00.0, 3027 MiB, 40960 MiB, 100 %, 252.78 W, 47, 1410 MHz
2026/10/06 15:48:57.899, 2, 00000000:81:00.0, 3027 MiB, 40960 MiB, 100 %, 229.14 W, 49, 1395 MHz
2026/10/06 15:48:57.907, 3, 00000000:82:00.0, 3027 MiB, 40960 MiB, 100 %, 262.58 W, 51, 1395 MHz
2026/10/06 15:48:58.918, 0, 00000000:01:00.0, 3071 MiB, 40960 MiB, 100 %, 246.51 W, 43, 1395 MHz
2026/10/06 15:48:58.927, 1, 00000000:02:00.0, 3027 MiB, 40960 MiB, 100 %, 228.37 W, 46, 1410 MHz
2026/10/06 15:48:58.934, 2, 00000000:81:00.0, 3027 MiB, 40960 MiB, 100 %, 229.86 W, 49, 1395 MHz
2026/10/06 15:48:58.939, 3, 00000000:82:00.0, 3027 MiB, 40960 MiB, 100 %, 241.74 W, 51, 1380 MHz
2026/10/06 15:48:59.945, 0, 00000000:01:00.0, 3071 MiB, 40960 MiB, 100 %, 222.99 W, 43, 1410 MHz
2026/10/06 15:48:59.952, 1, 00000000:02:00.0, 3027 MiB, 40960 MiB, 100 %, 252.71 W, 47, 1410 MHz
2026/10/06 15:48:59.957, 2, 00000000:81:00.0, 3027 MiB, 40960 MiB, 100 %, 235.58 W, 49, 1410 MHz
2026/10/06 15:48:59.963, 3, 00000000:82:00.0, 3027 MiB, 40960 MiB, 100 %, 230.30 W, 50, 1410 MHz
2026/10/06 15:49:00.969, 0, 00000000:01:00.0, 3071 MiB, 40960 MiB, 100 %, 248.51 W, 43, 1395 MHz
2026/10/06 15:49:00.975, 1, 00000000:02:00.0, 3027 MiB, 40960 MiB, 100 %, 226.37 W, 46, 1410 MHz
2026/10/06 15:49:00.980, 2, 00000000:81:00.0, 3027 MiB, 40960 MiB, 100 %, 243.82 W, 49, 1380 MHz
2026/10/06 15:49:00.987, 3, 00000000:82:00.0, 3027 MiB, 40960 MiB, 100 %, 256.95 W, 51, 1380 MHz
2026/10/06 15:49:01.994, 0, 00000000:01:00.0, 3071 MiB, 40960 MiB, 100 %, 222.21 W, 43, 1395 MHz
2026/10/06 15:49:02.000, 1, 00000000:02:00.0, 3027 MiB, 40960 MiB, 100 %, 254.87 W, 47, 1410 MHz
2026/10/06 15:49:02.005, 2, 00000000:81:00.0, 3027 MiB, 40960 MiB, 100 %, 234.24 W, 49, 1395 MHz
2026/10/06 15:49:02.012, 3, 00000000:82:00.0, 3027 MiB, 40960 MiB, 100 %, 245.56 W, 51, 1395 MHz
2026/10/06 15:49:03.018, 0, 00000000:01:00.0, 3071 MiB, 40960 MiB, 100 %, 253.54 W, 43, 1410 MHz
2026/10/06 15:49:03.024, 1, 00000000:02:00.0, 3027 MiB, 40960 MiB, 100 %, 252.40 W, 46, 1410 MHz
2026/10/06 15:49:03.029, 2, 00000000:81:00.0, 3027 MiB, 40960 MiB, 100 %, 237.40 W, 49, 1395 MHz
2026/10/06 15:49:03.035, 3, 00000000:82:00.0, 3027 MiB, 40960 MiB, 100 %, 230.20 W, 50, 1410 MHz
2026/10/06 15:49:04.041, 0, 00000000:01:00.0, 3071 MiB, 40960 MiB, 100 %, 245.98 W, 43, 1395 MHz
2026/10/06 15:49:04.047, 1, 00000000:02:00.0, 3027 MiB, 40960 MiB, 100 %, 225.29 W, 47, 1410 MHz
2026/10/06 15:49:04.053, 2, 00000000:81:00.0, 3027 MiB, 40960 MiB, 100 %, 249.44 W, 49, 1395 MHz
2026/10/06 15:49:04.058, 3, 00000000:82:00.0, 3027 MiB, 40960 MiB, 100 %, 233.64 W, 51, 1380 MHz
2026/10/06 15:49:05.064, 0, 00000000:01:00.0, 3071 MiB, 40960 MiB, 100 %, 222.21 W, 43, 1410 MHz
2026/10/06 15:49:05.070, 1, 00000000:02:00.0, 3027 MiB, 40960 MiB, 100 %, 230.20 W, 47, 1410 MHz
2026/10/06 15:49:05.076, 2, 00000000:81:00.0, 3027 MiB, 40960 MiB, 100 %, 242.29 W, 49, 1410 MHz
2026/10/06 15:49:05.082, 3, 00000000:82:00.0, 3027 MiB, 40960 MiB, 100 %, 230.10 W, 50, 1395 MHz
2026/10/06 15:49:06.091, 0, 00000000:01:00.0, 3071 MiB, 40960 MiB, 100 %, 254.21 W, 43, 1395 MHz
2026/10/06 15:49:06.097, 1, 00000000:02:00.0, 3027 MiB, 40960 MiB, 100 %, 235.01 W, 46, 1410 MHz
2026/10/06 15:49:06.103, 2, 00000000:81:00.0, 3027 MiB, 40960 MiB, 100 %, 251.76 W, 49, 1395 MHz
2026/10/06 15:49:06.110, 3, 00000000:82:00.0, 3027 MiB, 40960 MiB, 100 %, 248.91 W, 51, 1395 MHz
2026/10/06 15:49:07.117, 0, 00000000:01:00.0, 3071 MiB, 40960 MiB, 100 %, 246.17 W, 43, 1395 MHz
2026/10/06 15:49:07.125, 1, 00000000:02:00.0, 3027 MiB, 40960 MiB, 100 %, 252.52 W, 47, 1410 MHz
2026/10/06 15:49:07.132, 2, 00000000:81:00.0, 3027 MiB, 40960 MiB, 100 %, 230.56 W, 49, 1410 MHz
2026/10/06 15:49:07.144, 3, 00000000:82:00.0, 3027 MiB, 40960 MiB, 100 %, 255.25 W, 51, 1395 MHz
2026/10/06 15:49:08.156, 0, 00000000:01:00.0, 3071 MiB, 40960 MiB, 100 %, 256.01 W, 43, 1395 MHz
2026/10/06 15:49:08.161, 1, 00000000:02:00.0, 3027 MiB, 40960 MiB, 100 %, 228.88 W, 46, 1410 MHz
2026/10/06 15:49:08.167, 2, 00000000:81:00.0, 3027 MiB, 40960 MiB, 100 %, 241.98 W, 49, 1395 MHz
2026/10/06 15:49:08.175, 3, 00000000:82:00.0, 3027 MiB, 40960 MiB, 100 %, 232.58 W, 50, 1410 MHz
2026/10/06 15:49:09.181, 0, 00000000:01:00.0, 3071 MiB, 40960 MiB, 100 %, 246.06 W, 43, 1395 MHz
2026/10/06 15:49:09.187, 1, 00000000:02:00.0, 3027 MiB, 40960 MiB, 100 %, 253.74 W, 47, 1410 MHz
2026/10/06 15:49:09.194, 2, 00000000:81:00.0, 3027 MiB, 40960 MiB, 100 %, 245.15 W, 49, 1395 MHz
2026/10/06 15:49:09.200, 3, 00000000:82:00.0, 3027 MiB, 40960 MiB, 100 %, 231.18 W, 51, 1395 MHz
2026/10/06 15:49:10.207, 0, 00000000:01:00.0, 3071 MiB, 40960 MiB, 100 %, 222.18 W, 43, 1410 MHz
2026/10/06 15:49:10.218, 1, 00000000:02:00.0, 3027 MiB, 40960 MiB, 100 %, 227.44 W, 46, 1410 MHz
2026/10/06 15:49:10.224, 2, 00000000:81:00.0, 3027 MiB, 40960 MiB, 100 %, 256.01 W, 49, 1410 MHz
2026/10/06 15:49:10.234, 3, 00000000:82:00.0, 3027 MiB, 40960 MiB, 100 %, 231.24 W, 50, 1395 MHz
2026/10/06 15:49:11.242, 0, 00000000:01:00.0, 3071 MiB, 40960 MiB, 100 %, 257.46 W, 43, 1395 MHz
2026/10/06 15:49:11.248, 1, 00000000:02:00.0, 3027 MiB, 40960 MiB, 100 %, 255.36 W, 47, 1410 MHz
2026/10/06 15:49:11.253, 2, 00000000:81:00.0, 3027 MiB, 40960 MiB, 100 %, 243.91 W, 49, 1380 MHz
2026/10/06 15:49:11.261, 3, 00000000:82:00.0, 3027 MiB, 40960 MiB, 100 %, 236.70 W, 50, 1395 MHz
2026/10/06 15:49:12.275, 0, 00000000:01:00.0, 3071 MiB, 40960 MiB, 100 %, 251.09 W, 43, 1410 MHz
2026/10/06 15:49:12.283, 1, 00000000:02:00.0, 3027 MiB, 40960 MiB, 100 %, 252.90 W, 46, 1410 MHz
2026/10/06 15:49:12.291, 2, 00000000:81:00.0, 3027 MiB, 40960 MiB, 100 %, 224.95 W, 48, 1410 MHz
2026/10/06 15:49:12.298, 3, 00000000:82:00.0, 3027 MiB, 40960 MiB, 100 %, 245.54 W, 51, 1395 MHz
2026/10/06 15:49:13.306, 0, 00000000:01:00.0, 3071 MiB, 40960 MiB, 100 %, 260.86 W, 43, 1395 MHz
2026/10/06 15:49:13.320, 1, 00000000:02:00.0, 3027 MiB, 40960 MiB, 100 %, 249.01 W, 47, 1410 MHz
2026/10/06 15:49:13.325, 2, 00000000:81:00.0, 3027 MiB, 40960 MiB, 100 %, 255.92 W, 49, 1395 MHz
2026/10/06 15:49:13.331, 3, 00000000:82:00.0, 3027 MiB, 40960 MiB, 100 %, 227.54 W, 50, 1410 MHz
2026/10/06 15:49:14.337, 0, 00000000:01:00.0, 3071 MiB, 40960 MiB, 100 %, 245.85 W, 43, 1395 MHz
2026/10/06 15:49:14.343, 1, 00000000:02:00.0, 3027 MiB, 40960 MiB, 100 %, 233.02 W, 47, 1410 MHz
2026/10/06 15:49:14.349, 2, 00000000:81:00.0, 3027 MiB, 40960 MiB, 100 %, 247.83 W, 49, 1395 MHz
2026/10/06 15:49:14.354, 3, 00000000:82:00.0, 3027 MiB, 40960 MiB, 100 %, 230.42 W, 51, 1380 MHz
2026/10/06 15:49:15.361, 0, 00000000:01:00.0, 3071 MiB, 40960 MiB, 100 %, 222.09 W, 43, 1410 MHz
2026/10/06 15:49:15.367, 1, 00000000:02:00.0, 3027 MiB, 40960 MiB, 100 %, 217.03 W, 46, 1410 MHz
2026/10/06 15:49:15.375, 2, 00000000:81:00.0, 3027 MiB, 40960 MiB, 100 %, 264.32 W, 49, 1395 MHz
2026/10/06 15:49:15.388, 3, 00000000:82:00.0, 3027 MiB, 40960 MiB, 100 %, 232.12 W, 50, 1395 MHz
2026/10/06 15:49:16.394, 0, 00000000:01:00.0, 3071 MiB, 40960 MiB, 100 %, 255.46 W, 43, 1395 MHz
2026/10/06 15:49:16.400, 1, 00000000:02:00.0, 3027 MiB, 40960 MiB, 100 %, 250.89 W, 47, 1410 MHz
2026/10/06 15:49:16.406, 2, 00000000:81:00.0, 3027 MiB, 40960 MiB, 100 %, 253.35 W, 49, 1395 MHz
2026/10/06 15:49:16.411, 3, 00000000:82:00.0, 3027 MiB, 40960 MiB, 100 %, 230.33 W, 50, 1395 MHz
2026/10/06 15:49:17.424, 0, 00000000:01:00.0, 3071 MiB, 40960 MiB, 100 %, 247.35 W, 43, 1395 MHz
2026/10/06 15:49:17.432, 1, 00000000:02:00.0, 3027 MiB, 40960 MiB, 100 %, 231.30 W, 46, 1410 MHz
2026/10/06 15:49:17.438, 2, 00000000:81:00.0, 3027 MiB, 40960 MiB, 100 %, 227.72 W, 48, 1410 MHz
2026/10/06 15:49:17.445, 3, 00000000:82:00.0, 3027 MiB, 40960 MiB, 100 %, 250.37 W, 51, 1395 MHz
2026/10/06 15:49:18.453, 0, 00000000:01:00.0, 3071 MiB, 40960 MiB, 100 %, 233.12 W, 43, 1395 MHz
2026/10/06 15:49:18.467, 1, 00000000:02:00.0, 3027 MiB, 40960 MiB, 100 %, 253.17 W, 47, 1410 MHz
2026/10/06 15:49:18.475, 2, 00000000:81:00.0, 3027 MiB, 40960 MiB, 100 %, 261.25 W, 49, 1395 MHz
2026/10/06 15:49:18.482, 3, 00000000:82:00.0, 3027 MiB, 40960 MiB, 100 %, 255.08 W, 50, 1410 MHz
2026/10/06 15:49:19.490, 0, 00000000:01:00.0, 3071 MiB, 40960 MiB, 100 %, 248.70 W, 43, 1395 MHz
2026/10/06 15:49:19.496, 1, 00000000:02:00.0, 3027 MiB, 40960 MiB, 100 %, 227.51 W, 46, 1410 MHz
2026/10/06 15:49:19.502, 2, 00000000:81:00.0, 3027 MiB, 40960 MiB, 100 %, 247.33 W, 49, 1395 MHz
2026/10/06 15:49:19.508, 3, 00000000:82:00.0, 3027 MiB, 40960 MiB, 100 %, 244.94 W, 51, 1380 MHz
2026/10/06 15:49:20.516, 0, 00000000:01:00.0, 3071 MiB, 40960 MiB, 100 %, 233.10 W, 43, 1410 MHz
2026/10/06 15:49:20.524, 1, 00000000:02:00.0, 3027 MiB, 40960 MiB, 100 %, 252.10 W, 47, 1410 MHz
2026/10/06 15:49:20.530, 2, 00000000:81:00.0, 3027 MiB, 40960 MiB, 100 %, 263.92 W, 49, 1395 MHz
2026/10/06 15:49:20.544, 3, 00000000:82:00.0, 3027 MiB, 40960 MiB, 100 %, 240.51 W, 50, 1395 MHz
2026/10/06 15:49:21.550, 0, 00000000:01:00.0, 3071 MiB, 40960 MiB, 100 %, 258.11 W, 43, 1395 MHz
2026/10/06 15:49:21.556, 1, 00000000:02:00.0, 3027 MiB, 40960 MiB, 100 %, 253.35 W, 46, 1410 MHz
2026/10/06 15:49:21.562, 2, 00000000:81:00.0, 3027 MiB, 40960 MiB, 100 %, 243.12 W, 49, 1395 MHz
2026/10/06 15:49:21.569, 3, 00000000:82:00.0, 3027 MiB, 40960 MiB, 100 %, 228.77 W, 50, 1410 MHz
2026/10/06 15:49:22.574, 0, 00000000:01:00.0, 3071 MiB, 40960 MiB, 100 %, 248.12 W, 43, 1410 MHz
2026/10/06 15:49:22.580, 1, 00000000:02:00.0, 3027 MiB, 40960 MiB, 100 %, 254.97 W, 47, 1410 MHz
2026/10/06 15:49:22.586, 2, 00000000:81:00.0, 3027 MiB, 40960 MiB, 100 %, 228.61 W, 49, 1410 MHz
2026/10/06 15:49:22.593, 3, 00000000:82:00.0, 3027 MiB, 40960 MiB, 100 %, 259.14 W, 51, 1380 MHz
2026/10/06 15:49:23.601, 0, 00000000:01:00.0, 3071 MiB, 40960 MiB, 100 %, 232.24 W, 43, 1410 MHz
2026/10/06 15:49:23.606, 1, 00000000:02:00.0, 3027 MiB, 40960 MiB, 100 %, 252.79 W, 47, 1410 MHz
2026/10/06 15:49:23.612, 2, 00000000:81:00.0, 3027 MiB, 40960 MiB, 100 %, 262.70 W, 49, 1395 MHz
2026/10/06 15:49:23.618, 3, 00000000:82:00.0, 3027 MiB, 40960 MiB, 100 %, 246.04 W, 50, 1395 MHz
2026/10/06 15:49:24.625, 0, 00000000:01:00.0, 3071 MiB, 40960 MiB, 100 %, 250.60 W, 43, 1395 MHz
2026/10/06 15:49:24.630, 1, 00000000:02:00.0, 3027 MiB, 40960 MiB, 100 %, 225.67 W, 46, 1410 MHz
2026/10/06 15:49:24.636, 2, 00000000:81:00.0, 3027 MiB, 40960 MiB, 100 %, 253.26 W, 49, 1395 MHz
2026/10/06 15:49:24.642, 3, 00000000:82:00.0, 3027 MiB, 40960 MiB, 100 %, 230.22 W, 50, 1395 MHz
2026/10/06 15:49:25.648, 0, 00000000:01:00.0, 3071 MiB, 40960 MiB, 100 %, 226.43 W, 43, 1410 MHz
2026/10/06 15:49:25.655, 1, 00000000:02:00.0, 3027 MiB, 40960 MiB, 100 %, 255.35 W, 47, 1410 MHz
2026/10/06 15:49:25.661, 2, 00000000:81:00.0, 3027 MiB, 40960 MiB, 100 %, 229.13 W, 49, 1395 MHz
2026/10/06 15:49:25.669, 3, 00000000:82:00.0, 3027 MiB, 40960 MiB, 100 %, 245.65 W, 51, 1395 MHz
2026/10/06 15:49:26.682, 0, 00000000:01:00.0, 3071 MiB, 40960 MiB, 100 %, 256.10 W, 43, 1395 MHz
2026/10/06 15:49:26.687, 1, 00000000:02:00.0, 3027 MiB, 40960 MiB, 100 %, 218.25 W, 46, 1410 MHz
2026/10/06 15:49:26.695, 2, 00000000:81:00.0, 3027 MiB, 40960 MiB, 100 %, 253.33 W, 49, 1395 MHz
2026/10/06 15:49:26.706, 3, 00000000:82:00.0, 3027 MiB, 40960 MiB, 100 %, 229.84 W, 50, 1410 MHz
2026/10/06 15:49:27.712, 0, 00000000:01:00.0, 3071 MiB, 40960 MiB, 100 %, 246.22 W, 43, 1410 MHz
2026/10/06 15:49:27.719, 1, 00000000:02:00.0, 3027 MiB, 40960 MiB, 100 %, 251.37 W, 47, 1410 MHz
2026/10/06 15:49:27.727, 2, 00000000:81:00.0, 3027 MiB, 40960 MiB, 100 %, 228.07 W, 49, 1410 MHz
2026/10/06 15:49:27.735, 3, 00000000:82:00.0, 3027 MiB, 40960 MiB, 100 %, 260.94 W, 51, 1380 MHz
2026/10/06 15:49:28.743, 0, 00000000:01:00.0, 3071 MiB, 40960 MiB, 100 %, 234.05 W, 43, 1410 MHz
2026/10/06 15:49:28.749, 1, 00000000:02:00.0, 3027 MiB, 40960 MiB, 100 %, 231.39 W, 47, 1410 MHz
2026/10/06 15:49:28.756, 2, 00000000:81:00.0, 3027 MiB, 40960 MiB, 100 %, 258.67 W, 49, 1380 MHz
2026/10/06 15:49:28.763, 3, 00000000:82:00.0, 3027 MiB, 40960 MiB, 100 %, 250.51 W, 50, 1395 MHz
2026/10/06 15:49:29.769, 0, 00000000:01:00.0, 3071 MiB, 40960 MiB, 100 %, 251.26 W, 43, 1395 MHz
2026/10/06 15:49:29.775, 1, 00000000:02:00.0, 3027 MiB, 40960 MiB, 100 %, 218.45 W, 47, 1410 MHz
2026/10/06 15:49:29.783, 2, 00000000:81:00.0, 3027 MiB, 40960 MiB, 100 %, 253.35 W, 49, 1395 MHz
2026/10/06 15:49:29.792, 3, 00000000:82:00.0, 3027 MiB, 40960 MiB, 100 %, 226.79 W, 50, 1410 MHz
2026/10/06 15:49:30.798, 0, 00000000:01:00.0, 3071 MiB, 40960 MiB, 100 %, 231.78 W, 43, 1410 MHz
2026/10/06 15:49:30.804, 1, 00000000:02:00.0, 3027 MiB, 40960 MiB, 100 %, 250.50 W, 47, 1410 MHz
2026/10/06 15:49:30.810, 2, 00000000:81:00.0, 3027 MiB, 40960 MiB, 100 %, 228.55 W, 49, 1395 MHz
2026/10/06 15:49:30.815, 3, 00000000:82:00.0, 3027 MiB, 40960 MiB, 100 %, 245.28 W, 51, 1380 MHz
2026/10/06 15:49:31.822, 0, 00000000:01:00.0, 3071 MiB, 40960 MiB, 100 %, 240.33 W, 43, 1395 MHz
2026/10/06 15:49:31.828, 1, 00000000:02:00.0, 3027 MiB, 40960 MiB, 100 %, 249.58 W, 46, 1410 MHz
2026/10/06 15:49:31.835, 2, 00000000:81:00.0, 3027 MiB, 40960 MiB, 100 %, 262.98 W, 49, 1395 MHz
2026/10/06 15:49:31.841, 3, 00000000:82:00.0, 3027 MiB, 40960 MiB, 100 %, 230.91 W, 51, 1395 MHz
2026/10/06 15:49:32.846, 0, 00000000:01:00.0, 3071 MiB, 40960 MiB, 100 %, 248.41 W, 43, 1395 MHz
2026/10/06 15:49:32.853, 1, 00000000:02:00.0, 3027 MiB, 40960 MiB, 100 %, 252.97 W, 47, 1410 MHz
2026/10/06 15:49:32.862, 2, 00000000:81:00.0, 3027 MiB, 40960 MiB, 100 %, 223.28 W, 49, 1410 MHz
2026/10/06 15:49:32.873, 3, 00000000:82:00.0, 3027 MiB, 40960 MiB, 100 %, 252.79 W, 51, 1395 MHz
2026/10/06 15:49:33.881, 0, 00000000:01:00.0, 3071 MiB, 40960 MiB, 100 %, 241.21 W, 43, 1410 MHz
2026/10/06 15:49:33.886, 1, 00000000:02:00.0, 3027 MiB, 40960 MiB, 100 %, 227.96 W, 46, 1410 MHz
2026/10/06 15:49:33.893, 2, 00000000:81:00.0, 3027 MiB, 40960 MiB, 100 %, 258.86 W, 49, 1395 MHz
2026/10/06 15:49:33.898, 3, 00000000:82:00.0, 3027 MiB, 40960 MiB, 100 %, 247.26 W, 51, 1380 MHz
2026/10/06 15:49:34.904, 0, 00000000:01:00.0, 3071 MiB, 40960 MiB, 100 %, 250.12 W, 43, 1395 MHz
2026/10/06 15:49:34.910, 1, 00000000:02:00.0, 3027 MiB, 40960 MiB, 100 %, 247.30 W, 47, 1410 MHz
2026/10/06 15:49:34.916, 2, 00000000:81:00.0, 3027 MiB, 40960 MiB, 100 %, 252.98 W, 49, 1395 MHz
2026/10/06 15:49:34.922, 3, 00000000:82:00.0, 3027 MiB, 40960 MiB, 100 %, 227.09 W, 50, 1395 MHz
2026/10/06 15:49:35.929, 0, 00000000:01:00.0, 3071 MiB, 40960 MiB, 100 %, 236.88 W, 43, 1410 MHz
2026/10/06 15:49:35.936, 1, 00000000:02:00.0, 3027 MiB, 40960 MiB, 100 %, 253.16 W, 47, 1410 MHz
2026/10/06 15:49:35.942, 2, 00000000:81:00.0, 3027 MiB, 40960 MiB, 100 %, 231.75 W, 48, 1410 MHz
2026/10/06 15:49:35.947, 3, 00000000:82:00.0, 3027 MiB, 40960 MiB, 100 %, 228.58 W, 51, 1380 MHz
2026/10/06 15:49:36.953, 0, 00000000:01:00.0, 3071 MiB, 40960 MiB, 100 %, 230.51 W, 43, 1410 MHz
2026/10/06 15:49:36.960, 1, 00000000:02:00.0, 3027 MiB, 40960 MiB, 100 %, 254.71 W, 47, 1410 MHz
2026/10/06 15:49:36.968, 2, 00000000:81:00.0, 3027 MiB, 40960 MiB, 100 %, 261.45 W, 49, 1380 MHz
2026/10/06 15:49:36.976, 3, 00000000:82:00.0, 3027 MiB, 40960 MiB, 100 %, 250.98 W, 51, 1395 MHz
2026/10/06 15:49:37.983, 0, 00000000:01:00.0, 3071 MiB, 40960 MiB, 100 %, 258.31 W, 43, 1395 MHz
2026/10/06 15:49:37.993, 1, 00000000:02:00.0, 3027 MiB, 40960 MiB, 100 %, 253.83 W, 47, 1410 MHz
2026/10/06 15:49:37.999, 2, 00000000:81:00.0, 3027 MiB, 40960 MiB, 100 %, 252.90 W, 49, 1395 MHz
2026/10/06 15:49:38.005, 3, 00000000:82:00.0, 3027 MiB, 40960 MiB, 100 %, 227.69 W, 50, 1410 MHz
2026/10/06 15:49:39.014, 0, 00000000:01:00.0, 3071 MiB, 40960 MiB, 100 %, 246.11 W, 43, 1410 MHz
2026/10/06 15:49:39.022, 1, 00000000:02:00.0, 3027 MiB, 40960 MiB, 100 %, 227.57 W, 46, 1410 MHz
2026/10/06 15:49:39.027, 2, 00000000:81:00.0, 3027 MiB, 40960 MiB, 100 %, 258.13 W, 49, 1395 MHz
2026/10/06 15:49:39.033, 3, 00000000:82:00.0, 3027 MiB, 40960 MiB, 100 %, 244.53 W, 51, 1380 MHz
2026/10/06 15:49:40.043, 0, 00000000:01:00.0, 3071 MiB, 40960 MiB, 100 %, 253.55 W, 43, 1395 MHz
2026/10/06 15:49:40.052, 1, 00000000:02:00.0, 3027 MiB, 40960 MiB, 100 %, 254.13 W, 47, 1410 MHz
2026/10/06 15:49:40.058, 2, 00000000:81:00.0, 3027 MiB, 40960 MiB, 100 %, 243.46 W, 49, 1395 MHz
2026/10/06 15:49:40.063, 3, 00000000:82:00.0, 3027 MiB, 40960 MiB, 100 %, 246.23 W, 51, 1395 MHz
2026/10/06 15:49:41.070, 0, 00000000:01:00.0, 3071 MiB, 40960 MiB, 100 %, 247.25 W, 43, 1395 MHz
2026/10/06 15:49:41.078, 1, 00000000:02:00.0, 3027 MiB, 40960 MiB, 100 %, 225.72 W, 47, 1410 MHz
2026/10/06 15:49:41.084, 2, 00000000:81:00.0, 3027 MiB, 40960 MiB, 100 %, 225.62 W, 49, 1410 MHz
2026/10/06 15:49:41.090, 3, 00000000:82:00.0, 3027 MiB, 40960 MiB, 100 %, 229.23 W, 51, 1410 MHz
2026/10/06 15:49:42.096, 0, 00000000:01:00.0, 3071 MiB, 40960 MiB, 100 %, 221.99 W, 43, 1410 MHz
2026/10/06 15:49:42.104, 1, 00000000:02:00.0, 3027 MiB, 40960 MiB, 100 %, 255.54 W, 47, 1410 MHz
2026/10/06 15:49:42.111, 2, 00000000:81:00.0, 3027 MiB, 40960 MiB, 100 %, 249.63 W, 49, 1380 MHz
2026/10/06 15:49:42.119, 3, 00000000:82:00.0, 3027 MiB, 40960 MiB, 100 %, 261.05 W, 51, 1380 MHz
2026/10/06 15:49:43.126, 0, 00000000:01:00.0, 3071 MiB, 40960 MiB, 100 %, 256.88 W, 43, 1395 MHz
2026/10/06 15:49:43.133, 1, 00000000:02:00.0, 3027 MiB, 40960 MiB, 100 %, 252.99 W, 47, 1410 MHz
2026/10/06 15:49:43.138, 2, 00000000:81:00.0, 3027 MiB, 40960 MiB, 100 %, 243.16 W, 49, 1395 MHz
2026/10/06 15:49:43.144, 3, 00000000:82:00.0, 3027 MiB, 40960 MiB, 100 %, 251.56 W, 50, 1395 MHz
2026/10/06 15:49:44.153, 0, 00000000:01:00.0, 3071 MiB, 40960 MiB, 100 %, 250.97 W, 43, 1395 MHz
2026/10/06 15:49:44.160, 1, 00000000:02:00.0, 3027 MiB, 40960 MiB, 100 %, 226.91 W, 47, 1410 MHz
2026/10/06 15:49:44.165, 2, 00000000:81:00.0, 3027 MiB, 40960 MiB, 100 %, 254.78 W, 49, 1395 MHz
2026/10/06 15:49:44.177, 3, 00000000:82:00.0, 3027 MiB, 40960 MiB, 100 %, 261.42 W, 51, 1380 MHz
2026/10/06 15:49:45.197, 0, 00000000:01:00.0, 3071 MiB, 40960 MiB, 100 %, 257.36 W, 43, 1395 MHz
2026/10/06 15:49:45.202, 1, 00000000:02:00.0, 3027 MiB, 40960 MiB, 100 %, 237.40 W, 47, 1410 MHz
2026/10/06 15:49:45.208, 2, 00000000:81:00.0, 3027 MiB, 40960 MiB, 100 %, 243.46 W, 49, 1380 MHz
2026/10/06 15:49:45.214, 3, 00000000:82:00.0, 3027 MiB, 40960 MiB, 100 %, 251.85 W, 51, 1395 MHz
2026/10/06 15:49:46.219, 0, 00000000:01:00.0, 3071 MiB, 40960 MiB, 100 %, 246.77 W, 43, 1395 MHz
2026/10/06 15:49:46.225, 1, 00000000:02:00.0, 3027 MiB, 40960 MiB, 100 %, 225.76 W, 46, 1410 MHz
2026/10/06 15:49:46.231, 2, 00000000:81:00.0, 3027 MiB, 40960 MiB, 100 %, 233.76 W, 49, 1410 MHz
2026/10/06 15:49:46.237, 3, 00000000:82:00.0, 3027 MiB, 40960 MiB, 100 %, 230.58 W, 50, 1410 MHz
2026/10/06 15:49:47.243, 0, 00000000:01:00.0, 3071 MiB, 40960 MiB, 100 %, 231.22 W, 43, 1410 MHz
2026/10/06 15:49:47.250, 1, 00000000:02:00.0, 3027 MiB, 40960 MiB, 100 %, 255.36 W, 47, 1410 MHz
2026/10/06 15:49:47.256, 2, 00000000:81:00.0, 3027 MiB, 40960 MiB, 100 %, 230.81 W, 49, 1380 MHz
2026/10/06 15:49:47.263, 3, 00000000:82:00.0, 3027 MiB, 40960 MiB, 100 %, 257.92 W, 51, 1380 MHz
2026/10/06 15:49:48.269, 0, 00000000:01:00.0, 3071 MiB, 40960 MiB, 100 %, 246.55 W, 43, 1395 MHz
2026/10/06 15:49:48.281, 1, 00000000:02:00.0, 3027 MiB, 40960 MiB, 100 %, 252.34 W, 47, 1410 MHz
2026/10/06 15:49:48.288, 2, 00000000:81:00.0, 3027 MiB, 40960 MiB, 100 %, 256.31 W, 49, 1395 MHz
2026/10/06 15:49:48.296, 3, 00000000:82:00.0, 3027 MiB, 40960 MiB, 100 %, 254.71 W, 51, 1395 MHz
2026/10/06 15:49:49.304, 0, 00000000:01:00.0, 3071 MiB, 40960 MiB, 100 %, 249.56 W, 43, 1410 MHz
2026/10/06 15:49:49.312, 1, 00000000:02:00.0, 3027 MiB, 40960 MiB, 100 %, 225.47 W, 47, 1410 MHz
2026/10/06 15:49:49.318, 2, 00000000:81:00.0, 3027 MiB, 40960 MiB, 100 %, 230.79 W, 49, 1410 MHz
2026/10/06 15:49:49.323, 3, 00000000:82:00.0, 3027 MiB, 40960 MiB, 100 %, 230.18 W, 50, 1410 MHz
2026/10/06 15:49:50.329, 0, 00000000:01:00.0, 3071 MiB, 40960 MiB, 100 %, 241.69 W, 43, 1410 MHz
2026/10/06 15:49:50.336, 1, 00000000:02:00.0, 3027 MiB, 40960 MiB, 100 %, 232.85 W, 47, 1410 MHz
2026/10/06 15:49:50.342, 2, 00000000:81:00.0, 3027 MiB, 40960 MiB, 100 %, 256.60 W, 49, 1395 MHz
2026/10/06 15:49:50.347, 3, 00000000:82:00.0, 3027 MiB, 40960 MiB, 100 %, 258.67 W, 51, 1395 MHz
2026/10/06 15:49:51.363, 0, 00000000:01:00.0, 3071 MiB, 40960 MiB, 100 %, 248.99 W, 43, 1395 MHz
2026/10/06 15:49:51.369, 1, 00000000:02:00.0, 3027 MiB, 40960 MiB, 100 %, 225.10 W, 46, 1410 MHz
2026/10/06 15:49:51.376, 2, 00000000:81:00.0, 3027 MiB, 40960 MiB, 100 %, 253.07 W, 49, 1395 MHz
2026/10/06 15:49:51.382, 3, 00000000:82:00.0, 3027 MiB, 40960 MiB, 100 %, 233.46 W, 50, 1395 MHz
2026/10/06 15:49:52.388, 0, 00000000:01:00.0, 3071 MiB, 40960 MiB, 100 %, 240.23 W, 43, 1410 MHz
2026/10/06 15:49:52.394, 1, 00000000:02:00.0, 3027 MiB, 40960 MiB, 100 %, 255.24 W, 47, 1410 MHz
2026/10/06 15:49:52.402, 2, 00000000:81:00.0, 3027 MiB, 40960 MiB, 100 %, 224.38 W, 49, 1395 MHz
2026/10/06 15:49:52.408, 3, 00000000:82:00.0, 3027 MiB, 40960 MiB, 100 %, 228.79 W, 50, 1410 MHz
2026/10/06 15:49:53.413, 0, 00000000:01:00.0, 3071 MiB, 40960 MiB, 100 %, 228.46 W, 43, 1395 MHz
2026/10/06 15:49:53.426, 1, 00000000:02:00.0, 3027 MiB, 40960 MiB, 100 %, 252.60 W, 47, 1410 MHz
2026/10/06 15:49:53.431, 2, 00000000:81:00.0, 3027 MiB, 40960 MiB, 100 %, 261.55 W, 49, 1395 MHz
2026/10/06 15:49:53.437, 3, 00000000:82:00.0, 3027 MiB, 40960 MiB, 100 %, 261.82 W, 51, 1380 MHz
2026/10/06 15:49:54.444, 0, 00000000:01:00.0, 3071 MiB, 40960 MiB, 100 %, 257.06 W, 43, 1410 MHz
2026/10/06 15:49:54.456, 1, 00000000:02:00.0, 3027 MiB, 40960 MiB, 100 %, 250.78 W, 47, 1410 MHz
2026/10/06 15:49:54.462, 2, 00000000:81:00.0, 3027 MiB, 40960 MiB, 100 %, 228.43 W, 49, 1410 MHz
2026/10/06 15:49:54.470, 3, 00000000:82:00.0, 3027 MiB, 40960 MiB, 100 %, 241.56 W, 50, 1395 MHz
2026/10/06 15:49:55.475, 0, 00000000:01:00.0, 3071 MiB, 40960 MiB, 100 %, 230.03 W, 43, 1410 MHz
2026/10/06 15:49:55.484, 1, 00000000:02:00.0, 3027 MiB, 40960 MiB, 100 %, 236.14 W, 47, 1410 MHz
2026/10/06 15:49:55.490, 2, 00000000:81:00.0, 3027 MiB, 40960 MiB, 100 %, 260.88 W, 49, 1395 MHz
2026/10/06 15:49:55.497, 3, 00000000:82:00.0, 3027 MiB, 40960 MiB, 100 %, 225.90 W, 51, 1395 MHz
2026/10/06 15:49:56.503, 0, 00000000:01:00.0, 3071 MiB, 40960 MiB, 100 %, 257.83 W, 43, 1395 MHz
2026/10/06 15:49:56.509, 1, 00000000:02:00.0, 3027 MiB, 40960 MiB, 100 %, 225.60 W, 47, 1410 MHz
2026/10/06 15:49:56.514, 2, 00000000:81:00.0, 3027 MiB, 40960 MiB, 100 %, 243.34 W, 49, 1395 MHz
2026/10/06 15:49:56.526, 3, 00000000:82:00.0, 3027 MiB, 40960 MiB, 100 %, 251.28 W, 51, 1395 MHz
2026/10/06 15:49:57.532, 0, 00000000:01:00.0, 3071 MiB, 40960 MiB, 100 %, 246.62 W, 43, 1410 MHz
2026/10/06 15:49:57.538, 1, 00000000:02:00.0, 3027 MiB, 40960 MiB, 100 %, 255.53 W, 47, 1410 MHz
2026/10/06 15:49:57.544, 2, 00000000:81:00.0, 3027 MiB, 40960 MiB, 100 %, 231.88 W, 49, 1410 MHz
2026/10/06 15:49:57.551, 3, 00000000:82:00.0, 3027 MiB, 40960 MiB, 100 %, 230.77 W, 50, 1395 MHz
2026/10/06 15:49:58.558, 0, 00000000:01:00.0, 3071 MiB, 40960 MiB, 100 %, 234.36 W, 43, 1410 MHz
2026/10/06 15:49:58.571, 1, 00000000:02:00.0, 3027 MiB, 40960 MiB, 0 %, 61.34 W, 37, 1410 MHz
2026/10/06 15:49:58.575, 2, 00000000:81:00.0, 3027 MiB, 40960 MiB, 100 %, 230.07 W, 49, 1395 MHz
2026/10/06 15:49:58.582, 3, 00000000:82:00.0, 3027 MiB, 40960 MiB, 100 %, 226.97 W, 51, 1380 MHz
2026/10/06 15:49:59.591, 0, 00000000:01:00.0, 3060 MiB, 40960 MiB, 0 %, 68.63 W, 36, 1410 MHz
2026/10/06 15:49:59.597, 1, 00000000:02:00.0, 5 MiB, 40960 MiB, 0 %, 60.78 W, 35, 1410 MHz
2026/10/06 15:49:59.602, 2, 00000000:81:00.0, 3028 MiB, 40960 MiB, 56 %, 71.42 W, 42, 1410 MHz
2026/10/06 15:49:59.609, 3, 00000000:82:00.0, 3027 MiB, 40960 MiB, 100 %, 253.55 W, 51, 1380 MHz
2026/10/06 15:50:00.618, 0, 00000000:01:00.0, 27 MiB, 40960 MiB, 0 %, 67.87 W, 35, 1410 MHz
2026/10/06 15:50:00.630, 1, 00000000:02:00.0, 5 MiB, 40960 MiB, 0 %, 60.58 W, 35, 1410 MHz
2026/10/06 15:50:00.637, 2, 00000000:81:00.0, 144 MiB, 40960 MiB, 10 %, 72.38 W, 40, 1410 MHz
2026/10/06 15:50:00.646, 3, 00000000:82:00.0, 3027 MiB, 40960 MiB, 98 %, 70.40 W, 44, 1410 MHz
2026/10/06 15:50:01.654, 0, 00000000:01:00.0, 16 MiB, 40960 MiB, 0 %, 67.67 W, 34, 1410 MHz
2026/10/06 15:50:01.658, 1, 00000000:02:00.0, 5 MiB, 40960 MiB, 0 %, 33.31 W, 33, 240 MHz
2026/10/06 15:50:01.665, 2, 00000000:81:00.0, 5 MiB, 40960 MiB, 0 %, 69.33 W, 39, 1410 MHz
2026/10/06 15:50:01.670, 3, 00000000:82:00.0, 3027 MiB, 40960 MiB, 0 %, 67.17 W, 39, 1410 MHz
2026/10/06 15:50:02.677, 0, 00000000:01:00.0, 4 MiB, 40960 MiB, 0 %, 38.22 W, 33, 240 MHz
2026/10/06 15:50:02.731, 1, 00000000:02:00.0, 4 MiB, 40960 MiB, 0 %, 32.96 W, 33, 210 MHz
2026/10/06 15:50:02.739, 2, 00000000:81:00.0, 4 MiB, 40960 MiB, 0 %, 38.37 W, 37, 270 MHz
2026/10/06 15:50:02.749, 3, 00000000:82:00.0, 4 MiB, 40960 MiB, 0 %, 66.54 W, 38, 1410 MHz
2026/10/06 15:50:03.754, 0, 00000000:01:00.0, 4 MiB, 40960 MiB, 0 %, 38.24 W, 33, 210 MHz
2026/10/06 15:50:03.765, 1, 00000000:02:00.0, 4 MiB, 40960 MiB, 0 %, 33.06 W, 32, 210 MHz
2026/10/06 15:50:03.779, 2, 00000000:81:00.0, 4 MiB, 40960 MiB, 0 %, 37.53 W, 36, 210 MHz
2026/10/06 15:50:03.790, 3, 00000000:82:00.0, 4 MiB, 40960 MiB, 0 %, 66.18 W, 37, 1410 MHz
2026/10/06 15:50:04.799, 0, 00000000:01:00.0, 4 MiB, 40960 MiB, 0 %, 38.16 W, 32, 210 MHz
2026/10/06 15:50:04.806, 1, 00000000:02:00.0, 4 MiB, 40960 MiB, 0 %, 32.99 W, 32, 210 MHz
2026/10/06 15:50:04.813, 2, 00000000:81:00.0, 4 MiB, 40960 MiB, 0 %, 37.24 W, 35, 210 MHz
2026/10/06 15:50:04.820, 3, 00000000:82:00.0, 4 MiB, 40960 MiB, 0 %, 36.11 W, 35, 255 MHz
2026/10/06 15:50:05.828, 0, 00000000:01:00.0, 38 MiB, 40960 MiB, 0 %, 42.07 W, 32, 765 MHz
2026/10/06 15:50:05.843, 1, 00000000:02:00.0, 4 MiB, 40960 MiB, 0 %, 32.89 W, 32, 210 MHz
2026/10/06 15:50:05.852, 2, 00000000:81:00.0, 4 MiB, 40960 MiB, 0 %, 37.44 W, 35, 210 MHz
2026/10/06 15:50:05.861, 3, 00000000:82:00.0, 4 MiB, 40960 MiB, 0 %, 35.82 W, 34, 210 MHz
2026/10/06 15:50:06.871, 0, 00000000:01:00.0, 1690 MiB, 40960 MiB, 0 %, 49.86 W, 33, 1155 MHz
2026/10/06 15:50:06.877, 1, 00000000:02:00.0, 4 MiB, 40960 MiB, 0 %, 32.88 W, 32, 210 MHz
2026/10/06 15:50:06.884, 2, 00000000:81:00.0, 4 MiB, 40960 MiB, 0 %, 37.24 W, 35, 210 MHz
2026/10/06 15:50:06.892, 3, 00000000:82:00.0, 4 MiB, 40960 MiB, 0 %, 35.71 W, 34, 210 MHz
2026/10/06 15:50:07.899, 0, 00000000:01:00.0, 1690 MiB, 40960 MiB, 0 %, 41.56 W, 32, 765 MHz
2026/10/06 15:50:07.906, 1, 00000000:02:00.0, 1706 MiB, 40960 MiB, 0 %, 36.58 W, 32, 765 MHz
2026/10/06 15:50:07.912, 2, 00000000:81:00.0, 4 MiB, 40960 MiB, 0 %, 37.24 W, 34, 210 MHz
2026/10/06 15:50:07.920, 3, 00000000:82:00.0, 4 MiB, 40960 MiB, 0 %, 35.42 W, 34, 210 MHz
2026/10/06 15:50:08.927, 0, 00000000:01:00.0, 1690 MiB, 40960 MiB, 0 %, 41.85 W, 32, 765 MHz
2026/10/06 15:50:08.933, 1, 00000000:02:00.0, 1707 MiB, 40960 MiB, 0 %, 36.58 W, 32, 765 MHz
2026/10/06 15:50:08.940, 2, 00000000:81:00.0, 4 MiB, 40960 MiB, 0 %, 37.24 W, 34, 210 MHz
2026/10/06 15:50:08.947, 3, 00000000:82:00.0, 4 MiB, 40960 MiB, 0 %, 35.52 W, 34, 210 MHz
2026/10/06 15:50:09.954, 0, 00000000:01:00.0, 1690 MiB, 40960 MiB, 0 %, 38.06 W, 32, 210 MHz
2026/10/06 15:50:09.962, 1, 00000000:02:00.0, 1707 MiB, 40960 MiB, 0 %, 36.58 W, 32, 765 MHz
2026/10/06 15:50:09.968, 2, 00000000:81:00.0, 4 MiB, 40960 MiB, 0 %, 37.04 W, 34, 210 MHz
2026/10/06 15:50:09.977, 3, 00000000:82:00.0, 4 MiB, 40960 MiB, 0 %, 35.42 W, 33, 210 MHz
2026/10/06 15:50:10.986, 0, 00000000:01:00.0, 1690 MiB, 40960 MiB, 0 %, 38.08 W, 32, 210 MHz
2026/10/06 15:50:10.993, 1, 00000000:02:00.0, 1707 MiB, 40960 MiB, 0 %, 32.89 W, 32, 210 MHz
2026/10/06 15:50:11.002, 2, 00000000:81:00.0, 4 MiB, 40960 MiB, 0 %, 36.95 W, 34, 210 MHz
2026/10/06 15:50:11.009, 3, 00000000:82:00.0, 4 MiB, 40960 MiB, 0 %, 35.43 W, 33, 210 MHz
2026/10/06 15:50:12.016, 0, 00000000:01:00.0, 1690 MiB, 40960 MiB, 0 %, 38.07 W, 32, 210 MHz
2026/10/06 15:50:12.023, 1, 00000000:02:00.0, 1707 MiB, 40960 MiB, 0 %, 32.89 W, 32, 210 MHz
2026/10/06 15:50:12.031, 2, 00000000:81:00.0, 4 MiB, 40960 MiB, 0 %, 36.95 W, 34, 210 MHz
2026/10/06 15:50:12.038, 3, 00000000:82:00.0, 4 MiB, 40960 MiB, 0 %, 35.33 W, 33, 210 MHz
2026/10/06 15:50:13.045, 0, 00000000:01:00.0, 1682 MiB, 40960 MiB, 0 %, 38.08 W, 32, 210 MHz
2026/10/06 15:50:13.053, 1, 00000000:02:00.0, 1707 MiB, 40960 MiB, 0 %, 32.90 W, 32, 210 MHz
2026/10/06 15:50:13.060, 2, 00000000:81:00.0, 4 MiB, 40960 MiB, 0 %, 36.96 W, 34, 210 MHz
2026/10/06 15:50:13.067, 3, 00000000:82:00.0, 4 MiB, 40960 MiB, 0 %, 35.34 W, 33, 210 MHz
2026/10/06 15:50:14.074, 0, 00000000:01:00.0, 1682 MiB, 40960 MiB, 0 %, 37.98 W, 32, 210 MHz
2026/10/06 15:50:14.081, 1, 00000000:02:00.0, 1707 MiB, 40960 MiB, 0 %, 32.89 W, 32, 210 MHz
2026/10/06 15:50:14.088, 2, 00000000:81:00.0, 4 MiB, 40960 MiB, 0 %, 36.86 W, 33, 210 MHz
2026/10/06 15:50:14.095, 3, 00000000:82:00.0, 4 MiB, 40960 MiB, 0 %, 35.34 W, 33, 210 MHz
2026/10/06 15:50:15.102, 0, 00000000:01:00.0, 1682 MiB, 40960 MiB, 0 %, 37.98 W, 32, 210 MHz
2026/10/06 15:50:15.114, 1, 00000000:02:00.0, 1707 MiB, 40960 MiB, 0 %, 32.89 W, 32, 210 MHz
2026/10/06 15:50:15.125, 2, 00000000:81:00.0, 4 MiB, 40960 MiB, 0 %, 36.95 W, 33, 210 MHz
2026/10/06 15:50:15.136, 3, 00000000:82:00.0, 4 MiB, 40960 MiB, 0 %, 35.33 W, 33, 210 MHz
2026/10/06 15:50:16.146, 0, 00000000:01:00.0, 1682 MiB, 40960 MiB, 0 %, 38.08 W, 32, 210 MHz
2026/10/06 15:50:16.154, 1, 00000000:02:00.0, 1699 MiB, 40960 MiB, 0 %, 34.35 W, 32, 210 MHz
2026/10/06 15:50:16.163, 2, 00000000:81:00.0, 4 MiB, 40960 MiB, 0 %, 36.85 W, 33, 210 MHz
2026/10/06 15:50:16.170, 3, 00000000:82:00.0, 4 MiB, 40960 MiB, 0 %, 35.33 W, 33, 210 MHz
2026/10/06 15:50:17.177, 0, 00000000:01:00.0, 1682 MiB, 40960 MiB, 84 %, 230.77 W, 38, 1410 MHz
2026/10/06 15:50:17.187, 1, 00000000:02:00.0, 1699 MiB, 40960 MiB, 90 %, 216.56 W, 39, 1410 MHz
2026/10/06 15:50:17.196, 2, 00000000:81:00.0, 4 MiB, 40960 MiB, 0 %, 36.91 W, 33, 210 MHz
2026/10/06 15:50:17.207, 3, 00000000:82:00.0, 4 MiB, 40960 MiB, 0 %, 35.26 W, 33, 210 MHz
2026/10/06 15:50:18.216, 0, 00000000:01:00.0, 1682 MiB, 40960 MiB, 100 %, 232.05 W, 41, 1410 MHz
2026/10/06 15:50:18.222, 1, 00000000:02:00.0, 1699 MiB, 40960 MiB, 100 %, 237.82 W, 43, 1410 MHz
2026/10/06 15:50:18.228, 2, 00000000:81:00.0, 4 MiB, 40960 MiB, 0 %, 36.68 W, 33, 210 MHz
2026/10/06 15:50:18.236, 3, 00000000:82:00.0, 4 MiB, 40960 MiB, 0 %, 35.29 W, 33, 210 MHz
2026/10/06 15:50:19.244, 0, 00000000:01:00.0, 1682 MiB, 40960 MiB, 100 %, 251.29 W, 41, 1410 MHz
2026/10/06 15:50:19.252, 1, 00000000:02:00.0, 1699 MiB, 40960 MiB, 100 %, 225.06 W, 44, 1410 MHz
2026/10/06 15:50:19.258, 2, 00000000:81:00.0, 4 MiB, 40960 MiB, 0 %, 36.90 W, 33, 210 MHz
2026/10/06 15:50:19.265, 3, 00000000:82:00.0, 4 MiB, 40960 MiB, 0 %, 35.38 W, 33, 210 MHz
2026/10/06 15:50:20.275, 0, 00000000:01:00.0, 1682 MiB, 40960 MiB, 100 %, 225.91 W, 42, 1410 MHz
2026/10/06 15:50:20.283, 1, 00000000:02:00.0, 1699 MiB, 40960 MiB, 100 %, 235.23 W, 45, 1410 MHz
2026/10/06 15:50:20.291, 2, 00000000:81:00.0, 4 MiB, 40960 MiB, 0 %, 36.90 W, 34, 210 MHz
2026/10/06 15:50:20.301, 3, 00000000:82:00.0, 4 MiB, 40960 MiB, 0 %, 35.48 W, 34, 210 MHz
2026/10/06 15:50:21.310, 0, 00000000:01:00.0, 1682 MiB, 40960 MiB, 100 %, 244.69 W, 42, 1410 MHz
2026/10/06 15:50:21.316, 1, 00000000:02:00.0, 1699 MiB, 40960 MiB, 100 %, 225.93 W, 45, 1410 MHz
2026/10/06 15:50:21.321, 2, 00000000:81:00.0, 4 MiB, 40960 MiB, 0 %, 37.07 W, 34, 210 MHz
2026/10/06 15:50:21.329, 3, 00000000:82:00.0, 4 MiB, 40960 MiB, 0 %, 35.57 W, 34, 210 MHz
2026/10/06 15:50:22.336, 0, 00000000:01:00.0, 1682 MiB, 40960 MiB, 98 %, 243.48 W, 42, 1410 MHz
2026/10/06 15:50:22.342, 1, 00000000:02:00.0, 1699 MiB, 40960 MiB, 100 %, 234.17 W, 45, 1410 MHz
2026/10/06 15:50:22.347, 2, 00000000:81:00.0, 4 MiB, 40960 MiB, 0 %, 37.18 W, 34, 210 MHz
2026/10/06 15:50:22.355, 3, 00000000:82:00.0, 4 MiB, 40960 MiB, 0 %, 35.67 W, 34, 210 MHz
2026/10/06 15:50:23.362, 0, 00000000:01:00.0, 1682 MiB, 40960 MiB, 99 %, 234.89 W, 43, 1410 MHz
2026/10/06 15:50:23.367, 1, 00000000:02:00.0, 1699 MiB, 40960 MiB, 100 %, 243.39 W, 46, 1410 MHz
2026/10/06 15:50:23.373, 2, 00000000:81:00.0, 4 MiB, 40960 MiB, 0 %, 37.38 W, 35, 210 MHz
2026/10/06 15:50:23.380, 3, 00000000:82:00.0, 4 MiB, 40960 MiB, 0 %, 35.67 W, 34, 210 MHz
2026/10/06 15:50:24.388, 0, 00000000:01:00.0, 1682 MiB, 40960 MiB, 99 %, 208.05 W, 42, 1410 MHz
2026/10/06 15:50:24.393, 1, 00000000:02:00.0, 1699 MiB, 40960 MiB, 100 %, 214.68 W, 45, 1410 MHz
2026/10/06 15:50:24.399, 2, 00000000:81:00.0, 4 MiB, 40960 MiB, 0 %, 37.42 W, 35, 210 MHz
2026/10/06 15:50:24.406, 3, 00000000:82:00.0, 4 MiB, 40960 MiB, 0 %, 35.76 W, 35, 210 MHz
2026/10/06 15:50:25.414, 0, 00000000:01:00.0, 1682 MiB, 40960 MiB, 99 %, 250.56 W, 43, 1410 MHz
2026/10/06 15:50:25.425, 1, 00000000:02:00.0, 1699 MiB, 40960 MiB, 100 %, 243.21 W, 46, 1410 MHz
2026/10/06 15:50:25.434, 2, 00000000:81:00.0, 4 MiB, 40960 MiB, 0 %, 37.47 W, 35, 210 MHz
2026/10/06 15:50:25.446, 3, 00000000:82:00.0, 4 MiB, 40960 MiB, 0 %, 35.69 W, 35, 210 MHz
2026/10/06 15:50:26.460, 0, 00000000:01:00.0, 1682 MiB, 40960 MiB, 99 %, 211.92 W, 43, 1410 MHz
2026/10/06 15:50:26.466, 1, 00000000:02:00.0, 1699 MiB, 40960 MiB, 100 %, 218.06 W, 46, 1410 MHz
2026/10/06 15:50:26.471, 2, 00000000:81:00.0, 4 MiB, 40960 MiB, 0 %, 37.61 W, 35, 210 MHz
2026/10/06 15:50:26.478, 3, 00000000:82:00.0, 4 MiB, 40960 MiB, 0 %, 35.74 W, 35, 210 MHz
2026/10/06 15:50:27.486, 0, 00000000:01:00.0, 1682 MiB, 40960 MiB, 99 %, 250.28 W, 42, 1410 MHz
2026/10/06 15:50:27.492, 1, 00000000:02:00.0, 1699 MiB, 40960 MiB, 100 %, 244.16 W, 46, 1410 MHz
2026/10/06 15:50:27.497, 2, 00000000:81:00.0, 4 MiB, 40960 MiB, 0 %, 37.57 W, 36, 210 MHz
2026/10/06 15:50:27.504, 3, 00000000:82:00.0, 4 MiB, 40960 MiB, 0 %, 35.80 W, 35, 210 MHz
2026/10/06 15:50:28.512, 0, 00000000:01:00.0, 1682 MiB, 40960 MiB, 99 %, 229.05 W, 43, 1410 MHz
2026/10/06 15:50:28.517, 1, 00000000:02:00.0, 1699 MiB, 40960 MiB, 100 %, 221.67 W, 46, 1410 MHz
2026/10/06 15:50:28.524, 2, 00000000:81:00.0, 4 MiB, 40960 MiB, 0 %, 37.59 W, 36, 210 MHz
2026/10/06 15:50:28.531, 3, 00000000:82:00.0, 4 MiB, 40960 MiB, 0 %, 35.84 W, 35, 210 MHz
2026/10/06 15:50:29.538, 0, 00000000:01:00.0, 1682 MiB, 40960 MiB, 99 %, 244.16 W, 43, 1410 MHz
2026/10/06 15:50:29.544, 1, 00000000:02:00.0, 1699 MiB, 40960 MiB, 100 %, 248.37 W, 46, 1410 MHz
2026/10/06 15:50:29.551, 2, 00000000:81:00.0, 4 MiB, 40960 MiB, 0 %, 37.66 W, 36, 210 MHz
2026/10/06 15:50:29.558, 3, 00000000:82:00.0, 4 MiB, 40960 MiB, 0 %, 35.99 W, 35, 210 MHz
2026/10/06 15:50:30.566, 0, 00000000:01:00.0, 1682 MiB, 40960 MiB, 98 %, 230.30 W, 43, 1410 MHz
2026/10/06 15:50:30.574, 1, 00000000:02:00.0, 1699 MiB, 40960 MiB, 100 %, 226.09 W, 46, 1410 MHz
2026/10/06 15:50:30.583, 2, 00000000:81:00.0, 4 MiB, 40960 MiB, 0 %, 37.69 W, 36, 210 MHz
2026/10/06 15:50:30.595, 3, 00000000:82:00.0, 4 MiB, 40960 MiB, 0 %, 35.85 W, 35, 210 MHz
2026/10/06 15:50:31.606, 0, 00000000:01:00.0, 1682 MiB, 40960 MiB, 99 %, 248.95 W, 43, 1410 MHz
2026/10/06 15:50:31.612, 1, 00000000:02:00.0, 1699 MiB, 40960 MiB, 100 %, 231.55 W, 46, 1410 MHz
2026/10/06 15:50:31.618, 2, 00000000:81:00.0, 4 MiB, 40960 MiB, 0 %, 37.68 W, 36, 210 MHz
2026/10/06 15:50:31.626, 3, 00000000:82:00.0, 4 MiB, 40960 MiB, 0 %, 35.86 W, 35, 210 MHz
2026/10/06 15:50:32.633, 0, 00000000:01:00.0, 1682 MiB, 40960 MiB, 99 %, 245.10 W, 43, 1410 MHz
2026/10/06 15:50:32.639, 1, 00000000:02:00.0, 1699 MiB, 40960 MiB, 100 %, 239.19 W, 46, 1410 MHz
2026/10/06 15:50:32.645, 2, 00000000:81:00.0, 4 MiB, 40960 MiB, 0 %, 37.76 W, 36, 210 MHz
2026/10/06 15:50:32.653, 3, 00000000:82:00.0, 4 MiB, 40960 MiB, 0 %, 35.84 W, 35, 210 MHz
2026/10/06 15:50:33.660, 0, 00000000:01:00.0, 1682 MiB, 40960 MiB, 99 %, 221.97 W, 43, 1410 MHz
2026/10/06 15:50:33.665, 1, 00000000:02:00.0, 1699 MiB, 40960 MiB, 100 %, 227.72 W, 46, 1410 MHz
2026/10/06 15:50:33.671, 2, 00000000:81:00.0, 4 MiB, 40960 MiB, 0 %, 37.59 W, 36, 210 MHz
2026/10/06 15:50:33.680, 3, 00000000:82:00.0, 4 MiB, 40960 MiB, 0 %, 35.97 W, 35, 210 MHz
2026/10/06 15:50:34.688, 0, 00000000:01:00.0, 1682 MiB, 40960 MiB, 99 %, 252.77 W, 43, 1410 MHz
2026/10/06 15:50:34.694, 1, 00000000:02:00.0, 1699 MiB, 40960 MiB, 100 %, 250.59 W, 46, 1410 MHz
2026/10/06 15:50:34.700, 2, 00000000:81:00.0, 4 MiB, 40960 MiB, 0 %, 37.76 W, 36, 210 MHz
2026/10/06 15:50:34.708, 3, 00000000:82:00.0, 4 MiB, 40960 MiB, 0 %, 35.84 W, 35, 210 MHz
2026/10/06 15:50:35.715, 0, 00000000:01:00.0, 1682 MiB, 40960 MiB, 99 %, 209.59 W, 43, 1410 MHz
2026/10/06 15:50:35.724, 1, 00000000:02:00.0, 1699 MiB, 40960 MiB, 100 %, 217.59 W, 46, 1410 MHz
2026/10/06 15:50:35.731, 2, 00000000:81:00.0, 4 MiB, 40960 MiB, 0 %, 37.78 W, 36, 210 MHz
2026/10/06 15:50:35.738, 3, 00000000:82:00.0, 4 MiB, 40960 MiB, 0 %, 35.96 W, 35, 210 MHz
2026/10/06 15:50:36.745, 0, 00000000:01:00.0, 1682 MiB, 40960 MiB, 99 %, 252.00 W, 43, 1410 MHz
2026/10/06 15:50:36.751, 1, 00000000:02:00.0, 1699 MiB, 40960 MiB, 100 %, 246.37 W, 46, 1410 MHz
2026/10/06 15:50:36.757, 2, 00000000:81:00.0, 4 MiB, 40960 MiB, 0 %, 37.76 W, 36, 210 MHz
2026/10/06 15:50:36.764, 3, 00000000:82:00.0, 4 MiB, 40960 MiB, 0 %, 35.76 W, 35, 210 MHz
2026/10/06 15:50:37.771, 0, 00000000:01:00.0, 1682 MiB, 40960 MiB, 99 %, 230.21 W, 43, 1410 MHz
2026/10/06 15:50:37.777, 1, 00000000:02:00.0, 1699 MiB, 40960 MiB, 100 %, 226.41 W, 46, 1410 MHz
2026/10/06 15:50:37.782, 2, 00000000:81:00.0, 4 MiB, 40960 MiB, 0 %, 37.78 W, 36, 210 MHz
2026/10/06 15:50:37.789, 3, 00000000:82:00.0, 4 MiB, 40960 MiB, 0 %, 35.94 W, 35, 210 MHz
2026/10/06 15:50:38.797, 0, 00000000:01:00.0, 1682 MiB, 40960 MiB, 99 %, 246.74 W, 43, 1410 MHz
2026/10/06 15:50:38.803, 1, 00000000:02:00.0, 1699 MiB, 40960 MiB, 100 %, 245.88 W, 47, 1410 MHz
2026/10/06 15:50:38.811, 2, 00000000:81:00.0, 4 MiB, 40960 MiB, 0 %, 37.85 W, 36, 210 MHz
2026/10/06 15:50:38.820, 3, 00000000:82:00.0, 4 MiB, 40960 MiB, 0 %, 35.85 W, 35, 210 MHz
2026/10/06 15:50:39.830, 0, 00000000:01:00.0, 1682 MiB, 40960 MiB, 99 %, 231.27 W, 43, 1410 MHz
2026/10/06 15:50:39.837, 1, 00000000:02:00.0, 1699 MiB, 40960 MiB, 100 %, 226.89 W, 47, 1410 MHz
2026/10/06 15:50:39.843, 2, 00000000:81:00.0, 4 MiB, 40960 MiB, 0 %, 37.78 W, 36, 210 MHz
2026/10/06 15:50:39.850, 3, 00000000:82:00.0, 4 MiB, 40960 MiB, 0 %, 35.84 W, 35, 210 MHz
2026/10/06 15:50:40.857, 0, 00000000:01:00.0, 1682 MiB, 40960 MiB, 99 %, 250.39 W, 43, 1410 MHz
2026/10/06 15:50:40.864, 1, 00000000:02:00.0, 1699 MiB, 40960 MiB, 100 %, 239.26 W, 46, 1410 MHz
2026/10/06 15:50:40.870, 2, 00000000:81:00.0, 4 MiB, 40960 MiB, 0 %, 37.76 W, 36, 210 MHz
2026/10/06 15:50:40.877, 3, 00000000:82:00.0, 4 MiB, 40960 MiB, 0 %, 35.97 W, 35, 210 MHz
2026/10/06 15:50:41.884, 0, 00000000:01:00.0, 1682 MiB, 40960 MiB, 99 %, 242.22 W, 43, 1410 MHz
2026/10/06 15:50:41.890, 1, 00000000:02:00.0, 1699 MiB, 40960 MiB, 100 %, 237.35 W, 47, 1410 MHz
2026/10/06 15:50:41.896, 2, 00000000:81:00.0, 4 MiB, 40960 MiB, 0 %, 37.88 W, 36, 210 MHz
2026/10/06 15:50:41.903, 3, 00000000:82:00.0, 4 MiB, 40960 MiB, 0 %, 35.84 W, 35, 210 MHz
2026/10/06 15:50:42.910, 0, 00000000:01:00.0, 1682 MiB, 40960 MiB, 99 %, 230.80 W, 43, 1410 MHz
2026/10/06 15:50:42.917, 1, 00000000:02:00.0, 1699 MiB, 40960 MiB, 100 %, 233.38 W, 47, 1410 MHz
2026/10/06 15:50:42.922, 2, 00000000:81:00.0, 4 MiB, 40960 MiB, 0 %, 37.76 W, 36, 210 MHz
2026/10/06 15:50:42.930, 3, 00000000:82:00.0, 4 MiB, 40960 MiB, 0 %, 35.86 W, 35, 210 MHz
2026/10/06 15:50:43.937, 0, 00000000:01:00.0, 1682 MiB, 40960 MiB, 99 %, 253.90 W, 43, 1410 MHz
2026/10/06 15:50:43.946, 1, 00000000:02:00.0, 1699 MiB, 40960 MiB, 100 %, 243.60 W, 46, 1410 MHz
2026/10/06 15:50:43.954, 2, 00000000:81:00.0, 4 MiB, 40960 MiB, 0 %, 37.86 W, 36, 210 MHz
2026/10/06 15:50:43.963, 3, 00000000:82:00.0, 4 MiB, 40960 MiB, 0 %, 35.94 W, 35, 210 MHz
2026/10/06 15:50:44.977, 0, 00000000:01:00.0, 1682 MiB, 40960 MiB, 99 %, 221.24 W, 43, 1410 MHz
2026/10/06 15:50:44.982, 1, 00000000:02:00.0, 1699 MiB, 40960 MiB, 100 %, 223.28 W, 47, 1410 MHz
2026/10/06 15:50:44.988, 2, 00000000:81:00.0, 4 MiB, 40960 MiB, 0 %, 37.85 W, 36, 210 MHz
2026/10/06 15:50:44.995, 3, 00000000:82:00.0, 4 MiB, 40960 MiB, 0 %, 35.86 W, 35, 210 MHz
2026/10/06 15:50:46.003, 0, 00000000:01:00.0, 1682 MiB, 40960 MiB, 100 %, 254.87 W, 43, 1410 MHz
2026/10/06 15:50:46.009, 1, 00000000:02:00.0, 1699 MiB, 40960 MiB, 100 %, 247.63 W, 47, 1410 MHz
2026/10/06 15:50:46.014, 2, 00000000:81:00.0, 4 MiB, 40960 MiB, 0 %, 37.84 W, 36, 210 MHz
2026/10/06 15:50:46.022, 3, 00000000:82:00.0, 4 MiB, 40960 MiB, 0 %, 35.94 W, 35, 210 MHz
2026/10/06 15:50:47.032, 0, 00000000:01:00.0, 1682 MiB, 40960 MiB, 99 %, 234.94 W, 43, 1410 MHz
2026/10/06 15:50:47.042, 1, 00000000:02:00.0, 1699 MiB, 40960 MiB, 100 %, 227.27 W, 46, 1410 MHz
2026/10/06 15:50:47.049, 2, 00000000:81:00.0, 4 MiB, 40960 MiB, 0 %, 37.89 W, 36, 210 MHz
2026/10/06 15:50:47.059, 3, 00000000:82:00.0, 4 MiB, 40960 MiB, 0 %, 35.86 W, 35, 210 MHz
2026/10/06 15:50:48.068, 0, 00000000:01:00.0, 1682 MiB, 40960 MiB, 100 %, 254.60 W, 43, 1410 MHz
2026/10/06 15:50:48.074, 1, 00000000:02:00.0, 1699 MiB, 40960 MiB, 100 %, 246.38 W, 47, 1410 MHz
2026/10/06 15:50:48.080, 2, 00000000:81:00.0, 4 MiB, 40960 MiB, 0 %, 37.84 W, 36, 210 MHz
2026/10/06 15:50:48.087, 3, 00000000:82:00.0, 4 MiB, 40960 MiB, 0 %, 35.84 W, 35, 210 MHz
2026/10/06 15:50:49.094, 0, 00000000:01:00.0, 1682 MiB, 40960 MiB, 99 %, 231.82 W, 43, 1410 MHz
2026/10/06 15:50:49.102, 1, 00000000:02:00.0, 1699 MiB, 40960 MiB, 100 %, 227.36 W, 47, 1410 MHz
2026/10/06 15:50:49.110, 2, 00000000:81:00.0, 4 MiB, 40960 MiB, 0 %, 37.78 W, 36, 210 MHz
2026/10/06 15:50:49.117, 3, 00000000:82:00.0, 4 MiB, 40960 MiB, 0 %, 35.94 W, 35, 210 MHz
2026/10/06 15:50:50.125, 0, 00000000:01:00.0, 1682 MiB, 40960 MiB, 99 %, 254.13 W, 43, 1410 MHz
2026/10/06 15:50:50.131, 1, 00000000:02:00.0, 1699 MiB, 40960 MiB, 100 %, 241.35 W, 47, 1410 MHz
2026/10/06 15:50:50.137, 2, 00000000:81:00.0, 4 MiB, 40960 MiB, 0 %, 37.84 W, 36, 210 MHz
2026/10/06 15:50:50.144, 3, 00000000:82:00.0, 4 MiB, 40960 MiB, 0 %, 35.88 W, 35, 210 MHz
2026/10/06 15:50:51.152, 0, 00000000:01:00.0, 1682 MiB, 40960 MiB, 98 %, 234.25 W, 43, 1410 MHz
2026/10/06 15:50:51.158, 1, 00000000:02:00.0, 1699 MiB, 40960 MiB, 100 %, 236.31 W, 47, 1410 MHz
2026/10/06 15:50:51.163, 2, 00000000:81:00.0, 4 MiB, 40960 MiB, 0 %, 37.86 W, 36, 210 MHz
2026/10/06 15:50:51.170, 3, 00000000:82:00.0, 4 MiB, 40960 MiB, 0 %, 35.94 W, 35, 210 MHz
2026/10/06 15:50:52.178, 0, 00000000:01:00.0, 1682 MiB, 40960 MiB, 98 %, 245.69 W, 43, 1410 MHz
2026/10/06 15:50:52.189, 1, 00000000:02:00.0, 1699 MiB, 40960 MiB, 100 %, 234.24 W, 47, 1410 MHz
2026/10/06 15:50:52.199, 2, 00000000:81:00.0, 4 MiB, 40960 MiB, 0 %, 37.75 W, 36, 210 MHz
2026/10/06 15:50:52.211, 3, 00000000:82:00.0, 4 MiB, 40960 MiB, 0 %, 35.98 W, 35, 210 MHz
2026/10/06 15:50:53.223, 0, 00000000:01:00.0, 1682 MiB, 40960 MiB, 99 %, 237.33 W, 43, 1410 MHz
2026/10/06 15:50:53.230, 1, 00000000:02:00.0, 1699 MiB, 40960 MiB, 100 %, 245.88 W, 47, 1410 MHz
2026/10/06 15:50:53.237, 2, 00000000:81:00.0, 4 MiB, 40960 MiB, 0 %, 37.78 W, 36, 210 MHz
2026/10/06 15:50:53.244, 3, 00000000:82:00.0, 4 MiB, 40960 MiB, 0 %, 35.94 W, 35, 210 MHz
2026/10/06 15:50:54.252, 0, 00000000:01:00.0, 1682 MiB, 40960 MiB, 99 %, 238.69 W, 43, 1410 MHz
2026/10/06 15:50:54.258, 1, 00000000:02:00.0, 1699 MiB, 40960 MiB, 100 %, 226.51 W, 46, 1410 MHz
2026/10/06 15:50:54.263, 2, 00000000:81:00.0, 4 MiB, 40960 MiB, 0 %, 37.95 W, 36, 210 MHz
2026/10/06 15:50:54.271, 3, 00000000:82:00.0, 4 MiB, 40960 MiB, 0 %, 36.06 W, 35, 210 MHz
2026/10/06 15:50:55.278, 0, 00000000:01:00.0, 1682 MiB, 40960 MiB, 99 %, 252.89 W, 43, 1410 MHz
2026/10/06 15:50:55.284, 1, 00000000:02:00.0, 1699 MiB, 40960 MiB, 100 %, 248.10 W, 47, 1410 MHz
2026/10/06 15:50:55.289, 2, 00000000:81:00.0, 4 MiB, 40960 MiB, 0 %, 37.85 W, 36, 210 MHz
2026/10/06 15:50:55.297, 3, 00000000:82:00.0, 4 MiB, 40960 MiB, 0 %, 35.94 W, 35, 210 MHz
2026/10/06 15:50:56.304, 0, 00000000:01:00.0, 1682 MiB, 40960 MiB, 99 %, 206.71 W, 43, 1410 MHz
2026/10/06 15:50:56.311, 1, 00000000:02:00.0, 1699 MiB, 40960 MiB, 100 %, 227.27 W, 47, 1410 MHz
2026/10/06 15:50:56.316, 2, 00000000:81:00.0, 4 MiB, 40960 MiB, 0 %, 37.78 W, 36, 210 MHz
2026/10/06 15:50:56.324, 3, 00000000:82:00.0, 4 MiB, 40960 MiB, 0 %, 35.96 W, 35, 210 MHz
2026/10/06 15:50:57.331, 0, 00000000:01:00.0, 1682 MiB, 40960 MiB, 99 %, 252.03 W, 43, 1395 MHz
2026/10/06 15:50:57.341, 1, 00000000:02:00.0, 1699 MiB, 40960 MiB, 100 %, 246.46 W, 47, 1410 MHz
2026/10/06 15:50:57.351, 2, 00000000:81:00.0, 4 MiB, 40960 MiB, 0 %, 37.85 W, 36, 210 MHz
2026/10/06 15:50:57.362, 3, 00000000:82:00.0, 4 MiB, 40960 MiB, 0 %, 35.96 W, 35, 210 MHz
2026/10/06 15:50:58.373, 0, 00000000:01:00.0, 1682 MiB, 40960 MiB, 98 %, 235.20 W, 43, 1395 MHz
2026/10/06 15:50:58.379, 1, 00000000:02:00.0, 1699 MiB, 40960 MiB, 100 %, 235.44 W, 47, 1410 MHz
2026/10/06 15:50:58.386, 2, 00000000:81:00.0, 4 MiB, 40960 MiB, 0 %, 37.78 W, 36, 210 MHz
2026/10/06 15:50:58.393, 3, 00000000:82:00.0, 4 MiB, 40960 MiB, 0 %, 35.94 W, 35, 210 MHz
2026/10/06 15:50:59.401, 0, 00000000:01:00.0, 1682 MiB, 40960 MiB, 99 %, 253.56 W, 43, 1410 MHz
2026/10/06 15:50:59.406, 1, 00000000:02:00.0, 1699 MiB, 40960 MiB, 100 %, 235.49 W, 47, 1410 MHz
2026/10/06 15:50:59.412, 2, 00000000:81:00.0, 4 MiB, 40960 MiB, 0 %, 37.84 W, 36, 210 MHz
2026/10/06 15:50:59.420, 3, 00000000:82:00.0, 4 MiB, 40960 MiB, 0 %, 35.87 W, 35, 210 MHz
2026/10/06 15:51:00.427, 0, 00000000:01:00.0, 1682 MiB, 40960 MiB, 98 %, 237.98 W, 43, 1410 MHz
2026/10/06 15:51:00.432, 1, 00000000:02:00.0, 1699 MiB, 40960 MiB, 100 %, 243.14 W, 47, 1410 MHz
2026/10/06 15:51:00.439, 2, 00000000:81:00.0, 4 MiB, 40960 MiB, 0 %, 37.86 W, 36, 210 MHz
2026/10/06 15:51:00.448, 3, 00000000:82:00.0, 4 MiB, 40960 MiB, 0 %, 35.94 W, 35, 210 MHz
2026/10/06 15:51:01.457, 0, 00000000:01:00.0, 1682 MiB, 40960 MiB, 98 %, 245.04 W, 43, 1410 MHz
2026/10/06 15:51:01.463, 1, 00000000:02:00.0, 1699 MiB, 40960 MiB, 100 %, 220.58 W, 47, 1410 MHz
2026/10/06 15:51:01.469, 2, 00000000:81:00.0, 4 MiB, 40960 MiB, 0 %, 37.84 W, 36, 210 MHz
2026/10/06 15:51:01.477, 3, 00000000:82:00.0, 4 MiB, 40960 MiB, 0 %, 35.96 W, 35, 210 MHz
2026/10/06 15:51:02.484, 0, 00000000:01:00.0, 1682 MiB, 40960 MiB, 100 %, 236.64 W, 43, 1410 MHz
2026/10/06 15:51:02.498, 1, 00000000:02:00.0, 1699 MiB, 40960 MiB, 100 %, 245.41 W, 47, 1410 MHz
2026/10/06 15:51:02.505, 2, 00000000:81:00.0, 4 MiB, 40960 MiB, 0 %, 37.86 W, 36, 210 MHz
2026/10/06 15:51:02.512, 3, 00000000:82:00.0, 4 MiB, 40960 MiB, 0 %, 36.04 W, 35, 210 MHz
2026/10/06 15:51:03.518, 0, 00000000:01:00.0, 1682 MiB, 40960 MiB, 98 %, 229.49 W, 43, 1410 MHz
2026/10/06 15:51:03.524, 1, 00000000:02:00.0, 1699 MiB, 40960 MiB, 100 %, 227.64 W, 47, 1410 MHz
2026/10/06 15:51:03.532, 2, 00000000:81:00.0, 4 MiB, 40960 MiB, 0 %, 37.84 W, 36, 210 MHz
2026/10/06 15:51:03.540, 3, 00000000:82:00.0, 4 MiB, 40960 MiB, 0 %, 35.86 W, 35, 210 MHz
2026/10/06 15:51:04.547, 0, 00000000:01:00.0, 1682 MiB, 40960 MiB, 99 %, 249.35 W, 43, 1410 MHz
2026/10/06 15:51:04.552, 1, 00000000:02:00.0, 1699 MiB, 40960 MiB, 100 %, 245.50 W, 47, 1410 MHz
2026/10/06 15:51:04.558, 2, 00000000:81:00.0, 4 MiB, 40960 MiB, 0 %, 37.94 W, 36, 210 MHz
2026/10/06 15:51:04.565, 3, 00000000:82:00.0, 4 MiB, 40960 MiB, 0 %, 36.04 W, 35, 210 MHz
2026/10/06 15:51:05.572, 0, 00000000:01:00.0, 1682 MiB, 40960 MiB, 98 %, 232.13 W, 43, 1410 MHz
2026/10/06 15:51:05.582, 1, 00000000:02:00.0, 1699 MiB, 40960 MiB, 100 %, 235.44 W, 47, 1410 MHz
2026/10/06 15:51:05.592, 2, 00000000:81:00.0, 4 MiB, 40960 MiB, 0 %, 37.88 W, 36, 210 MHz
2026/10/06 15:51:05.603, 3, 00000000:82:00.0, 4 MiB, 40960 MiB, 0 %, 35.85 W, 35, 210 MHz
2026/10/06 15:51:06.615, 0, 00000000:01:00.0, 1682 MiB, 40960 MiB, 98 %, 250.58 W, 43, 1410 MHz
2026/10/06 15:51:06.622, 1, 00000000:02:00.0, 1699 MiB, 40960 MiB, 100 %, 226.26 W, 47, 1410 MHz
2026/10/06 15:51:06.629, 2, 00000000:81:00.0, 4 MiB, 40960 MiB, 0 %, 37.85 W, 36, 210 MHz
2026/10/06 15:51:06.639, 3, 00000000:82:00.0, 4 MiB, 40960 MiB, 0 %, 35.97 W, 35, 210 MHz
2026/10/06 15:51:07.646, 0, 00000000:01:00.0, 1682 MiB, 40960 MiB, 98 %, 235.97 W, 43, 1410 MHz
2026/10/06 15:51:07.651, 1, 00000000:02:00.0, 1699 MiB, 40960 MiB, 100 %, 246.57 W, 47, 1410 MHz
2026/10/06 15:51:07.657, 2, 00000000:81:00.0, 4 MiB, 40960 MiB, 0 %, 37.78 W, 36, 210 MHz
2026/10/06 15:51:07.665, 3, 00000000:82:00.0, 4 MiB, 40960 MiB, 0 %, 35.94 W, 35, 210 MHz
2026/10/06 15:51:08.672, 0, 00000000:01:00.0, 1682 MiB, 40960 MiB, 98 %, 210.97 W, 43, 1410 MHz
2026/10/06 15:51:08.677, 1, 00000000:02:00.0, 1699 MiB, 40960 MiB, 100 %, 226.79 W, 46, 1410 MHz
2026/10/06 15:51:08.684, 2, 00000000:81:00.0, 4 MiB, 40960 MiB, 0 %, 37.77 W, 36, 210 MHz
2026/10/06 15:51:08.692, 3, 00000000:82:00.0, 4 MiB, 40960 MiB, 0 %, 35.96 W, 35, 210 MHz
2026/10/06 15:51:09.699, 0, 00000000:01:00.0, 1682 MiB, 40960 MiB, 99 %, 249.92 W, 43, 1410 MHz
2026/10/06 15:51:09.704, 1, 00000000:02:00.0, 1699 MiB, 40960 MiB, 100 %, 246.26 W, 47, 1410 MHz
2026/10/06 15:51:09.711, 2, 00000000:81:00.0, 4 MiB, 40960 MiB, 0 %, 37.76 W, 36, 210 MHz
2026/10/06 15:51:09.720, 3, 00000000:82:00.0, 4 MiB, 40960 MiB, 0 %, 35.84 W, 35, 210 MHz
2026/10/06 15:51:10.727, 0, 00000000:01:00.0, 1682 MiB, 40960 MiB, 98 %, 235.60 W, 43, 1410 MHz
2026/10/06 15:51:10.736, 1, 00000000:02:00.0, 1699 MiB, 40960 MiB, 100 %, 250.87 W, 47, 1410 MHz
2026/10/06 15:51:10.746, 2, 00000000:81:00.0, 4 MiB, 40960 MiB, 0 %, 37.78 W, 36, 210 MHz
2026/10/06 15:51:10.757, 3, 00000000:82:00.0, 4 MiB, 40960 MiB, 0 %, 35.93 W, 35, 210 MHz
2026/10/06 15:51:11.771, 0, 00000000:01:00.0, 1682 MiB, 40960 MiB, 99 %, 241.94 W, 43, 1410 MHz
2026/10/06 15:51:11.777, 1, 00000000:02:00.0, 1699 MiB, 40960 MiB, 100 %, 223.29 W, 47, 1410 MHz
2026/10/06 15:51:11.783, 2, 00000000:81:00.0, 4 MiB, 40960 MiB, 0 %, 37.75 W, 36, 210 MHz
2026/10/06 15:51:11.794, 3, 00000000:82:00.0, 4 MiB, 40960 MiB, 0 %, 35.97 W, 35, 210 MHz
2026/10/06 15:51:12.801, 0, 00000000:01:00.0, 1682 MiB, 40960 MiB, 99 %, 254.59 W, 43, 1410 MHz
2026/10/06 15:51:12.807, 1, 00000000:02:00.0, 1699 MiB, 40960 MiB, 100 %, 247.61 W, 47, 1410 MHz
2026/10/06 15:51:12.814, 2, 00000000:81:00.0, 4 MiB, 40960 MiB, 0 %, 37.78 W, 36, 210 MHz
2026/10/06 15:51:12.822, 3, 00000000:82:00.0, 4 MiB, 40960 MiB, 0 %, 35.93 W, 35, 210 MHz
2026/10/06 15:51:13.829, 0, 00000000:01:00.0, 1682 MiB, 40960 MiB, 98 %, 214.45 W, 43, 1410 MHz
2026/10/06 15:51:13.836, 1, 00000000:02:00.0, 1699 MiB, 40960 MiB, 100 %, 227.17 W, 47, 1410 MHz
2026/10/06 15:51:13.843, 2, 00000000:81:00.0, 4 MiB, 40960 MiB, 0 %, 37.96 W, 36, 210 MHz
2026/10/06 15:51:13.852, 3, 00000000:82:00.0, 4 MiB, 40960 MiB, 0 %, 35.96 W, 35, 210 MHz
2026/10/06 15:51:14.861, 0, 00000000:01:00.0, 1682 MiB, 40960 MiB, 99 %, 251.63 W, 43, 1410 MHz
2026/10/06 15:51:14.867, 1, 00000000:02:00.0, 1699 MiB, 40960 MiB, 100 %, 227.03 W, 46, 1410 MHz
2026/10/06 15:51:14.872, 2, 00000000:81:00.0, 4 MiB, 40960 MiB, 0 %, 37.85 W, 36, 210 MHz
2026/10/06 15:51:14.879, 3, 00000000:82:00.0, 4 MiB, 40960 MiB, 0 %, 35.95 W, 35, 210 MHz
2026/10/06 15:51:15.888, 0, 00000000:01:00.0, 1682 MiB, 40960 MiB, 98 %, 231.82 W, 43, 1410 MHz
2026/10/06 15:51:15.894, 1, 00000000:02:00.0, 1699 MiB, 40960 MiB, 100 %, 250.78 W, 47, 1410 MHz
2026/10/06 15:51:15.900, 2, 00000000:81:00.0, 4 MiB, 40960 MiB, 0 %, 37.89 W, 36, 210 MHz
2026/10/06 15:51:15.907, 3, 00000000:82:00.0, 4 MiB, 40960 MiB, 0 %, 35.93 W, 35, 210 MHz
2026/10/06 15:51:16.914, 0, 00000000:01:00.0, 1682 MiB, 40960 MiB, 98 %, 230.24 W, 43, 1410 MHz
2026/10/06 15:51:16.924, 1, 00000000:02:00.0, 1699 MiB, 40960 MiB, 100 %, 225.77 W, 47, 1410 MHz
2026/10/06 15:51:16.933, 2, 00000000:81:00.0, 4 MiB, 40960 MiB, 0 %, 37.85 W, 36, 210 MHz
2026/10/06 15:51:16.945, 3, 00000000:82:00.0, 4 MiB, 40960 MiB, 0 %, 35.87 W, 35, 210 MHz
2026/10/06 15:51:17.956, 0, 00000000:01:00.0, 1682 MiB, 40960 MiB, 99 %, 254.01 W, 43, 1410 MHz
2026/10/06 15:51:17.962, 1, 00000000:02:00.0, 1699 MiB, 40960 MiB, 100 %, 243.78 W, 46, 1410 MHz
2026/10/06 15:51:17.968, 2, 00000000:81:00.0, 4 MiB, 40960 MiB, 0 %, 37.87 W, 36, 210 MHz
2026/10/06 15:51:17.978, 3, 00000000:82:00.0, 4 MiB, 40960 MiB, 0 %, 35.94 W, 35, 210 MHz
2026/10/06 15:51:18.985, 0, 00000000:01:00.0, 1682 MiB, 40960 MiB, 98 %, 204.83 W, 43, 1410 MHz
2026/10/06 15:51:18.990, 1, 00000000:02:00.0, 1699 MiB, 40960 MiB, 100 %, 251.45 W, 47, 1410 MHz
2026/10/06 15:51:18.996, 2, 00000000:81:00.0, 4 MiB, 40960 MiB, 0 %, 37.86 W, 36, 210 MHz
2026/10/06 15:51:19.005, 3, 00000000:82:00.0, 4 MiB, 40960 MiB, 0 %, 35.96 W, 35, 210 MHz
2026/10/06 15:51:20.012, 0, 00000000:01:00.0, 1682 MiB, 40960 MiB, 98 %, 249.44 W, 43, 1410 MHz
2026/10/06 15:51:20.018, 1, 00000000:02:00.0, 1699 MiB, 40960 MiB, 100 %, 219.43 W, 46, 1410 MHz
2026/10/06 15:51:20.024, 2, 00000000:81:00.0, 4 MiB, 40960 MiB, 0 %, 37.85 W, 36, 210 MHz
2026/10/06 15:51:20.032, 3, 00000000:82:00.0, 4 MiB, 40960 MiB, 0 %, 35.86 W, 35, 210 MHz
2026/10/06 15:51:21.039, 0, 00000000:01:00.0, 1682 MiB, 40960 MiB, 98 %, 240.58 W, 43, 1410 MHz
2026/10/06 15:51:21.046, 1, 00000000:02:00.0, 1699 MiB, 40960 MiB, 100 %, 248.93 W, 47, 1410 MHz
2026/10/06 15:51:21.052, 2, 00000000:81:00.0, 4 MiB, 40960 MiB, 0 %, 37.70 W, 36, 210 MHz
2026/10/06 15:51:21.060, 3, 00000000:82:00.0, 4 MiB, 40960 MiB, 0 %, 35.95 W, 35, 210 MHz
2026/10/06 15:51:22.067, 0, 00000000:01:00.0, 1682 MiB, 40960 MiB, 98 %, 220.71 W, 43, 1410 MHz
2026/10/06 15:51:22.076, 1, 00000000:02:00.0, 1699 MiB, 40960 MiB, 100 %, 227.51 W, 47, 1410 MHz
2026/10/06 15:51:22.084, 2, 00000000:81:00.0, 4 MiB, 40960 MiB, 0 %, 37.77 W, 36, 210 MHz
2026/10/06 15:51:22.091, 3, 00000000:82:00.0, 4 MiB, 40960 MiB, 0 %, 35.98 W, 35, 210 MHz
2026/10/06 15:51:23.098, 0, 00000000:01:00.0, 1682 MiB, 40960 MiB, 99 %, 254.87 W, 43, 1410 MHz
2026/10/06 15:51:23.103, 1, 00000000:02:00.0, 1699 MiB, 40960 MiB, 100 %, 248.09 W, 47, 1410 MHz
2026/10/06 15:51:23.109, 2, 00000000:81:00.0, 4 MiB, 40960 MiB, 0 %, 37.87 W, 36, 210 MHz
2026/10/06 15:51:23.116, 3, 00000000:82:00.0, 4 MiB, 40960 MiB, 0 %, 35.84 W, 35, 210 MHz
2026/10/06 15:51:24.123, 0, 00000000:01:00.0, 1682 MiB, 40960 MiB, 98 %, 231.26 W, 43, 1410 MHz
2026/10/06 15:51:24.129, 1, 00000000:02:00.0, 1699 MiB, 40960 MiB, 100 %, 250.97 W, 47, 1410 MHz
2026/10/06 15:51:24.135, 2, 00000000:81:00.0, 4 MiB, 40960 MiB, 0 %, 37.87 W, 36, 210 MHz
2026/10/06 15:51:24.142, 3, 00000000:82:00.0, 4 MiB, 40960 MiB, 0 %, 36.06 W, 35, 210 MHz
2026/10/06 15:51:25.150, 0, 00000000:01:00.0, 1682 MiB, 40960 MiB, 99 %, 247.44 W, 43, 1410 MHz
2026/10/06 15:51:25.157, 1, 00000000:02:00.0, 1699 MiB, 40960 MiB, 100 %, 225.99 W, 47, 1410 MHz
2026/10/06 15:51:25.165, 2, 00000000:81:00.0, 4 MiB, 40960 MiB, 0 %, 37.85 W, 36, 210 MHz
2026/10/06 15:51:25.174, 3, 00000000:82:00.0, 4 MiB, 40960 MiB, 0 %, 35.96 W, 35, 210 MHz
2026/10/06 15:51:26.183, 0, 00000000:01:00.0, 1682 MiB, 40960 MiB, 98 %, 239.80 W, 43, 1410 MHz
2026/10/06 15:51:26.188, 1, 00000000:02:00.0, 1699 MiB, 40960 MiB, 100 %, 244.08 W, 47, 1410 MHz
2026/10/06 15:51:26.195, 2, 00000000:81:00.0, 4 MiB, 40960 MiB, 0 %, 37.88 W, 36, 210 MHz
2026/10/06 15:51:26.202, 3, 00000000:82:00.0, 4 MiB, 40960 MiB, 0 %, 35.93 W, 35, 210 MHz
2026/10/06 15:51:27.209, 0, 00000000:01:00.0, 1682 MiB, 40960 MiB, 99 %, 236.75 W, 43, 1410 MHz
2026/10/06 15:51:27.214, 1, 00000000:02:00.0, 1699 MiB, 40960 MiB, 100 %, 229.21 W, 47, 1410 MHz
2026/10/06 15:51:27.221, 2, 00000000:81:00.0, 4 MiB, 40960 MiB, 0 %, 37.85 W, 36, 210 MHz
2026/10/06 15:51:27.228, 3, 00000000:82:00.0, 4 MiB, 40960 MiB, 0 %, 36.08 W, 35, 210 MHz
2026/10/06 15:51:28.235, 0, 00000000:01:00.0, 1682 MiB, 40960 MiB, 99 %, 258.24 W, 43, 1410 MHz
2026/10/06 15:51:28.241, 1, 00000000:02:00.0, 1699 MiB, 40960 MiB, 100 %, 221.46 W, 47, 1410 MHz
2026/10/06 15:51:28.248, 2, 00000000:81:00.0, 4 MiB, 40960 MiB, 0 %, 37.86 W, 36, 210 MHz
2026/10/06 15:51:28.255, 3, 00000000:82:00.0, 4 MiB, 40960 MiB, 0 %, 35.84 W, 35, 210 MHz
2026/10/06 15:51:29.262, 0, 00000000:01:00.0, 1682 MiB, 40960 MiB, 99 %, 214.23 W, 43, 1410 MHz
2026/10/06 15:51:29.268, 1, 00000000:02:00.0, 1699 MiB, 40960 MiB, 100 %, 247.91 W, 47, 1410 MHz
2026/10/06 15:51:29.273, 2, 00000000:81:00.0, 4 MiB, 40960 MiB, 0 %, 37.78 W, 36, 210 MHz
2026/10/06 15:51:29.281, 3, 00000000:82:00.0, 4 MiB, 40960 MiB, 0 %, 35.96 W, 35, 210 MHz
2026/10/06 15:51:30.288, 0, 00000000:01:00.0, 1682 MiB, 40960 MiB, 98 %, 253.65 W, 43, 1410 MHz
2026/10/06 15:51:30.297, 1, 00000000:02:00.0, 1699 MiB, 40960 MiB, 100 %, 227.27 W, 47, 1410 MHz
2026/10/06 15:51:30.307, 2, 00000000:81:00.0, 4 MiB, 40960 MiB, 0 %, 37.94 W, 36, 210 MHz
2026/10/06 15:51:30.318, 3, 00000000:82:00.0, 4 MiB, 40960 MiB, 0 %, 35.87 W, 35, 210 MHz
2026/10/06 15:51:31.331, 0, 00000000:01:00.0, 1682 MiB, 40960 MiB, 98 %, 242.50 W, 43, 1410 MHz
2026/10/06 15:51:31.337, 1, 00000000:02:00.0, 1699 MiB, 40960 MiB, 100 %, 245.88 W, 47, 1410 MHz
2026/10/06 15:51:31.343, 2, 00000000:81:00.0, 4 MiB, 40960 MiB, 0 %, 37.88 W, 36, 210 MHz
2026/10/06 15:51:31.351, 3, 00000000:82:00.0, 4 MiB, 40960 MiB, 0 %, 35.94 W, 35, 210 MHz
2026/10/06 15:51:32.359, 0, 00000000:01:00.0, 1682 MiB, 40960 MiB, 99 %, 231.98 W, 43, 1410 MHz
2026/10/06 15:51:32.365, 1, 00000000:02:00.0, 1699 MiB, 40960 MiB, 100 %, 250.01 W, 47, 1410 MHz
2026/10/06 15:51:32.371, 2, 00000000:81:00.0, 4 MiB, 40960 MiB, 0 %, 37.76 W, 36, 210 MHz
2026/10/06 15:51:32.378, 3, 00000000:82:00.0, 4 MiB, 40960 MiB, 0 %, 36.06 W, 35, 210 MHz
2026/10/06 15:51:33.386, 0, 00000000:01:00.0, 1682 MiB, 40960 MiB, 99 %, 258.14 W, 43, 1410 MHz
2026/10/06 15:51:33.391, 1, 00000000:02:00.0, 1699 MiB, 40960 MiB, 100 %, 226.70 W, 46, 1410 MHz
2026/10/06 15:51:33.397, 2, 00000000:81:00.0, 4 MiB, 40960 MiB, 0 %, 37.85 W, 36, 210 MHz
2026/10/06 15:51:33.405, 3, 00000000:82:00.0, 4 MiB, 40960 MiB, 0 %, 35.84 W, 35, 210 MHz
2026/10/06 15:51:34.413, 0, 00000000:01:00.0, 1682 MiB, 40960 MiB, 98 %, 210.78 W, 43, 1410 MHz
2026/10/06 15:51:34.419, 1, 00000000:02:00.0, 1699 MiB, 40960 MiB, 100 %, 249.64 W, 47, 1410 MHz
2026/10/06 15:51:34.425, 2, 00000000:81:00.0, 4 MiB, 40960 MiB, 0 %, 37.88 W, 36, 210 MHz
2026/10/06 15:51:34.432, 3, 00000000:82:00.0, 4 MiB, 40960 MiB, 0 %, 35.94 W, 35, 210 MHz
2026/10/06 15:51:35.440, 0, 00000000:01:00.0, 1682 MiB, 40960 MiB, 99 %, 250.76 W, 43, 1410 MHz
2026/10/06 15:51:35.450, 1, 00000000:02:00.0, 1699 MiB, 40960 MiB, 100 %, 231.79 W, 47, 1410 MHz
2026/10/06 15:51:35.457, 2, 00000000:81:00.0, 4 MiB, 40960 MiB, 0 %, 37.85 W, 36, 210 MHz
2026/10/06 15:51:35.464, 3, 00000000:82:00.0, 4 MiB, 40960 MiB, 0 %, 35.87 W, 35, 210 MHz
2026/10/06 15:51:36.471, 0, 00000000:01:00.0, 1682 MiB, 40960 MiB, 98 %, 240.31 W, 43, 1410 MHz
2026/10/06 15:51:36.478, 1, 00000000:02:00.0, 1699 MiB, 40960 MiB, 100 %, 229.53 W, 47, 1410 MHz
2026/10/06 15:51:36.484, 2, 00000000:81:00.0, 4 MiB, 40960 MiB, 0 %, 37.87 W, 36, 210 MHz
2026/10/06 15:51:36.491, 3, 00000000:82:00.0, 4 MiB, 40960 MiB, 0 %, 35.94 W, 35, 210 MHz
2026/10/06 15:51:37.499, 0, 00000000:01:00.0, 1682 MiB, 40960 MiB, 98 %, 211.47 W, 43, 1410 MHz
2026/10/06 15:51:37.507, 1, 00000000:02:00.0, 1699 MiB, 40960 MiB, 100 %, 246.84 W, 47, 1410 MHz
2026/10/06 15:51:37.513, 2, 00000000:81:00.0, 4 MiB, 40960 MiB, 0 %, 37.69 W, 36, 210 MHz
2026/10/06 15:51:37.520, 3, 00000000:82:00.0, 4 MiB, 40960 MiB, 0 %, 35.86 W, 35, 210 MHz
2026/10/06 15:51:38.527, 0, 00000000:01:00.0, 1682 MiB, 40960 MiB, 98 %, 252.22 W, 43, 1410 MHz
2026/10/06 15:51:38.537, 1, 00000000:02:00.0, 1699 MiB, 40960 MiB, 100 %, 229.50 W, 46, 1410 MHz
2026/10/06 15:51:38.546, 2, 00000000:81:00.0, 4 MiB, 40960 MiB, 0 %, 37.84 W, 36, 210 MHz
2026/10/06 15:51:38.555, 3, 00000000:82:00.0, 4 MiB, 40960 MiB, 0 %, 35.84 W, 35, 210 MHz
2026/10/06 15:51:39.565, 0, 00000000:01:00.0, 1682 MiB, 40960 MiB, 98 %, 220.95 W, 43, 1410 MHz
2026/10/06 15:51:39.571, 1, 00000000:02:00.0, 1699 MiB, 40960 MiB, 100 %, 237.22 W, 47, 1410 MHz
2026/10/06 15:51:39.577, 2, 00000000:81:00.0, 4 MiB, 40960 MiB, 0 %, 37.77 W, 36, 210 MHz
2026/10/06 15:51:39.586, 3, 00000000:82:00.0, 4 MiB, 40960 MiB, 0 %, 35.85 W, 35, 210 MHz
2026/10/06 15:51:40.596, 0, 00000000:01:00.0, 1682 MiB, 40960 MiB, 98 %, 229.46 W, 43, 1410 MHz
2026/10/06 15:51:40.601, 1, 00000000:02:00.0, 1699 MiB, 40960 MiB, 100 %, 247.83 W, 47, 1410 MHz
2026/10/06 15:51:40.608, 2, 00000000:81:00.0, 4 MiB, 40960 MiB, 0 %, 37.76 W, 36, 210 MHz
2026/10/06 15:51:40.615, 3, 00000000:82:00.0, 4 MiB, 40960 MiB, 0 %, 36.06 W, 35, 210 MHz
2026/10/06 15:51:41.624, 0, 00000000:01:00.0, 1682 MiB, 40960 MiB, 99 %, 258.04 W, 43, 1395 MHz
2026/10/06 15:51:41.630, 1, 00000000:02:00.0, 1699 MiB, 40960 MiB, 100 %, 227.74 W, 47, 1410 MHz
2026/10/06 15:51:41.636, 2, 00000000:81:00.0, 4 MiB, 40960 MiB, 0 %, 37.76 W, 36, 210 MHz
2026/10/06 15:51:41.643, 3, 00000000:82:00.0, 4 MiB, 40960 MiB, 0 %, 35.84 W, 35, 210 MHz
2026/10/06 15:51:42.651, 0, 00000000:01:00.0, 1682 MiB, 40960 MiB, 98 %, 234.64 W, 43, 1410 MHz
2026/10/06 15:51:42.657, 1, 00000000:02:00.0, 1699 MiB, 40960 MiB, 100 %, 241.56 W, 47, 1410 MHz
2026/10/06 15:51:42.663, 2, 00000000:81:00.0, 4 MiB, 40960 MiB, 0 %, 37.88 W, 36, 210 MHz
2026/10/06 15:51:42.670, 3, 00000000:82:00.0, 4 MiB, 40960 MiB, 0 %, 35.96 W, 35, 210 MHz
2026/10/06 15:51:43.679, 0, 00000000:01:00.0, 1682 MiB, 40960 MiB, 99 %, 248.27 W, 43, 1410 MHz
2026/10/06 15:51:43.690, 1, 00000000:02:00.0, 1699 MiB, 40960 MiB, 100 %, 251.93 W, 47, 1410 MHz
2026/10/06 15:51:43.697, 2, 00000000:81:00.0, 4 MiB, 40960 MiB, 0 %, 37.95 W, 36, 210 MHz
2026/10/06 15:51:43.710, 3, 00000000:82:00.0, 4 MiB, 40960 MiB, 0 %, 35.88 W, 35, 210 MHz
2026/10/06 15:51:44.721, 0, 00000000:01:00.0, 1682 MiB, 40960 MiB, 98 %, 254.78 W, 43, 1410 MHz
2026/10/06 15:51:44.727, 1, 00000000:02:00.0, 1699 MiB, 40960 MiB, 100 %, 227.08 W, 47, 1410 MHz
2026/10/06 15:51:44.734, 2, 00000000:81:00.0, 4 MiB, 40960 MiB, 0 %, 37.85 W, 36, 210 MHz
2026/10/06 15:51:44.742, 3, 00000000:82:00.0, 4 MiB, 40960 MiB, 0 %, 35.84 W, 35, 210 MHz
2026/10/06 15:51:45.749, 0, 00000000:01:00.0, 1682 MiB, 40960 MiB, 98 %, 205.59 W, 43, 1410 MHz
2026/10/06 15:51:45.755, 1, 00000000:02:00.0, 1699 MiB, 40960 MiB, 100 %, 245.39 W, 47, 1410 MHz
2026/10/06 15:51:45.760, 2, 00000000:81:00.0, 4 MiB, 40960 MiB, 0 %, 37.80 W, 36, 210 MHz
2026/10/06 15:51:45.769, 3, 00000000:82:00.0, 4 MiB, 40960 MiB, 0 %, 35.98 W, 35, 210 MHz
2026/10/06 15:51:46.778, 0, 00000000:01:00.0, 1682 MiB, 40960 MiB, 99 %, 246.55 W, 43, 1410 MHz
2026/10/06 15:51:46.790, 1, 00000000:02:00.0, 1699 MiB, 40960 MiB, 100 %, 242.82 W, 46, 1410 MHz
2026/10/06 15:51:46.800, 2, 00000000:81:00.0, 4 MiB, 40960 MiB, 0 %, 37.76 W, 36, 210 MHz
2026/10/06 15:51:46.812, 3, 00000000:82:00.0, 4 MiB, 40960 MiB, 0 %, 35.96 W, 35, 210 MHz
2026/10/06 15:51:47.823, 0, 00000000:01:00.0, 1682 MiB, 40960 MiB, 99 %, 237.33 W, 43, 1410 MHz
2026/10/06 15:51:47.830, 1, 00000000:02:00.0, 1699 MiB, 40960 MiB, 100 %, 217.83 W, 47, 1410 MHz
2026/10/06 15:51:47.836, 2, 00000000:81:00.0, 4 MiB, 40960 MiB, 0 %, 37.87 W, 36, 210 MHz
2026/10/06 15:51:47.845, 3, 00000000:82:00.0, 4 MiB, 40960 MiB, 0 %, 35.94 W, 35, 210 MHz
2026/10/06 15:51:48.854, 0, 00000000:01:00.0, 1682 MiB, 40960 MiB, 98 %, 206.43 W, 43, 1395 MHz
2026/10/06 15:51:48.860, 1, 00000000:02:00.0, 1699 MiB, 40960 MiB, 100 %, 246.71 W, 47, 1410 MHz
2026/10/06 15:51:48.866, 2, 00000000:81:00.0, 4 MiB, 40960 MiB, 0 %, 37.78 W, 36, 210 MHz
2026/10/06 15:51:48.873, 3, 00000000:82:00.0, 4 MiB, 40960 MiB, 0 %, 35.96 W, 35, 210 MHz
2026/10/06 15:51:49.882, 0, 00000000:01:00.0, 1682 MiB, 40960 MiB, 99 %, 251.26 W, 43, 1410 MHz
2026/10/06 15:51:49.889, 1, 00000000:02:00.0, 1699 MiB, 40960 MiB, 100 %, 239.65 W, 47, 1410 MHz
2026/10/06 15:51:49.896, 2, 00000000:81:00.0, 4 MiB, 40960 MiB, 0 %, 37.76 W, 36, 210 MHz
2026/10/06 15:51:49.905, 3, 00000000:82:00.0, 4 MiB, 40960 MiB, 0 %, 35.93 W, 35, 210 MHz
2026/10/06 15:51:50.914, 0, 00000000:01:00.0, 1682 MiB, 40960 MiB, 99 %, 231.92 W, 43, 1410 MHz
2026/10/06 15:51:50.920, 1, 00000000:02:00.0, 1699 MiB, 40960 MiB, 100 %, 218.38 W, 47, 1410 MHz
2026/10/06 15:51:50.926, 2, 00000000:81:00.0, 4 MiB, 40960 MiB, 0 %, 37.88 W, 36, 210 MHz
2026/10/06 15:51:50.933, 3, 00000000:82:00.0, 4 MiB, 40960 MiB, 0 %, 35.84 W, 35, 210 MHz
2026/10/06 15:51:51.940, 0, 00000000:01:00.0, 1682 MiB, 40960 MiB, 99 %, 237.84 W, 43, 1395 MHz
2026/10/06 15:51:51.948, 1, 00000000:02:00.0, 1699 MiB, 40960 MiB, 100 %, 247.44 W, 46, 1410 MHz
2026/10/06 15:51:51.954, 2, 00000000:81:00.0, 4 MiB, 40960 MiB, 0 %, 37.76 W, 36, 210 MHz
2026/10/06 15:51:51.961, 3, 00000000:82:00.0, 4 MiB, 40960 MiB, 0 %, 36.08 W, 35, 210 MHz
2026/10/06 15:51:52.968, 0, 00000000:01:00.0, 1682 MiB, 40960 MiB, 99 %, 252.02 W, 43, 1410 MHz
2026/10/06 15:51:52.974, 1, 00000000:02:00.0, 1699 MiB, 40960 MiB, 100 %, 241.03 W, 47, 1410 MHz
2026/10/06 15:51:52.980, 2, 00000000:81:00.0, 4 MiB, 40960 MiB, 0 %, 37.75 W, 36, 210 MHz
2026/10/06 15:51:52.987, 3, 00000000:82:00.0, 4 MiB, 40960 MiB, 0 %, 35.94 W, 35, 210 MHz
2026/10/06 15:51:53.994, 0, 00000000:01:00.0, 1682 MiB, 40960 MiB, 99 %, 231.92 W, 43, 1410 MHz
2026/10/06 15:51:54.002, 1, 00000000:02:00.0, 1699 MiB, 40960 MiB, 100 %, 221.67 W, 46, 1410 MHz
2026/10/06 15:51:54.007, 2, 00000000:81:00.0, 4 MiB, 40960 MiB, 0 %, 37.88 W, 36, 210 MHz
2026/10/06 15:51:54.014, 3, 00000000:82:00.0, 4 MiB, 40960 MiB, 0 %, 35.86 W, 35, 210 MHz
2026/10/06 15:51:55.021, 0, 00000000:01:00.0, 1682 MiB, 40960 MiB, 98 %, 247.51 W, 43, 1410 MHz
2026/10/06 15:51:55.029, 1, 00000000:02:00.0, 1699 MiB, 40960 MiB, 100 %, 247.13 W, 47, 1410 MHz
2026/10/06 15:51:55.038, 2, 00000000:81:00.0, 4 MiB, 40960 MiB, 0 %, 37.85 W, 36, 210 MHz
2026/10/06 15:51:55.050, 3, 00000000:82:00.0, 4 MiB, 40960 MiB, 0 %, 35.86 W, 35, 210 MHz
2026/10/06 15:51:56.067, 0, 00000000:01:00.0, 1682 MiB, 40960 MiB, 99 %, 246.17 W, 43, 1410 MHz
2026/10/06 15:51:56.075, 1, 00000000:02:00.0, 1699 MiB, 40960 MiB, 100 %, 229.75 W, 47, 1410 MHz
2026/10/06 15:51:56.081, 2, 00000000:81:00.0, 4 MiB, 40960 MiB, 0 %, 37.77 W, 36, 210 MHz
2026/10/06 15:51:56.088, 3, 00000000:82:00.0, 4 MiB, 40960 MiB, 0 %, 35.84 W, 35, 210 MHz
2026/10/06 15:51:57.095, 0, 00000000:01:00.0, 1682 MiB, 40960 MiB, 98 %, 232.51 W, 43, 1410 MHz
2026/10/06 15:51:57.103, 1, 00000000:02:00.0, 1699 MiB, 40960 MiB, 100 %, 225.22 W, 47, 1410 MHz
2026/10/06 15:51:57.109, 2, 00000000:81:00.0, 4 MiB, 40960 MiB, 0 %, 37.78 W, 36, 210 MHz
2026/10/06 15:51:57.116, 3, 00000000:82:00.0, 4 MiB, 40960 MiB, 0 %, 36.06 W, 35, 210 MHz
2026/10/06 15:51:58.123, 0, 00000000:01:00.0, 1682 MiB, 40960 MiB, 99 %, 244.82 W, 43, 1410 MHz
2026/10/06 15:51:58.131, 1, 00000000:02:00.0, 1699 MiB, 40960 MiB, 100 %, 245.49 W, 47, 1410 MHz
2026/10/06 15:51:58.138, 2, 00000000:81:00.0, 4 MiB, 40960 MiB, 0 %, 37.76 W, 36, 210 MHz
2026/10/06 15:51:58.145, 3, 00000000:82:00.0, 4 MiB, 40960 MiB, 0 %, 35.97 W, 35, 210 MHz
2026/10/06 15:51:59.152, 0, 00000000:01:00.0, 1682 MiB, 40960 MiB, 99 %, 254.58 W, 43, 1410 MHz
2026/10/06 15:51:59.158, 1, 00000000:02:00.0, 1699 MiB, 40960 MiB, 100 %, 234.97 W, 46, 1410 MHz
2026/10/06 15:51:59.164, 2, 00000000:81:00.0, 4 MiB, 40960 MiB, 0 %, 37.76 W, 36, 210 MHz
2026/10/06 15:51:59.171, 3, 00000000:82:00.0, 4 MiB, 40960 MiB, 0 %, 35.84 W, 35, 210 MHz
2026/10/06 15:52:00.179, 0, 00000000:01:00.0, 1682 MiB, 40960 MiB, 99 %, 228.44 W, 43, 1410 MHz
2026/10/06 15:52:00.188, 1, 00000000:02:00.0, 1699 MiB, 40960 MiB, 100 %, 217.07 W, 47, 1410 MHz
2026/10/06 15:52:00.198, 2, 00000000:81:00.0, 4 MiB, 40960 MiB, 0 %, 37.88 W, 36, 210 MHz
2026/10/06 15:52:00.209, 3, 00000000:82:00.0, 4 MiB, 40960 MiB, 0 %, 35.94 W, 35, 210 MHz
2026/10/06 15:52:01.220, 0, 00000000:01:00.0, 1682 MiB, 40960 MiB, 99 %, 240.91 W, 43, 1410 MHz
2026/10/06 15:52:01.226, 1, 00000000:02:00.0, 1699 MiB, 40960 MiB, 100 %, 246.56 W, 47, 1410 MHz
2026/10/06 15:52:01.232, 2, 00000000:81:00.0, 4 MiB, 40960 MiB, 0 %, 37.84 W, 36, 210 MHz
2026/10/06 15:52:01.241, 3, 00000000:82:00.0, 4 MiB, 40960 MiB, 0 %, 35.88 W, 35, 210 MHz
2026/10/06 15:52:02.248, 0, 00000000:01:00.0, 1682 MiB, 40960 MiB, 99 %, 254.29 W, 43, 1410 MHz
2026/10/06 15:52:02.254, 1, 00000000:02:00.0, 1699 MiB, 40960 MiB, 100 %, 252.21 W, 47, 1410 MHz
2026/10/06 15:52:02.262, 2, 00000000:81:00.0, 4 MiB, 40960 MiB, 0 %, 37.85 W, 36, 210 MHz
2026/10/06 15:52:02.269, 3, 00000000:82:00.0, 4 MiB, 40960 MiB, 0 %, 35.93 W, 35, 210 MHz
2026/10/06 15:52:03.276, 0, 00000000:01:00.0, 1682 MiB, 40960 MiB, 98 %, 235.50 W, 43, 1410 MHz
2026/10/06 15:52:03.283, 1, 00000000:02:00.0, 1699 MiB, 40960 MiB, 100 %, 224.08 W, 47, 1410 MHz
2026/10/06 15:52:03.290, 2, 00000000:81:00.0, 4 MiB, 40960 MiB, 0 %, 37.88 W, 36, 210 MHz
2026/10/06 15:52:03.299, 3, 00000000:82:00.0, 4 MiB, 40960 MiB, 0 %, 35.85 W, 35, 210 MHz
2026/10/06 15:52:04.308, 0, 00000000:01:00.0, 1682 MiB, 40960 MiB, 98 %, 247.60 W, 43, 1410 MHz
2026/10/06 15:52:04.315, 1, 00000000:02:00.0, 1699 MiB, 40960 MiB, 100 %, 244.64 W, 47, 1410 MHz
2026/10/06 15:52:04.320, 2, 00000000:81:00.0, 4 MiB, 40960 MiB, 0 %, 37.76 W, 36, 210 MHz
2026/10/06 15:52:04.327, 3, 00000000:82:00.0, 4 MiB, 40960 MiB, 0 %, 35.86 W, 35, 210 MHz
2026/10/06 15:52:05.334, 0, 00000000:01:00.0, 1682 MiB, 40960 MiB, 99 %, 242.31 W, 43, 1410 MHz
2026/10/06 15:52:05.343, 1, 00000000:02:00.0, 1699 MiB, 40960 MiB, 100 %, 250.87 W, 47, 1410 MHz
2026/10/06 15:52:05.348, 2, 00000000:81:00.0, 4 MiB, 40960 MiB, 0 %, 37.77 W, 36, 210 MHz
2026/10/06 15:52:05.356, 3, 00000000:82:00.0, 4 MiB, 40960 MiB, 0 %, 35.94 W, 35, 210 MHz
2026/10/06 15:52:06.363, 0, 00000000:01:00.0, 1682 MiB, 40960 MiB, 99 %, 224.71 W, 43, 1395 MHz
2026/10/06 15:52:06.370, 1, 00000000:02:00.0, 1699 MiB, 40960 MiB, 100 %, 226.94 W, 46, 1410 MHz
2026/10/06 15:52:06.376, 2, 00000000:81:00.0, 4 MiB, 40960 MiB, 0 %, 37.79 W, 36, 210 MHz
2026/10/06 15:52:06.383, 3, 00000000:82:00.0, 4 MiB, 40960 MiB, 0 %, 35.97 W, 35, 210 MHz
2026/10/06 15:52:07.390, 0, 00000000:01:00.0, 1682 MiB, 40960 MiB, 98 %, 246.76 W, 43, 1410 MHz
2026/10/06 15:52:07.397, 1, 00000000:02:00.0, 1699 MiB, 40960 MiB, 100 %, 244.63 W, 47, 1410 MHz
2026/10/06 15:52:07.403, 2, 00000000:81:00.0, 4 MiB, 40960 MiB, 0 %, 37.76 W, 36, 210 MHz
2026/10/06 15:52:07.410, 3, 00000000:82:00.0, 4 MiB, 40960 MiB, 0 %, 35.88 W, 35, 210 MHz
2026/10/06 15:52:08.417, 0, 00000000:01:00.0, 1682 MiB, 40960 MiB, 99 %, 258.89 W, 43, 1410 MHz
2026/10/06 15:52:08.425, 1, 00000000:02:00.0, 1699 MiB, 40960 MiB, 100 %, 251.93 W, 46, 1410 MHz
2026/10/06 15:52:08.432, 2, 00000000:81:00.0, 4 MiB, 40960 MiB, 0 %, 37.76 W, 36, 210 MHz
2026/10/06 15:52:08.441, 3, 00000000:82:00.0, 4 MiB, 40960 MiB, 0 %, 35.94 W, 35, 210 MHz
2026/10/06 15:52:09.452, 0, 00000000:01:00.0, 1682 MiB, 40960 MiB, 98 %, 224.42 W, 43, 1410 MHz
2026/10/06 15:52:09.458, 1, 00000000:02:00.0, 1699 MiB, 40960 MiB, 100 %, 227.60 W, 47, 1410 MHz
2026/10/06 15:52:09.463, 2, 00000000:81:00.0, 4 MiB, 40960 MiB, 0 %, 37.69 W, 36, 210 MHz
2026/10/06 15:52:09.471, 3, 00000000:82:00.0, 4 MiB, 40960 MiB, 0 %, 35.93 W, 35, 210 MHz
2026/10/06 15:52:10.478, 0, 00000000:01:00.0, 1682 MiB, 40960 MiB, 99 %, 228.04 W, 43, 1395 MHz
2026/10/06 15:52:10.487, 1, 00000000:02:00.0, 1699 MiB, 40960 MiB, 100 %, 220.02 W, 46, 1410 MHz
2026/10/06 15:52:10.494, 2, 00000000:81:00.0, 4 MiB, 40960 MiB, 0 %, 37.79 W, 36, 210 MHz
2026/10/06 15:52:10.501, 3, 00000000:82:00.0, 4 MiB, 40960 MiB, 0 %, 35.96 W, 35, 210 MHz
2026/10/06 15:52:11.509, 0, 00000000:01:00.0, 1682 MiB, 40960 MiB, 98 %, 253.44 W, 43, 1410 MHz
2026/10/06 15:52:11.514, 1, 00000000:02:00.0, 1699 MiB, 40960 MiB, 100 %, 245.51 W, 47, 1410 MHz
2026/10/06 15:52:11.521, 2, 00000000:81:00.0, 4 MiB, 40960 MiB, 0 %, 37.76 W, 36, 210 MHz
2026/10/06 15:52:11.529, 3, 00000000:82:00.0, 4 MiB, 40960 MiB, 0 %, 35.84 W, 35, 210 MHz
2026/10/06 15:52:12.536, 0, 00000000:01:00.0, 1682 MiB, 40960 MiB, 99 %, 241.33 W, 43, 1410 MHz
2026/10/06 15:52:12.542, 1, 00000000:02:00.0, 1699 MiB, 40960 MiB, 100 %, 233.99 W, 46, 1410 MHz
2026/10/06 15:52:12.548, 2, 00000000:81:00.0, 4 MiB, 40960 MiB, 0 %, 37.88 W, 36, 210 MHz
2026/10/06 15:52:12.555, 3, 00000000:82:00.0, 4 MiB, 40960 MiB, 0 %, 35.93 W, 35, 210 MHz
2026/10/06 15:52:13.563, 0, 00000000:01:00.0, 1682 MiB, 40960 MiB, 98 %, 212.14 W, 43, 1410 MHz
2026/10/06 15:52:13.572, 1, 00000000:02:00.0, 1699 MiB, 40960 MiB, 100 %, 219.63 W, 47, 1410 MHz
2026/10/06 15:52:13.580, 2, 00000000:81:00.0, 4 MiB, 40960 MiB, 0 %, 37.78 W, 36, 210 MHz
2026/10/06 15:52:13.591, 3, 00000000:82:00.0, 4 MiB, 40960 MiB, 0 %, 35.96 W, 35, 210 MHz
2026/10/06 15:52:14.602, 0, 00000000:01:00.0, 1682 MiB, 40960 MiB, 98 %, 241.76 W, 42, 1395 MHz
2026/10/06 15:52:14.614, 1, 00000000:02:00.0, 1699 MiB, 40960 MiB, 100 %, 234.12 W, 46, 1410 MHz
2026/10/06 15:52:14.620, 2, 00000000:81:00.0, 4 MiB, 40960 MiB, 0 %, 37.76 W, 36, 210 MHz
2026/10/06 15:52:14.627, 3, 00000000:82:00.0, 4 MiB, 40960 MiB, 0 %, 35.88 W, 35, 210 MHz
2026/10/06 15:52:15.634, 0, 00000000:01:00.0, 1682 MiB, 40960 MiB, 99 %, 251.91 W, 43, 1410 MHz
2026/10/06 15:52:15.640, 1, 00000000:02:00.0, 1699 MiB, 40960 MiB, 100 %, 248.47 W, 47, 1410 MHz
2026/10/06 15:52:15.647, 2, 00000000:81:00.0, 4 MiB, 40960 MiB, 0 %, 37.85 W, 36, 210 MHz
2026/10/06 15:52:15.654, 3, 00000000:82:00.0, 4 MiB, 40960 MiB, 0 %, 35.93 W, 35, 210 MHz
2026/10/06 15:52:16.661, 0, 00000000:01:00.0, 1682 MiB, 40960 MiB, 13 %, 70.59 W, 37, 1410 MHz
2026/10/06 15:52:16.670, 1, 00000000:02:00.0, 1699 MiB, 40960 MiB, 63 %, 62.99 W, 39, 1410 MHz
2026/10/06 15:52:16.679, 2, 00000000:81:00.0, 4 MiB, 40960 MiB, 0 %, 37.80 W, 36, 210 MHz
2026/10/06 15:52:16.689, 3, 00000000:82:00.0, 4 MiB, 40960 MiB, 0 %, 35.87 W, 35, 210 MHz
2026/10/06 15:52:17.700, 0, 00000000:01:00.0, 1682 MiB, 40960 MiB, 0 %, 69.81 W, 35, 1410 MHz
2026/10/06 15:52:17.704, 1, 00000000:02:00.0, 1700 MiB, 40960 MiB, 100 %, 64.37 W, 36, 1410 MHz
2026/10/06 15:52:17.737, 2, 00000000:81:00.0, 4 MiB, 40960 MiB, 0 %, 37.70 W, 36, 210 MHz
2026/10/06 15:52:17.745, 3, 00000000:82:00.0, 4 MiB, 40960 MiB, 0 %, 35.98 W, 35, 210 MHz
2026/10/06 15:52:18.752, 0, 00000000:01:00.0, 1682 MiB, 40960 MiB, 0 %, 69.25 W, 35, 1410 MHz
2026/10/06 15:52:18.757, 1, 00000000:02:00.0, 1699 MiB, 40960 MiB, 0 %, 60.68 W, 35, 1410 MHz
2026/10/06 15:52:18.761, 2, 00000000:81:00.0, 4 MiB, 40960 MiB, 0 %, 37.80 W, 36, 210 MHz
2026/10/06 15:52:18.768, 3, 00000000:82:00.0, 4 MiB, 40960 MiB, 0 %, 35.88 W, 35, 210 MHz
2026/10/06 15:52:19.775, 0, 00000000:01:00.0, 1682 MiB, 40960 MiB, 0 %, 38.56 W, 33, 240 MHz
2026/10/06 15:52:19.843, 1, 00000000:02:00.0, 1699 MiB, 40960 MiB, 0 %, 33.56 W, 34, 270 MHz
2026/10/06 15:52:19.856, 2, 00000000:81:00.0, 4 MiB, 40960 MiB, 0 %, 37.65 W, 36, 210 MHz
2026/10/06 15:52:19.867, 3, 00000000:82:00.0, 4 MiB, 40960 MiB, 0 %, 35.73 W, 34, 210 MHz
2026/10/06 15:52:20.881, 0, 00000000:01:00.0, 4 MiB, 40960 MiB, 1 %, 38.75 W, 33, 300 MHz
2026/10/06 15:52:20.889, 1, 00000000:02:00.0, 4 MiB, 40960 MiB, 42 %, 33.18 W, 33, 240 MHz
2026/10/06 15:52:20.897, 2, 00000000:81:00.0, 4 MiB, 40960 MiB, 0 %, 37.55 W, 35, 210 MHz
2026/10/06 15:52:20.904, 3, 00000000:82:00.0, 4 MiB, 40960 MiB, 0 %, 35.62 W, 34, 210 MHz
2026/10/06 15:52:21.911, 0, 00000000:01:00.0, 4 MiB, 40960 MiB, 0 %, 38.64 W, 32, 300 MHz
2026/10/06 15:52:21.918, 1, 00000000:02:00.0, 4 MiB, 40960 MiB, 0 %, 33.17 W, 33, 240 MHz
2026/10/06 15:52:21.926, 2, 00000000:81:00.0, 4 MiB, 40960 MiB, 0 %, 37.33 W, 35, 210 MHz
2026/10/06 15:52:21.933, 3, 00000000:82:00.0, 4 MiB, 40960 MiB, 0 %, 35.53 W, 34, 210 MHz
2026/10/06 15:52:22.942, 0, 00000000:01:00.0, 4 MiB, 40960 MiB, 0 %, 38.08 W, 32, 210 MHz
2026/10/06 15:52:22.952, 1, 00000000:02:00.0, 4 MiB, 40960 MiB, 0 %, 32.99 W, 32, 210 MHz
2026/10/06 15:52:22.963, 2, 00000000:81:00.0, 4 MiB, 40960 MiB, 0 %, 37.24 W, 34, 210 MHz
2026/10/06 15:52:22.975, 3, 00000000:82:00.0, 4 MiB, 40960 MiB, 0 %, 35.54 W, 33, 210 MHz
2026/10/06 15:52:23.983, 0, 00000000:01:00.0, 4 MiB, 40960 MiB, 0 %, 38.08 W, 32, 210 MHz
2026/10/06 15:52:23.990, 1, 00000000:02:00.0, 4 MiB, 40960 MiB, 0 %, 32.99 W, 32, 210 MHz
2026/10/06 15:52:24.000, 2, 00000000:81:00.0, 4 MiB, 40960 MiB, 0 %, 37.14 W, 34, 210 MHz
2026/10/06 15:52:24.007, 3, 00000000:82:00.0, 4 MiB, 40960 MiB, 0 %, 35.34 W, 33, 210 MHz
2026/10/06 15:52:25.014, 0, 00000000:01:00.0, 29 MiB, 40960 MiB, 1 %, 42.08 W, 32, 1065 MHz
2026/10/06 15:52:25.023, 1, 00000000:02:00.0, 4 MiB, 40960 MiB, 0 %, 32.89 W, 32, 210 MHz
2026/10/06 15:52:25.034, 2, 00000000:81:00.0, 4 MiB, 40960 MiB, 0 %, 37.04 W, 34, 210 MHz
2026/10/06 15:52:25.044, 3, 00000000:82:00.0, 4 MiB, 40960 MiB, 0 %, 35.35 W, 33, 210 MHz
2026/10/06 15:52:26.053, 0, 00000000:01:00.0, 931 MiB, 40960 MiB, 0 %, 45.95 W, 32, 1065 MHz
2026/10/06 15:52:26.059, 1, 00000000:02:00.0, 4 MiB, 40960 MiB, 0 %, 32.89 W, 32, 210 MHz
2026/10/06 15:52:26.066, 2, 00000000:81:00.0, 4 MiB, 40960 MiB, 0 %, 36.95 W, 34, 210 MHz
2026/10/06 15:52:26.076, 3, 00000000:82:00.0, 4 MiB, 40960 MiB, 0 %, 35.34 W, 33, 210 MHz
2026/10/06 15:52:27.084, 0, 00000000:01:00.0, 931 MiB, 40960 MiB, 0 %, 41.47 W, 32, 765 MHz
2026/10/06 15:52:27.090, 1, 00000000:02:00.0, 984 MiB, 40960 MiB, 0 %, 36.58 W, 32, 765 MHz
2026/10/06 15:52:27.097, 2, 00000000:81:00.0, 4 MiB, 40960 MiB, 0 %, 36.95 W, 33, 210 MHz
2026/10/06 15:52:27.107, 3, 00000000:82:00.0, 4 MiB, 40960 MiB, 0 %, 35.24 W, 33, 210 MHz
2026/10/06 15:52:28.115, 0, 00000000:01:00.0, 931 MiB, 40960 MiB, 0 %, 41.85 W, 32, 765 MHz
2026/10/06 15:52:28.121, 1, 00000000:02:00.0, 985 MiB, 40960 MiB, 0 %, 36.58 W, 32, 765 MHz
2026/10/06 15:52:28.129, 2, 00000000:81:00.0, 984 MiB, 40960 MiB, 3 %, 43.59 W, 34, 1050 MHz
2026/10/06 15:52:28.134, 3, 00000000:82:00.0, 4 MiB, 40960 MiB, 0 %, 35.42 W, 33, 210 MHz
2026/10/06 15:52:29.141, 0, 00000000:01:00.0, 931 MiB, 40960 MiB, 0 %, 38.08 W, 32, 210 MHz
2026/10/06 15:52:29.148, 1, 00000000:02:00.0, 985 MiB, 40960 MiB, 0 %, 36.48 W, 32, 765 MHz
2026/10/06 15:52:29.156, 2, 00000000:81:00.0, 985 MiB, 40960 MiB, 0 %, 43.69 W, 34, 1050 MHz
2026/10/06 15:52:29.162, 3, 00000000:82:00.0, 5 MiB, 40960 MiB, 0 %, 35.24 W, 33, 765 MHz
2026/10/06 15:52:30.172, 0, 00000000:01:00.0, 931 MiB, 40960 MiB, 0 %, 37.96 W, 32, 210 MHz
2026/10/06 15:52:30.179, 1, 00000000:02:00.0, 985 MiB, 40960 MiB, 0 %, 36.58 W, 32, 765 MHz
2026/10/06 15:52:30.185, 2, 00000000:81:00.0, 985 MiB, 40960 MiB, 0 %, 40.38 W, 33, 765 MHz
2026/10/06 15:52:30.192, 3, 00000000:82:00.0, 948 MiB, 40960 MiB, 0 %, 44.00 W, 33, 1095 MHz
2026/10/06 15:52:31.201, 0, 00000000:01:00.0, 931 MiB, 40960 MiB, 0 %, 37.95 W, 32, 210 MHz
2026/10/06 15:52:31.208, 1, 00000000:02:00.0, 985 MiB, 40960 MiB, 0 %, 32.89 W, 32, 210 MHz
2026/10/06 15:52:31.215, 2, 00000000:81:00.0, 985 MiB, 40960 MiB, 0 %, 40.38 W, 33, 210 MHz
2026/10/06 15:52:31.222, 3, 00000000:82:00.0, 949 MiB, 40960 MiB, 0 %, 44.49 W, 33, 1095 MHz
2026/10/06 15:52:32.231, 0, 00000000:01:00.0, 931 MiB, 40960 MiB, 0 %, 37.98 W, 32, 210 MHz
2026/10/06 15:52:32.239, 1, 00000000:02:00.0, 985 MiB, 40960 MiB, 0 %, 32.89 W, 32, 210 MHz
2026/10/06 15:52:32.246, 2, 00000000:81:00.0, 985 MiB, 40960 MiB, 0 %, 36.85 W, 33, 210 MHz
2026/10/06 15:52:32.254, 3, 00000000:82:00.0, 949 MiB, 40960 MiB, 0 %, 38.94 W, 33, 765 MHz
2026/10/06 15:52:33.260, 0, 00000000:01:00.0, 923 MiB, 40960 MiB, 0 %, 37.87 W, 32, 210 MHz
2026/10/06 15:52:33.268, 1, 00000000:02:00.0, 985 MiB, 40960 MiB, 0 %, 32.90 W, 32, 210 MHz
2026/10/06 15:52:33.275, 2, 00000000:81:00.0, 985 MiB, 40960 MiB, 0 %, 36.75 W, 33, 210 MHz
2026/10/06 15:52:33.282, 3, 00000000:82:00.0, 949 MiB, 40960 MiB, 0 %, 35.24 W, 32, 210 MHz
2026/10/06 15:52:34.294, 0, 00000000:01:00.0, 923 MiB, 40960 MiB, 0 %, 37.87 W, 32, 210 MHz
2026/10/06 15:52:34.303, 1, 00000000:02:00.0, 977 MiB, 40960 MiB, 0 %, 32.79 W, 32, 210 MHz
2026/10/06 15:52:34.314, 2, 00000000:81:00.0, 985 MiB, 40960 MiB, 0 %, 36.75 W, 33, 210 MHz
2026/10/06 15:52:34.322, 3, 00000000:82:00.0, 949 MiB, 40960 MiB, 0 %, 35.16 W, 32, 210 MHz
2026/10/06 15:52:35.330, 0, 00000000:01:00.0, 923 MiB, 40960 MiB, 0 %, 37.87 W, 32, 210 MHz
2026/10/06 15:52:35.337, 1, 00000000:02:00.0, 977 MiB, 40960 MiB, 0 %, 32.89 W, 32, 210 MHz
2026/10/06 15:52:35.344, 2, 00000000:81:00.0, 985 MiB, 40960 MiB, 0 %, 36.75 W, 33, 210 MHz
2026/10/06 15:52:35.352, 3, 00000000:82:00.0, 949 MiB, 40960 MiB, 0 %, 35.24 W, 32, 210 MHz
2026/10/06 15:52:36.359, 0, 00000000:01:00.0, 923 MiB, 40960 MiB, 0 %, 37.98 W, 32, 210 MHz
2026/10/06 15:52:36.368, 1, 00000000:02:00.0, 977 MiB, 40960 MiB, 0 %, 32.89 W, 32, 210 MHz
2026/10/06 15:52:36.375, 2, 00000000:81:00.0, 977 MiB, 40960 MiB, 9 %, 37.24 W, 33, 210 MHz
2026/10/06 15:52:36.382, 3, 00000000:82:00.0, 949 MiB, 40960 MiB, 0 %, 35.24 W, 32, 210 MHz
2026/10/06 15:52:37.390, 0, 00000000:01:00.0, 923 MiB, 40960 MiB, 0 %, 37.97 W, 32, 210 MHz
2026/10/06 15:52:37.400, 1, 00000000:02:00.0, 977 MiB, 40960 MiB, 0 %, 32.89 W, 32, 210 MHz
2026/10/06 15:52:37.407, 2, 00000000:81:00.0, 977 MiB, 40960 MiB, 0 %, 36.75 W, 33, 210 MHz
2026/10/06 15:52:37.414, 3, 00000000:82:00.0, 949 MiB, 40960 MiB, 0 %, 35.15 W, 32, 210 MHz
2026/10/06 15:52:38.422, 0, 00000000:01:00.0, 923 MiB, 40960 MiB, 0 %, 43.43 W, 32, 210 MHz
2026/10/06 15:52:38.431, 1, 00000000:02:00.0, 977 MiB, 40960 MiB, 0 %, 32.89 W, 32, 210 MHz
2026/10/06 15:52:38.439, 2, 00000000:81:00.0, 977 MiB, 40960 MiB, 0 %, 36.75 W, 33, 210 MHz
2026/10/06 15:52:38.446, 3, 00000000:82:00.0, 941 MiB, 40960 MiB, 6 %, 35.33 W, 32, 210 MHz
2026/10/06 15:52:39.455, 0, 00000000:01:00.0, 923 MiB, 40960 MiB, 0 %, 41.84 W, 32, 765 MHz
2026/10/06 15:52:39.461, 1, 00000000:02:00.0, 977 MiB, 40960 MiB, 0 %, 37.25 W, 32, 840 MHz
2026/10/06 15:52:39.470, 2, 00000000:81:00.0, 977 MiB, 40960 MiB, 38 %, 40.26 W, 33, 765 MHz
2026/10/06 15:52:39.477, 3, 00000000:82:00.0, 941 MiB, 40960 MiB, 46 %, 57.62 W, 33, 240 MHz
2026/10/06 15:52:40.485, 0, 00000000:01:00.0, 923 MiB, 40960 MiB, 100 %, 230.64 W, 39, 1410 MHz
2026/10/06 15:52:40.491, 1, 00000000:02:00.0, 977 MiB, 40960 MiB, 100 %, 220.17 W, 41, 1410 MHz
2026/10/06 15:52:40.497, 2, 00000000:81:00.0, 977 MiB, 40960 MiB, 100 %, 233.82 W, 40, 1410 MHz
2026/10/06 15:52:40.503, 3, 00000000:82:00.0, 941 MiB, 40960 MiB, 100 %, 233.56 W, 42, 1410 MHz
2026/10/06 15:52:41.509, 0, 00000000:01:00.0, 923 MiB, 40960 MiB, 100 %, 219.28 W, 40, 1410 MHz
2026/10/06 15:52:41.514, 1, 00000000:02:00.0, 977 MiB, 40960 MiB, 100 %, 224.00 W, 43, 1410 MHz
2026/10/06 15:52:41.520, 2, 00000000:81:00.0, 977 MiB, 40960 MiB, 100 %, 229.79 W, 42, 1410 MHz
2026/10/06 15:52:41.526, 3, 00000000:82:00.0, 941 MiB, 40960 MiB, 100 %, 245.61 W, 44, 1410 MHz
2026/10/06 15:52:42.534, 0, 00000000:01:00.0, 923 MiB, 40960 MiB, 100 %, 229.24 W, 41, 1410 MHz
2026/10/06 15:52:42.542, 1, 00000000:02:00.0, 977 MiB, 40960 MiB, 100 %, 208.85 W, 44, 1410 MHz
2026/10/06 15:52:42.550, 2, 00000000:81:00.0, 977 MiB, 40960 MiB, 100 %, 233.51 W, 43, 1410 MHz
2026/10/06 15:52:42.558, 3, 00000000:82:00.0, 941 MiB, 40960 MiB, 100 %, 241.24 W, 46, 1410 MHz
2026/10/06 15:52:43.565, 0, 00000000:01:00.0, 923 MiB, 40960 MiB, 97 %, 228.31 W, 41, 1410 MHz
2026/10/06 15:52:43.571, 1, 00000000:02:00.0, 977 MiB, 40960 MiB, 100 %, 229.45 W, 44, 1410 MHz
2026/10/06 15:52:43.577, 2, 00000000:81:00.0, 977 MiB, 40960 MiB, 100 %, 234.13 W, 44, 1410 MHz
2026/10/06 15:52:43.585, 3, 00000000:82:00.0, 941 MiB, 40960 MiB, 100 %, 251.61 W, 47, 1410 MHz
2026/10/06 15:52:44.592, 0, 00000000:01:00.0, 923 MiB, 40960 MiB, 98 %, 239.33 W, 41, 1410 MHz
2026/10/06 15:52:44.597, 1, 00000000:02:00.0, 977 MiB, 40960 MiB, 100 %, 220.31 W, 45, 1410 MHz
2026/10/06 15:52:44.604, 2, 00000000:81:00.0, 977 MiB, 40960 MiB, 100 %, 245.43 W, 45, 1410 MHz
2026/10/06 15:52:44.611, 3, 00000000:82:00.0, 941 MiB, 40960 MiB, 100 %, 238.27 W, 47, 1410 MHz
2026/10/06 15:52:45.618, 0, 00000000:01:00.0, 923 MiB, 40960 MiB, 97 %, 225.71 W, 41, 1410 MHz
2026/10/06 15:52:45.623, 1, 00000000:02:00.0, 977 MiB, 40960 MiB, 99 %, 218.26 W, 45, 1410 MHz
2026/10/06 15:52:45.629, 2, 00000000:81:00.0, 977 MiB, 40960 MiB, 100 %, 242.34 W, 45, 1410 MHz
2026/10/06 15:52:45.636, 3, 00000000:82:00.0, 941 MiB, 40960 MiB, 100 %, 232.06 W, 48, 1410 MHz
2026/10/06 15:52:46.643, 0, 00000000:01:00.0, 923 MiB, 40960 MiB, 97 %, 230.47 W, 42, 1410 MHz
2026/10/06 15:52:46.649, 1, 00000000:02:00.0, 977 MiB, 40960 MiB, 99 %, 227.95 W, 45, 1410 MHz
2026/10/06 15:52:46.655, 2, 00000000:81:00.0, 977 MiB, 40960 MiB, 100 %, 233.85 W, 46, 1410 MHz
2026/10/06 15:52:46.661, 3, 00000000:82:00.0, 941 MiB, 40960 MiB, 100 %, 241.89 W, 48, 1410 MHz
2026/10/06 15:52:47.670, 0, 00000000:01:00.0, 923 MiB, 40960 MiB, 97 %, 222.21 W, 41, 1410 MHz
2026/10/06 15:52:47.678, 1, 00000000:02:00.0, 977 MiB, 40960 MiB, 100 %, 237.15 W, 45, 1410 MHz
2026/10/06 15:52:47.686, 2, 00000000:81:00.0, 977 MiB, 40960 MiB, 100 %, 232.57 W, 46, 1410 MHz
2026/10/06 15:52:47.694, 3, 00000000:82:00.0, 941 MiB, 40960 MiB, 100 %, 250.48 W, 49, 1410 MHz
2026/10/06 15:52:48.701, 0, 00000000:01:00.0, 923 MiB, 40960 MiB, 97 %, 199.04 W, 42, 1410 MHz
2026/10/06 15:52:48.707, 1, 00000000:02:00.0, 977 MiB, 40960 MiB, 99 %, 210.17 W, 45, 1410 MHz
2026/10/06 15:52:48.715, 2, 00000000:81:00.0, 977 MiB, 40960 MiB, 100 %, 240.52 W, 46, 1410 MHz
2026/10/06 15:52:48.721, 3, 00000000:82:00.0, 941 MiB, 40960 MiB, 100 %, 245.92 W, 49, 1410 MHz
2026/10/06 15:52:49.727, 0, 00000000:01:00.0, 923 MiB, 40960 MiB, 97 %, 228.42 W, 42, 1410 MHz
2026/10/06 15:52:49.733, 1, 00000000:02:00.0, 977 MiB, 40960 MiB, 100 %, 220.05 W, 45, 1410 MHz
2026/10/06 15:52:49.739, 2, 00000000:81:00.0, 977 MiB, 40960 MiB, 100 %, 244.83 W, 47, 1410 MHz
2026/10/06 15:52:49.747, 3, 00000000:82:00.0, 941 MiB, 40960 MiB, 100 %, 253.44 W, 49, 1410 MHz
2026/10/06 15:52:50.752, 0, 00000000:01:00.0, 923 MiB, 40960 MiB, 97 %, 237.38 W, 42, 1410 MHz
2026/10/06 15:52:50.758, 1, 00000000:02:00.0, 977 MiB, 40960 MiB, 99 %, 220.62 W, 45, 1410 MHz
2026/10/06 15:52:50.764, 2, 00000000:81:00.0, 977 MiB, 40960 MiB, 100 %, 246.94 W, 47, 1410 MHz
2026/10/06 15:52:50.771, 3, 00000000:82:00.0, 941 MiB, 40960 MiB, 100 %, 243.26 W, 49, 1410 MHz
2026/10/06 15:52:51.778, 0, 00000000:01:00.0, 923 MiB, 40960 MiB, 97 %, 230.88 W, 42, 1410 MHz
2026/10/06 15:52:51.783, 1, 00000000:02:00.0, 977 MiB, 40960 MiB, 100 %, 226.60 W, 45, 1410 MHz
2026/10/06 15:52:51.789, 2, 00000000:81:00.0, 977 MiB, 40960 MiB, 100 %, 237.02 W, 47, 1410 MHz
2026/10/06 15:52:51.795, 3, 00000000:82:00.0, 941 MiB, 40960 MiB, 100 %, 231.88 W, 49, 1410 MHz
2026/10/06 15:52:52.803, 0, 00000000:01:00.0, 923 MiB, 40960 MiB, 97 %, 238.89 W, 42, 1410 MHz
2026/10/06 15:52:52.811, 1, 00000000:02:00.0, 977 MiB, 40960 MiB, 99 %, 236.70 W, 45, 1410 MHz
2026/10/06 15:52:52.822, 2, 00000000:81:00.0, 977 MiB, 40960 MiB, 100 %, 233.18 W, 47, 1410 MHz
2026/10/06 15:52:52.829, 3, 00000000:82:00.0, 941 MiB, 40960 MiB, 100 %, 230.10 W, 49, 1410 MHz
2026/10/06 15:52:53.837, 0, 00000000:01:00.0, 923 MiB, 40960 MiB, 97 %, 230.58 W, 42, 1410 MHz
2026/10/06 15:52:53.845, 1, 00000000:02:00.0, 977 MiB, 40960 MiB, 99 %, 226.95 W, 45, 1410 MHz
2026/10/06 15:52:53.851, 2, 00000000:81:00.0, 977 MiB, 40960 MiB, 100 %, 239.56 W, 47, 1410 MHz
2026/10/06 15:52:53.856, 3, 00000000:82:00.0, 941 MiB, 40960 MiB, 100 %, 232.66 W, 50, 1410 MHz
2026/10/06 15:52:54.862, 0, 00000000:01:00.0, 923 MiB, 40960 MiB, 97 %, 226.29 W, 42, 1410 MHz
2026/10/06 15:52:54.870, 1, 00000000:02:00.0, 977 MiB, 40960 MiB, 99 %, 224.85 W, 45, 1410 MHz
2026/10/06 15:52:54.876, 2, 00000000:81:00.0, 977 MiB, 40960 MiB, 100 %, 250.36 W, 47, 1410 MHz
2026/10/06 15:52:54.883, 3, 00000000:82:00.0, 941 MiB, 40960 MiB, 100 %, 238.85 W, 49, 1410 MHz
2026/10/06 15:52:55.889, 0, 00000000:01:00.0, 923 MiB, 40960 MiB, 96 %, 231.37 W, 42, 1410 MHz
2026/10/06 15:52:55.897, 1, 00000000:02:00.0, 977 MiB, 40960 MiB, 99 %, 226.23 W, 45, 1410 MHz
2026/10/06 15:52:55.903, 2, 00000000:81:00.0, 977 MiB, 40960 MiB, 100 %, 244.26 W, 47, 1410 MHz
2026/10/06 15:52:55.909, 3, 00000000:82:00.0, 941 MiB, 40960 MiB, 100 %, 247.84 W, 50, 1410 MHz
2026/10/06 15:52:56.915, 0, 00000000:01:00.0, 923 MiB, 40960 MiB, 97 %, 226.86 W, 42, 1410 MHz
2026/10/06 15:52:56.923, 1, 00000000:02:00.0, 977 MiB, 40960 MiB, 98 %, 224.87 W, 45, 1410 MHz
2026/10/06 15:52:56.930, 2, 00000000:81:00.0, 977 MiB, 40960 MiB, 100 %, 239.08 W, 47, 1410 MHz
2026/10/06 15:52:56.936, 3, 00000000:82:00.0, 941 MiB, 40960 MiB, 100 %, 257.32 W, 50, 1410 MHz
2026/10/06 15:52:57.942, 0, 00000000:01:00.0, 923 MiB, 40960 MiB, 97 %, 219.86 W, 42, 1410 MHz
2026/10/06 15:52:57.949, 1, 00000000:02:00.0, 977 MiB, 40960 MiB, 98 %, 224.06 W, 45, 1410 MHz
2026/10/06 15:52:57.956, 2, 00000000:81:00.0, 977 MiB, 40960 MiB, 100 %, 233.76 W, 48, 1410 MHz
2026/10/06 15:52:57.963, 3, 00000000:82:00.0, 941 MiB, 40960 MiB, 100 %, 241.91 W, 50, 1410 MHz
2026/10/06 15:52:58.971, 0, 00000000:01:00.0, 923 MiB, 40960 MiB, 97 %, 221.42 W, 42, 1410 MHz
2026/10/06 15:52:58.977, 1, 00000000:02:00.0, 977 MiB, 40960 MiB, 99 %, 224.21 W, 45, 1410 MHz
2026/10/06 15:52:58.983, 2, 00000000:81:00.0, 977 MiB, 40960 MiB, 100 %, 229.46 W, 48, 1410 MHz
2026/10/06 15:52:58.990, 3, 00000000:82:00.0, 941 MiB, 40960 MiB, 100 %, 257.05 W, 50, 1410 MHz
2026/10/06 15:52:59.995, 0, 00000000:01:00.0, 923 MiB, 40960 MiB, 97 %, 231.66 W, 42, 1410 MHz
2026/10/06 15:53:00.001, 1, 00000000:02:00.0, 977 MiB, 40960 MiB, 98 %, 232.51 W, 45, 1410 MHz
2026/10/06 15:53:00.010, 2, 00000000:81:00.0, 977 MiB, 40960 MiB, 100 %, 241.79 W, 48, 1410 MHz
2026/10/06 15:53:00.017, 3, 00000000:82:00.0, 941 MiB, 40960 MiB, 100 %, 242.95 W, 50, 1410 MHz
2026/10/06 15:53:01.023, 0, 00000000:01:00.0, 923 MiB, 40960 MiB, 96 %, 204.87 W, 42, 1410 MHz
2026/10/06 15:53:01.030, 1, 00000000:02:00.0, 977 MiB, 40960 MiB, 98 %, 208.38 W, 45, 1410 MHz
2026/10/06 15:53:01.036, 2, 00000000:81:00.0, 977 MiB, 40960 MiB, 100 %, 236.08 W, 48, 1410 MHz
2026/10/06 15:53:01.044, 3, 00000000:82:00.0, 941 MiB, 40960 MiB, 100 %, 229.98 W, 50, 1410 MHz
2026/10/06 15:53:02.049, 0, 00000000:01:00.0, 923 MiB, 40960 MiB, 97 %, 229.94 W, 42, 1410 MHz
2026/10/06 15:53:02.056, 1, 00000000:02:00.0, 977 MiB, 40960 MiB, 98 %, 228.40 W, 45, 1410 MHz
2026/10/06 15:53:02.062, 2, 00000000:81:00.0, 977 MiB, 40960 MiB, 99 %, 237.41 W, 48, 1410 MHz
2026/10/06 15:53:02.070, 3, 00000000:82:00.0, 941 MiB, 40960 MiB, 100 %, 233.01 W, 50, 1410 MHz
2026/10/06 15:53:03.076, 0, 00000000:01:00.0, 923 MiB, 40960 MiB, 97 %, 236.13 W, 42, 1410 MHz
2026/10/06 15:53:03.082, 1, 00000000:02:00.0, 977 MiB, 40960 MiB, 99 %, 237.67 W, 45, 1410 MHz
2026/10/06 15:53:03.089, 2, 00000000:81:00.0, 977 MiB, 40960 MiB, 100 %, 244.25 W, 48, 1410 MHz
2026/10/06 15:53:03.097, 3, 00000000:82:00.0, 941 MiB, 40960 MiB, 100 %, 242.86 W, 50, 1410 MHz
2026/10/06 15:53:04.104, 0, 00000000:01:00.0, 923 MiB, 40960 MiB, 97 %, 239.87 W, 42, 1410 MHz
2026/10/06 15:53:04.109, 1, 00000000:02:00.0, 977 MiB, 40960 MiB, 98 %, 229.28 W, 45, 1410 MHz
2026/10/06 15:53:04.116, 2, 00000000:81:00.0, 977 MiB, 40960 MiB, 100 %, 248.49 W, 48, 1410 MHz
2026/10/06 15:53:04.124, 3, 00000000:82:00.0, 941 MiB, 40960 MiB, 100 %, 238.74 W, 50, 1410 MHz
2026/10/06 15:53:05.131, 0, 00000000:01:00.0, 923 MiB, 40960 MiB, 97 %, 235.37 W, 42, 1410 MHz
2026/10/06 15:53:05.137, 1, 00000000:02:00.0, 977 MiB, 40960 MiB, 98 %, 226.62 W, 45, 1410 MHz
2026/10/06 15:53:05.143, 2, 00000000:81:00.0, 977 MiB, 40960 MiB, 100 %, 251.23 W, 48, 1410 MHz
2026/10/06 15:53:05.151, 3, 00000000:82:00.0, 941 MiB, 40960 MiB, 100 %, 234.27 W, 50, 1410 MHz
2026/10/06 15:53:06.157, 0, 00000000:01:00.0, 923 MiB, 40960 MiB, 97 %, 228.31 W, 42, 1410 MHz
2026/10/06 15:53:06.163, 1, 00000000:02:00.0, 977 MiB, 40960 MiB, 98 %, 229.73 W, 45, 1410 MHz
2026/10/06 15:53:06.169, 2, 00000000:81:00.0, 977 MiB, 40960 MiB, 100 %, 238.47 W, 48, 1410 MHz
2026/10/06 15:53:06.177, 3, 00000000:82:00.0, 941 MiB, 40960 MiB, 100 %, 228.01 W, 50, 1410 MHz
2026/10/06 15:53:07.183, 0, 00000000:01:00.0, 923 MiB, 40960 MiB, 97 %, 229.45 W, 42, 1410 MHz
2026/10/06 15:53:07.191, 1, 00000000:02:00.0, 977 MiB, 40960 MiB, 98 %, 234.21 W, 45, 1410 MHz
2026/10/06 15:53:07.202, 2, 00000000:81:00.0, 977 MiB, 40960 MiB, 100 %, 239.41 W, 48, 1410 MHz
2026/10/06 15:53:07.207, 3, 00000000:82:00.0, 941 MiB, 40960 MiB, 100 %, 236.56 W, 50, 1410 MHz
2026/10/06 15:53:08.213, 0, 00000000:01:00.0, 923 MiB, 40960 MiB, 97 %, 233.07 W, 42, 1410 MHz
2026/10/06 15:53:08.219, 1, 00000000:02:00.0, 977 MiB, 40960 MiB, 98 %, 236.71 W, 45, 1410 MHz
2026/10/06 15:53:08.225, 2, 00000000:81:00.0, 977 MiB, 40960 MiB, 100 %, 244.83 W, 48, 1410 MHz
2026/10/06 15:53:08.231, 3, 00000000:82:00.0, 941 MiB, 40960 MiB, 100 %, 245.99 W, 50, 1410 MHz
2026/10/06 15:53:09.237, 0, 00000000:01:00.0, 923 MiB, 40960 MiB, 97 %, 235.84 W, 42, 1410 MHz
2026/10/06 15:53:09.243, 1, 00000000:02:00.0, 977 MiB, 40960 MiB, 98 %, 236.62 W, 45, 1410 MHz
2026/10/06 15:53:09.248, 2, 00000000:81:00.0, 977 MiB, 40960 MiB, 99 %, 247.31 W, 48, 1410 MHz
2026/10/06 15:53:09.255, 3, 00000000:82:00.0, 941 MiB, 40960 MiB, 100 %, 238.17 W, 50, 1410 MHz
2026/10/06 15:53:10.263, 0, 00000000:01:00.0, 923 MiB, 40960 MiB, 97 %, 237.70 W, 42, 1410 MHz
2026/10/06 15:53:10.269, 1, 00000000:02:00.0, 977 MiB, 40960 MiB, 98 %, 229.48 W, 45, 1410 MHz
2026/10/06 15:53:10.276, 2, 00000000:81:00.0, 977 MiB, 40960 MiB, 100 %, 249.62 W, 48, 1410 MHz
2026/10/06 15:53:10.282, 3, 00000000:82:00.0, 941 MiB, 40960 MiB, 100 %, 236.35 W, 50, 1410 MHz
2026/10/06 15:53:11.289, 0, 00000000:01:00.0, 923 MiB, 40960 MiB, 96 %, 205.75 W, 42, 1410 MHz
2026/10/06 15:53:11.295, 1, 00000000:02:00.0, 977 MiB, 40960 MiB, 98 %, 222.58 W, 45, 1410 MHz
2026/10/06 15:53:11.301, 2, 00000000:81:00.0, 977 MiB, 40960 MiB, 100 %, 227.94 W, 48, 1410 MHz
2026/10/06 15:53:11.307, 3, 00000000:82:00.0, 941 MiB, 40960 MiB, 100 %, 234.04 W, 50, 1410 MHz
2026/10/06 15:53:12.313, 0, 00000000:01:00.0, 923 MiB, 40960 MiB, 96 %, 213.38 W, 42, 1410 MHz
2026/10/06 15:53:12.321, 1, 00000000:02:00.0, 977 MiB, 40960 MiB, 98 %, 227.86 W, 45, 1410 MHz
2026/10/06 15:53:12.328, 2, 00000000:81:00.0, 977 MiB, 40960 MiB, 100 %, 236.36 W, 48, 1410 MHz
2026/10/06 15:53:12.337, 3, 00000000:82:00.0, 941 MiB, 40960 MiB, 100 %, 229.34 W, 50, 1410 MHz
2026/10/06 15:53:13.345, 0, 00000000:01:00.0, 923 MiB, 40960 MiB, 96 %, 217.02 W, 42, 1410 MHz
2026/10/06 15:53:13.351, 1, 00000000:02:00.0, 977 MiB, 40960 MiB, 98 %, 226.49 W, 45, 1410 MHz
2026/10/06 15:53:13.356, 2, 00000000:81:00.0, 977 MiB, 40960 MiB, 100 %, 241.91 W, 48, 1410 MHz
2026/10/06 15:53:13.363, 3, 00000000:82:00.0, 941 MiB, 40960 MiB, 100 %, 227.94 W, 50, 1410 MHz
2026/10/06 15:53:14.371, 0, 00000000:01:00.0, 923 MiB, 40960 MiB, 97 %, 222.01 W, 42, 1410 MHz
2026/10/06 15:53:14.376, 1, 00000000:02:00.0, 977 MiB, 40960 MiB, 98 %, 228.68 W, 45, 1410 MHz
2026/10/06 15:53:14.382, 2, 00000000:81:00.0, 977 MiB, 40960 MiB, 100 %, 243.80 W, 48, 1410 MHz
2026/10/06 15:53:14.388, 3, 00000000:82:00.0, 941 MiB, 40960 MiB, 100 %, 241.62 W, 50, 1410 MHz
2026/10/06 15:53:15.394, 0, 00000000:01:00.0, 923 MiB, 40960 MiB, 97 %, 224.14 W, 42, 1410 MHz
2026/10/06 15:53:15.400, 1, 00000000:02:00.0, 977 MiB, 40960 MiB, 98 %, 229.66 W, 45, 1410 MHz
2026/10/06 15:53:15.407, 2, 00000000:81:00.0, 977 MiB, 40960 MiB, 100 %, 242.55 W, 48, 1410 MHz
2026/10/06 15:53:15.413, 3, 00000000:82:00.0, 941 MiB, 40960 MiB, 100 %, 231.41 W, 49, 1410 MHz
2026/10/06 15:53:16.419, 0, 00000000:01:00.0, 923 MiB, 40960 MiB, 97 %, 226.57 W, 42, 1410 MHz
2026/10/06 15:53:16.424, 1, 00000000:02:00.0, 977 MiB, 40960 MiB, 98 %, 221.99 W, 45, 1410 MHz
2026/10/06 15:53:16.432, 2, 00000000:81:00.0, 977 MiB, 40960 MiB, 100 %, 233.46 W, 48, 1410 MHz
2026/10/06 15:53:16.437, 3, 00000000:82:00.0, 941 MiB, 40960 MiB, 100 %, 239.62 W, 50, 1410 MHz
2026/10/06 15:53:17.443, 0, 00000000:01:00.0, 923 MiB, 40960 MiB, 97 %, 228.56 W, 42, 1410 MHz
2026/10/06 15:53:17.449, 1, 00000000:02:00.0, 977 MiB, 40960 MiB, 98 %, 223.88 W, 45, 1410 MHz
2026/10/06 15:53:17.457, 2, 00000000:81:00.0, 977 MiB, 40960 MiB, 100 %, 235.30 W, 48, 1410 MHz
2026/10/06 15:53:17.463, 3, 00000000:82:00.0, 941 MiB, 40960 MiB, 100 %, 238.87 W, 50, 1410 MHz
2026/10/06 15:53:18.469, 0, 00000000:01:00.0, 923 MiB, 40960 MiB, 96 %, 229.04 W, 42, 1410 MHz
2026/10/06 15:53:18.474, 1, 00000000:02:00.0, 977 MiB, 40960 MiB, 98 %, 223.50 W, 45, 1410 MHz
2026/10/06 15:53:18.480, 2, 00000000:81:00.0, 977 MiB, 40960 MiB, 99 %, 230.81 W, 48, 1410 MHz
2026/10/06 15:53:18.486, 3, 00000000:82:00.0, 941 MiB, 40960 MiB, 100 %, 239.05 W, 50, 1410 MHz
2026/10/06 15:53:19.492, 0, 00000000:01:00.0, 923 MiB, 40960 MiB, 97 %, 221.91 W, 42, 1410 MHz
2026/10/06 15:53:19.498, 1, 00000000:02:00.0, 977 MiB, 40960 MiB, 98 %, 214.35 W, 45, 1410 MHz
2026/10/06 15:53:19.504, 2, 00000000:81:00.0, 977 MiB, 40960 MiB, 100 %, 219.32 W, 48, 1410 MHz
2026/10/06 15:53:19.510, 3, 00000000:82:00.0, 941 MiB, 40960 MiB, 100 %, 233.99 W, 50, 1410 MHz
2026/10/06 15:53:20.516, 0, 00000000:01:00.0, 923 MiB, 40960 MiB, 96 %, 221.60 W, 42, 1410 MHz
2026/10/06 15:53:20.523, 1, 00000000:02:00.0, 977 MiB, 40960 MiB, 98 %, 213.67 W, 45, 1410 MHz
2026/10/06 15:53:20.529, 2, 00000000:81:00.0, 977 MiB, 40960 MiB, 100 %, 217.23 W, 48, 1410 MHz
2026/10/06 15:53:20.537, 3, 00000000:82:00.0, 941 MiB, 40960 MiB, 100 %, 256.95 W, 50, 1410 MHz
2026/10/06 15:53:21.543, 0, 00000000:01:00.0, 923 MiB, 40960 MiB, 97 %, 240.61 W, 42, 1410 MHz
2026/10/06 15:53:21.549, 1, 00000000:02:00.0, 977 MiB, 40960 MiB, 98 %, 226.14 W, 45, 1410 MHz
2026/10/06 15:53:21.555, 2, 00000000:81:00.0, 977 MiB, 40960 MiB, 99 %, 226.50 W, 48, 1410 MHz
2026/10/06 15:53:21.561, 3, 00000000:82:00.0, 941 MiB, 40960 MiB, 100 %, 257.91 W, 50, 1410 MHz
2026/10/06 15:53:22.568, 0, 00000000:01:00.0, 923 MiB, 40960 MiB, 97 %, 240.80 W, 42, 1410 MHz
2026/10/06 15:53:22.576, 1, 00000000:02:00.0, 977 MiB, 40960 MiB, 98 %, 225.57 W, 45, 1410 MHz
2026/10/06 15:53:22.584, 2, 00000000:81:00.0, 977 MiB, 40960 MiB, 99 %, 236.87 W, 48, 1410 MHz
2026/10/06 15:53:22.593, 3, 00000000:82:00.0, 941 MiB, 40960 MiB, 100 %, 254.21 W, 50, 1410 MHz
2026/10/06 15:53:23.601, 0, 00000000:01:00.0, 923 MiB, 40960 MiB, 97 %, 240.32 W, 42, 1410 MHz
2026/10/06 15:53:23.606, 1, 00000000:02:00.0, 977 MiB, 40960 MiB, 98 %, 225.18 W, 45, 1410 MHz
2026/10/06 15:53:23.612, 2, 00000000:81:00.0, 977 MiB, 40960 MiB, 100 %, 236.46 W, 48, 1410 MHz
2026/10/06 15:53:23.620, 3, 00000000:82:00.0, 941 MiB, 40960 MiB, 100 %, 249.06 W, 50, 1410 MHz
2026/10/06 15:53:24.625, 0, 00000000:01:00.0, 923 MiB, 40960 MiB, 97 %, 239.87 W, 42, 1410 MHz
2026/10/06 15:53:24.631, 1, 00000000:02:00.0, 977 MiB, 40960 MiB, 99 %, 225.24 W, 45, 1410 MHz
2026/10/06 15:53:24.637, 2, 00000000:81:00.0, 977 MiB, 40960 MiB, 100 %, 226.38 W, 48, 1410 MHz
2026/10/06 15:53:24.643, 3, 00000000:82:00.0, 941 MiB, 40960 MiB, 100 %, 246.77 W, 50, 1410 MHz
2026/10/06 15:53:25.651, 0, 00000000:01:00.0, 923 MiB, 40960 MiB, 97 %, 239.41 W, 42, 1410 MHz
2026/10/06 15:53:25.658, 1, 00000000:02:00.0, 977 MiB, 40960 MiB, 98 %, 224.81 W, 45, 1410 MHz
2026/10/06 15:53:25.665, 2, 00000000:81:00.0, 977 MiB, 40960 MiB, 100 %, 231.36 W, 48, 1410 MHz
2026/10/06 15:53:25.671, 3, 00000000:82:00.0, 941 MiB, 40960 MiB, 100 %, 247.43 W, 50, 1410 MHz
2026/10/06 15:53:26.678, 0, 00000000:01:00.0, 923 MiB, 40960 MiB, 96 %, 201.01 W, 42, 1410 MHz
2026/10/06 15:53:26.683, 1, 00000000:02:00.0, 977 MiB, 40960 MiB, 98 %, 229.16 W, 45, 1410 MHz
2026/10/06 15:53:26.689, 2, 00000000:81:00.0, 977 MiB, 40960 MiB, 100 %, 231.16 W, 48, 1410 MHz
2026/10/06 15:53:26.695, 3, 00000000:82:00.0, 941 MiB, 40960 MiB, 100 %, 248.38 W, 50, 1410 MHz
2026/10/06 15:53:27.701, 0, 00000000:01:00.0, 923 MiB, 40960 MiB, 97 %, 197.05 W, 42, 1410 MHz
2026/10/06 15:53:27.709, 1, 00000000:02:00.0, 977 MiB, 40960 MiB, 98 %, 229.84 W, 45, 1410 MHz
2026/10/06 15:53:27.717, 2, 00000000:81:00.0, 977 MiB, 40960 MiB, 100 %, 246.95 W, 48, 1410 MHz
2026/10/06 15:53:27.725, 3, 00000000:82:00.0, 941 MiB, 40960 MiB, 100 %, 248.38 W, 50, 1410 MHz
2026/10/06 15:53:28.733, 0, 00000000:01:00.0, 923 MiB, 40960 MiB, 96 %, 214.51 W, 42, 1410 MHz
2026/10/06 15:53:28.738, 1, 00000000:02:00.0, 977 MiB, 40960 MiB, 98 %, 228.77 W, 45, 1410 MHz
2026/10/06 15:53:28.744, 2, 00000000:81:00.0, 977 MiB, 40960 MiB, 100 %, 244.55 W, 48, 1410 MHz
2026/10/06 15:53:28.751, 3, 00000000:82:00.0, 941 MiB, 40960 MiB, 100 %, 247.25 W, 50, 1410 MHz
2026/10/06 15:53:29.759, 0, 00000000:01:00.0, 923 MiB, 40960 MiB, 97 %, 221.32 W, 42, 1410 MHz
2026/10/06 15:53:29.765, 1, 00000000:02:00.0, 977 MiB, 40960 MiB, 98 %, 225.56 W, 45, 1410 MHz
2026/10/06 15:53:29.771, 2, 00000000:81:00.0, 977 MiB, 40960 MiB, 100 %, 243.88 W, 48, 1410 MHz
2026/10/06 15:53:29.777, 3, 00000000:82:00.0, 941 MiB, 40960 MiB, 100 %, 247.31 W, 50, 1410 MHz
2026/10/06 15:53:30.783, 0, 00000000:01:00.0, 923 MiB, 40960 MiB, 97 %, 236.99 W, 42, 1410 MHz
2026/10/06 15:53:30.790, 1, 00000000:02:00.0, 977 MiB, 40960 MiB, 99 %, 222.29 W, 45, 1410 MHz
2026/10/06 15:53:30.796, 2, 00000000:81:00.0, 977 MiB, 40960 MiB, 100 %, 243.32 W, 48, 1410 MHz
2026/10/06 15:53:30.802, 3, 00000000:82:00.0, 941 MiB, 40960 MiB, 100 %, 240.01 W, 50, 1410 MHz
2026/10/06 15:53:31.807, 0, 00000000:01:00.0, 923 MiB, 40960 MiB, 97 %, 241.48 W, 42, 1410 MHz
2026/10/06 15:53:31.813, 1, 00000000:02:00.0, 977 MiB, 40960 MiB, 98 %, 225.74 W, 46, 1410 MHz
2026/10/06 15:53:31.818, 2, 00000000:81:00.0, 977 MiB, 40960 MiB, 100 %, 242.93 W, 48, 1410 MHz
2026/10/06 15:53:31.824, 3, 00000000:82:00.0, 941 MiB, 40960 MiB, 100 %, 240.87 W, 50, 1410 MHz
2026/10/06 15:53:32.830, 0, 00000000:01:00.0, 923 MiB, 40960 MiB, 97 %, 238.72 W, 42, 1410 MHz
2026/10/06 15:53:32.837, 1, 00000000:02:00.0, 977 MiB, 40960 MiB, 99 %, 227.10 W, 45, 1410 MHz
2026/10/06 15:53:32.842, 2, 00000000:81:00.0, 977 MiB, 40960 MiB, 100 %, 230.21 W, 48, 1410 MHz
2026/10/06 15:53:32.848, 3, 00000000:82:00.0, 941 MiB, 40960 MiB, 100 %, 242.21 W, 50, 1410 MHz
2026/10/06 15:53:33.854, 0, 00000000:01:00.0, 923 MiB, 40960 MiB, 97 %, 236.15 W, 42, 1410 MHz
2026/10/06 15:53:33.863, 1, 00000000:02:00.0, 977 MiB, 40960 MiB, 99 %, 227.78 W, 45, 1410 MHz
2026/10/06 15:53:33.868, 2, 00000000:81:00.0, 977 MiB, 40960 MiB, 100 %, 234.49 W, 48, 1410 MHz
2026/10/06 15:53:33.874, 3, 00000000:82:00.0, 941 MiB, 40960 MiB, 100 %, 240.57 W, 50, 1395 MHz
2026/10/06 15:53:34.880, 0, 00000000:01:00.0, 923 MiB, 40960 MiB, 97 %, 230.80 W, 42, 1410 MHz
2026/10/06 15:53:34.886, 1, 00000000:02:00.0, 977 MiB, 40960 MiB, 98 %, 231.41 W, 46, 1410 MHz
2026/10/06 15:53:34.891, 2, 00000000:81:00.0, 977 MiB, 40960 MiB, 100 %, 226.22 W, 48, 1410 MHz
2026/10/06 15:53:34.899, 3, 00000000:82:00.0, 941 MiB, 40960 MiB, 100 %, 235.71 W, 50, 1410 MHz
2026/10/06 15:53:35.905, 0, 00000000:01:00.0, 923 MiB, 40960 MiB, 97 %, 228.20 W, 42, 1410 MHz
2026/10/06 15:53:35.911, 1, 00000000:02:00.0, 977 MiB, 40960 MiB, 98 %, 234.25 W, 46, 1410 MHz
2026/10/06 15:53:35.917, 2, 00000000:81:00.0, 977 MiB, 40960 MiB, 100 %, 238.35 W, 48, 1410 MHz
2026/10/06 15:53:35.923, 3, 00000000:82:00.0, 941 MiB, 40960 MiB, 100 %, 245.35 W, 50, 1410 MHz
2026/10/06 15:53:36.933, 0, 00000000:01:00.0, 923 MiB, 40960 MiB, 96 %, 227.91 W, 42, 1410 MHz
2026/10/06 15:53:36.943, 1, 00000000:02:00.0, 977 MiB, 40960 MiB, 98 %, 221.16 W, 46, 1410 MHz
2026/10/06 15:53:36.951, 2, 00000000:81:00.0, 977 MiB, 40960 MiB, 100 %, 240.32 W, 48, 1410 MHz
2026/10/06 15:53:36.958, 3, 00000000:82:00.0, 941 MiB, 40960 MiB, 100 %, 234.76 W, 50, 1410 MHz
2026/10/06 15:53:37.965, 0, 00000000:01:00.0, 923 MiB, 40960 MiB, 96 %, 231.46 W, 42, 1410 MHz
2026/10/06 15:53:37.971, 1, 00000000:02:00.0, 977 MiB, 40960 MiB, 98 %, 223.53 W, 45, 1410 MHz
2026/10/06 15:53:37.976, 2, 00000000:81:00.0, 977 MiB, 40960 MiB, 100 %, 229.47 W, 48, 1410 MHz
2026/10/06 15:53:37.984, 3, 00000000:82:00.0, 941 MiB, 40960 MiB, 100 %, 224.23 W, 50, 1395 MHz
2026/10/06 15:53:38.990, 0, 00000000:01:00.0, 923 MiB, 40960 MiB, 97 %, 241.10 W, 42, 1410 MHz
2026/10/06 15:53:38.997, 1, 00000000:02:00.0, 977 MiB, 40960 MiB, 98 %, 224.98 W, 46, 1410 MHz
2026/10/06 15:53:39.002, 2, 00000000:81:00.0, 977 MiB, 40960 MiB, 100 %, 236.06 W, 48, 1410 MHz
2026/10/06 15:53:39.009, 3, 00000000:82:00.0, 941 MiB, 40960 MiB, 100 %, 235.02 W, 50, 1410 MHz
2026/10/06 15:53:40.015, 0, 00000000:01:00.0, 923 MiB, 40960 MiB, 96 %, 227.46 W, 42, 1410 MHz
2026/10/06 15:53:40.022, 1, 00000000:02:00.0, 977 MiB, 40960 MiB, 97 %, 237.67 W, 45, 1410 MHz
2026/10/06 15:53:40.028, 2, 00000000:81:00.0, 977 MiB, 40960 MiB, 99 %, 219.94 W, 48, 1410 MHz
2026/10/06 15:53:40.036, 3, 00000000:82:00.0, 941 MiB, 40960 MiB, 100 %, 242.76 W, 50, 1410 MHz
2026/10/06 15:53:41.043, 0, 00000000:01:00.0, 923 MiB, 40960 MiB, 97 %, 233.56 W, 42, 1410 MHz
2026/10/06 15:53:41.053, 1, 00000000:02:00.0, 977 MiB, 40960 MiB, 97 %, 223.56 W, 45, 1410 MHz
2026/10/06 15:53:41.060, 2, 00000000:81:00.0, 977 MiB, 40960 MiB, 100 %, 252.27 W, 48, 1410 MHz
2026/10/06 15:53:41.066, 3, 00000000:82:00.0, 941 MiB, 40960 MiB, 100 %, 250.87 W, 50, 1410 MHz
2026/10/06 15:53:42.072, 0, 00000000:01:00.0, 923 MiB, 40960 MiB, 97 %, 218.34 W, 42, 1410 MHz
2026/10/06 15:53:42.079, 1, 00000000:02:00.0, 977 MiB, 40960 MiB, 97 %, 229.70 W, 45, 1410 MHz
2026/10/06 15:53:42.087, 2, 00000000:81:00.0, 977 MiB, 40960 MiB, 100 %, 228.32 W, 48, 1410 MHz
2026/10/06 15:53:42.095, 3, 00000000:82:00.0, 941 MiB, 40960 MiB, 100 %, 239.24 W, 50, 1410 MHz
2026/10/06 15:53:43.103, 0, 00000000:01:00.0, 923 MiB, 40960 MiB, 20 %, 68.60 W, 36, 1410 MHz
2026/10/06 15:53:43.108, 1, 00000000:02:00.0, 977 MiB, 40960 MiB, 0 %, 61.21 W, 36, 1410 MHz
2026/10/06 15:53:43.113, 2, 00000000:81:00.0, 977 MiB, 40960 MiB, 0 %, 70.55 W, 41, 1410 MHz
2026/10/06 15:53:43.122, 3, 00000000:82:00.0, 941 MiB, 40960 MiB, 0 %, 67.62 W, 40, 1410 MHz
2026/10/06 15:53:44.128, 0, 00000000:01:00.0, 923 MiB, 40960 MiB, 0 %, 67.91 W, 35, 1410 MHz
2026/10/06 15:53:44.132, 1, 00000000:02:00.0, 977 MiB, 40960 MiB, 0 %, 60.73 W, 35, 1410 MHz
2026/10/06 15:53:44.137, 2, 00000000:81:00.0, 977 MiB, 40960 MiB, 0 %, 69.70 W, 39, 1410 MHz
2026/10/06 15:53:44.142, 3, 00000000:82:00.0, 941 MiB, 40960 MiB, 32 %, 66.94 W, 39, 1410 MHz
2026/10/06 15:53:45.146, 0, 00000000:01:00.0, 923 MiB, 40960 MiB, 0 %, 38.64 W, 33, 270 MHz
2026/10/06 15:53:45.156, 1, 00000000:02:00.0, 977 MiB, 40960 MiB, 0 %, 43.50 W, 34, 300 MHz
2026/10/06 15:53:45.163, 2, 00000000:81:00.0, 977 MiB, 40960 MiB, 0 %, 39.99 W, 37, 615 MHz
2026/10/06 15:53:45.170, 3, 00000000:82:00.0, 941 MiB, 40960 MiB, 0 %, 39.61 W, 36, 750 MHz
2026/10/06 15:53:46.176, 0, 00000000:01:00.0, 923 MiB, 40960 MiB, 0 %, 38.26 W, 33, 210 MHz
2026/10/06 15:53:46.183, 1, 00000000:02:00.0, 977 MiB, 40960 MiB, 0 %, 33.08 W, 33, 210 MHz
2026/10/06 15:53:46.192, 2, 00000000:81:00.0, 977 MiB, 40960 MiB, 0 %, 38.61 W, 37, 390 MHz
2026/10/06 15:53:46.200, 3, 00000000:82:00.0, 941 MiB, 40960 MiB, 0 %, 37.48 W, 35, 480 MHz
2026/10/06 15:53:47.207, 0, 00000000:01:00.0, 923 MiB, 40960 MiB, 0 %, 38.17 W, 32, 210 MHz
2026/10/06 15:53:47.214, 1, 00000000:02:00.0, 977 MiB, 40960 MiB, 0 %, 32.99 W, 32, 210 MHz
2026/10/06 15:53:47.221, 2, 00000000:81:00.0, 977 MiB, 40960 MiB, 0 %, 37.65 W, 36, 255 MHz
2026/10/06 15:53:47.231, 3, 00000000:82:00.0, 941 MiB, 40960 MiB, 0 %, 36.32 W, 35, 270 MHz
2026/10/06 15:53:48.238, 0, 00000000:01:00.0, 923 MiB, 40960 MiB, 0 %, 38.08 W, 32, 210 MHz
2026/10/06 15:53:48.248, 1, 00000000:02:00.0, 977 MiB, 40960 MiB, 0 %, 32.99 W, 32, 210 MHz
2026/10/06 15:53:48.255, 2, 00000000:81:00.0, 977 MiB, 40960 MiB, 0 %, 37.44 W, 35, 210 MHz
2026/10/06 15:53:48.262, 3, 00000000:82:00.0, 941 MiB, 40960 MiB, 0 %, 35.73 W, 34, 210 MHz
2026/10/06 15:53:49.270, 0, 00000000:01:00.0, 923 MiB, 40960 MiB, 0 %, 38.17 W, 32, 210 MHz
2026/10/06 15:53:49.281, 1, 00000000:02:00.0, 977 MiB, 40960 MiB, 0 %, 32.99 W, 32, 210 MHz
2026/10/06 15:53:49.291, 2, 00000000:81:00.0, 977 MiB, 40960 MiB, 0 %, 37.33 W, 35, 210 MHz
2026/10/06 15:53:49.298, 3, 00000000:82:00.0, 941 MiB, 40960 MiB, 0 %, 35.53 W, 34, 210 MHz
2026/10/06 15:53:50.305, 0, 00000000:01:00.0, 923 MiB, 40960 MiB, 0 %, 38.08 W, 32, 210 MHz
2026/10/06 15:53:50.312, 1, 00000000:02:00.0, 977 MiB, 40960 MiB, 0 %, 32.99 W, 32, 210 MHz
2026/10/06 15:53:50.322, 2, 00000000:81:00.0, 977 MiB, 40960 MiB, 0 %, 37.14 W, 34, 210 MHz
2026/10/06 15:53:50.329, 3, 00000000:82:00.0, 941 MiB, 40960 MiB, 0 %, 35.44 W, 33, 210 MHz
2026/10/06 15:53:51.336, 0, 00000000:01:00.0, 4 MiB, 40960 MiB, 0 %, 38.07 W, 32, 225 MHz
2026/10/06 15:53:51.350, 1, 00000000:02:00.0, 4 MiB, 40960 MiB, 0 %, 32.99 W, 32, 225 MHz
2026/10/06 15:53:51.361, 2, 00000000:81:00.0, 4 MiB, 40960 MiB, 1 %, 37.24 W, 34, 240 MHz
2026/10/06 15:53:51.372, 3, 00000000:82:00.0, 4 MiB, 40960 MiB, 1 %, 35.53 W, 33, 210 MHz
2026/10/06 15:53:52.384, 0, 00000000:01:00.0, 4 MiB, 40960 MiB, 0 %, 38.08 W, 32, 225 MHz
2026/10/06 15:53:52.392, 1, 00000000:02:00.0, 4 MiB, 40960 MiB, 0 %, 32.99 W, 32, 225 MHz
2026/10/06 15:53:52.399, 2, 00000000:81:00.0, 4 MiB, 40960 MiB, 0 %, 37.14 W, 34, 240 MHz
2026/10/06 15:53:52.406, 3, 00000000:82:00.0, 4 MiB, 40960 MiB, 0 %, 35.44 W, 33, 210 MHz
2026/10/06 15:53:53.413, 0, 00000000:01:00.0, 4 MiB, 40960 MiB, 0 %, 37.98 W, 32, 210 MHz
2026/10/06 15:53:53.423, 1, 00000000:02:00.0, 4 MiB, 40960 MiB, 0 %, 32.89 W, 32, 210 MHz
2026/10/06 15:53:53.433, 2, 00000000:81:00.0, 4 MiB, 40960 MiB, 0 %, 36.95 W, 34, 210 MHz
2026/10/06 15:53:53.445, 3, 00000000:82:00.0, 4 MiB, 40960 MiB, 0 %, 35.35 W, 33, 210 MHz
2026/10/06 15:53:54.457, 0, 00000000:01:00.0, 4 MiB, 40960 MiB, 0 %, 37.97 W, 32, 210 MHz
2026/10/06 15:53:54.464, 1, 00000000:02:00.0, 4 MiB, 40960 MiB, 0 %, 32.89 W, 32, 210 MHz
2026/10/06 15:53:54.472, 2, 00000000:81:00.0, 4 MiB, 40960 MiB, 0 %, 36.95 W, 34, 210 MHz
2026/10/06 15:53:54.479, 3, 00000000:82:00.0, 4 MiB, 40960 MiB, 0 %, 35.23 W, 33, 210 MHz
2026/10/06 15:53:55.486, 0, 00000000:01:00.0, 4 MiB, 40960 MiB, 0 %, 37.96 W, 32, 210 MHz
2026/10/06 15:53:55.494, 1, 00000000:02:00.0, 4 MiB, 40960 MiB, 0 %, 32.89 W, 32, 210 MHz
2026/10/06 15:53:55.501, 2, 00000000:81:00.0, 4 MiB, 40960 MiB, 0 %, 36.95 W, 33, 210 MHz
2026/10/06 15:53:55.513, 3, 00000000:82:00.0, 4 MiB, 40960 MiB, 0 %, 35.23 W, 33, 210 MHz
2026/10/06 15:53:56.520, 0, 00000000:01:00.0, 4 MiB, 40960 MiB, 0 %, 37.87 W, 32, 210 MHz
2026/10/06 15:53:56.527, 1, 00000000:02:00.0, 4 MiB, 40960 MiB, 0 %, 32.89 W, 32, 210 MHz
2026/10/06 15:53:56.535, 2, 00000000:81:00.0, 4 MiB, 40960 MiB, 0 %, 36.85 W, 33, 210 MHz
2026/10/06 15:53:56.544, 3, 00000000:82:00.0, 4 MiB, 40960 MiB, 0 %, 35.23 W, 33, 210 MHz
2026/10/06 15:53:57.552, 0, 00000000:01:00.0, 4 MiB, 40960 MiB, 0 %, 37.87 W, 32, 210 MHz
2026/10/06 15:53:57.559, 1, 00000000:02:00.0, 4 MiB, 40960 MiB, 0 %, 32.88 W, 32, 210 MHz
2026/10/06 15:53:57.569, 2, 00000000:81:00.0, 4 MiB, 40960 MiB, 0 %, 36.85 W, 33, 210 MHz
2026/10/06 15:53:57.579, 3, 00000000:82:00.0, 4 MiB, 40960 MiB, 0 %, 35.13 W, 33, 210 MHz
2026/10/06 15:53:58.587, 0, 00000000:01:00.0, 1484 MiB, 40960 MiB, 0 %, 45.27 W, 32, 1050 MHz
2026/10/06 15:53:58.599, 1, 00000000:02:00.0, 26 MiB, 40960 MiB, 1 %, 37.47 W, 32, 900 MHz
2026/10/06 15:53:58.614, 2, 00000000:81:00.0, 4 MiB, 40960 MiB, 0 %, 36.75 W, 33, 210 MHz
2026/10/06 15:53:58.628, 3, 00000000:82:00.0, 4 MiB, 40960 MiB, 0 %, 35.23 W, 33, 210 MHz
2026/10/06 15:53:59.639, 0, 00000000:01:00.0, 1484 MiB, 40960 MiB, 0 %, 45.26 W, 32, 1050 MHz
2026/10/06 15:53:59.645, 1, 00000000:02:00.0, 1471 MiB, 40960 MiB, 0 %, 37.73 W, 32, 900 MHz
2026/10/06 15:53:59.651, 2, 00000000:81:00.0, 1471 MiB, 40960 MiB, 0 %, 43.29 W, 33, 1035 MHz
2026/10/06 15:53:59.656, 3, 00000000:82:00.0, 1471 MiB, 40960 MiB, 6 %, 47.99 W, 33, 1185 MHz
2026/10/06 15:54:00.661, 0, 00000000:01:00.0, 1484 MiB, 40960 MiB, 0 %, 41.85 W, 32, 765 MHz
2026/10/06 15:54:00.672, 1, 00000000:02:00.0, 1471 MiB, 40960 MiB, 0 %, 36.47 W, 32, 765 MHz
2026/10/06 15:54:00.681, 2, 00000000:81:00.0, 1471 MiB, 40960 MiB, 0 %, 43.28 W, 33, 1035 MHz
2026/10/06 15:54:00.691, 3, 00000000:82:00.0, 1471 MiB, 40960 MiB, 0 %, 48.09 W, 33, 1185 MHz
2026/10/06 15:54:01.699, 0, 00000000:01:00.0, 1484 MiB, 40960 MiB, 0 %, 41.64 W, 32, 765 MHz
2026/10/06 15:54:01.705, 1, 00000000:02:00.0, 1471 MiB, 40960 MiB, 0 %, 36.55 W, 32, 765 MHz
2026/10/06 15:54:01.711, 2, 00000000:81:00.0, 1471 MiB, 40960 MiB, 0 %, 40.37 W, 33, 765 MHz
2026/10/06 15:54:01.719, 3, 00000000:82:00.0, 1471 MiB, 40960 MiB, 0 %, 39.03 W, 33, 765 MHz
2026/10/06 15:54:02.726, 0, 00000000:01:00.0, 1484 MiB, 40960 MiB, 0 %, 37.95 W, 32, 210 MHz
2026/10/06 15:54:02.736, 1, 00000000:02:00.0, 1471 MiB, 40960 MiB, 0 %, 32.88 W, 32, 210 MHz
2026/10/06 15:54:02.747, 2, 00000000:81:00.0, 1471 MiB, 40960 MiB, 0 %, 36.75 W, 33, 210 MHz
2026/10/06 15:54:02.757, 3, 00000000:82:00.0, 1471 MiB, 40960 MiB, 0 %, 39.04 W, 33, 765 MHz
2026/10/06 15:54:03.767, 0, 00000000:01:00.0, 1476 MiB, 40960 MiB, 6 %, 37.98 W, 32, 210 MHz
2026/10/06 15:54:03.774, 1, 00000000:02:00.0, 1471 MiB, 40960 MiB, 0 %, 32.78 W, 32, 210 MHz
2026/10/06 15:54:03.781, 2, 00000000:81:00.0, 1471 MiB, 40960 MiB, 0 %, 36.75 W, 33, 210 MHz
2026/10/06 15:54:03.789, 3, 00000000:82:00.0, 1471 MiB, 40960 MiB, 0 %, 35.22 W, 32, 210 MHz
2026/10/06 15:54:04.796, 0, 00000000:01:00.0, 1476 MiB, 40960 MiB, 0 %, 37.87 W, 32, 210 MHz
2026/10/06 15:54:04.806, 1, 00000000:02:00.0, 1471 MiB, 40960 MiB, 0 %, 32.89 W, 32, 210 MHz
2026/10/06 15:54:04.817, 2, 00000000:81:00.0, 1471 MiB, 40960 MiB, 0 %, 36.76 W, 33, 210 MHz
2026/10/06 15:54:04.827, 3, 00000000:82:00.0, 1471 MiB, 40960 MiB, 0 %, 35.24 W, 32, 210 MHz
2026/10/06 15:54:05.838, 0, 00000000:01:00.0, 1476 MiB, 40960 MiB, 0 %, 37.87 W, 32, 210 MHz
2026/10/06 15:54:05.848, 1, 00000000:02:00.0, 1471 MiB, 40960 MiB, 0 %, 32.89 W, 32, 210 MHz
2026/10/06 15:54:05.855, 2, 00000000:81:00.0, 1471 MiB, 40960 MiB, 0 %, 36.67 W, 33, 210 MHz
2026/10/06 15:54:05.863, 3, 00000000:82:00.0, 1471 MiB, 40960 MiB, 0 %, 35.25 W, 32, 210 MHz
2026/10/06 15:54:06.870, 0, 00000000:01:00.0, 1476 MiB, 40960 MiB, 0 %, 37.87 W, 32, 210 MHz
2026/10/06 15:54:06.881, 1, 00000000:02:00.0, 1471 MiB, 40960 MiB, 0 %, 32.89 W, 32, 210 MHz
2026/10/06 15:54:06.892, 2, 00000000:81:00.0, 1471 MiB, 40960 MiB, 0 %, 36.76 W, 33, 210 MHz
2026/10/06 15:54:06.903, 3, 00000000:82:00.0, 1471 MiB, 40960 MiB, 0 %, 35.16 W, 32, 210 MHz
2026/10/06 15:54:07.914, 0, 00000000:01:00.0, 1476 MiB, 40960 MiB, 0 %, 37.98 W, 32, 210 MHz
2026/10/06 15:54:07.923, 1, 00000000:02:00.0, 1463 MiB, 40960 MiB, 0 %, 32.89 W, 32, 210 MHz
2026/10/06 15:54:07.930, 2, 00000000:81:00.0, 1471 MiB, 40960 MiB, 0 %, 36.66 W, 33, 210 MHz
2026/10/06 15:54:07.937, 3, 00000000:82:00.0, 1471 MiB, 40960 MiB, 0 %, 35.24 W, 32, 210 MHz
2026/10/06 15:54:08.944, 0, 00000000:01:00.0, 1476 MiB, 40960 MiB, 0 %, 37.87 W, 32, 210 MHz
2026/10/06 15:54:08.952, 1, 00000000:02:00.0, 1463 MiB, 40960 MiB, 0 %, 32.78 W, 32, 210 MHz
2026/10/06 15:54:08.960, 2, 00000000:81:00.0, 1471 MiB, 40960 MiB, 0 %, 36.75 W, 33, 210 MHz
2026/10/06 15:54:08.967, 3, 00000000:82:00.0, 1471 MiB, 40960 MiB, 0 %, 35.14 W, 32, 210 MHz
2026/10/06 15:54:09.975, 0, 00000000:01:00.0, 1476 MiB, 40960 MiB, 0 %, 37.98 W, 32, 210 MHz
2026/10/06 15:54:09.982, 1, 00000000:02:00.0, 1463 MiB, 40960 MiB, 0 %, 32.89 W, 32, 210 MHz
2026/10/06 15:54:09.989, 2, 00000000:81:00.0, 1471 MiB, 40960 MiB, 0 %, 36.76 W, 33, 210 MHz
2026/10/06 15:54:09.997, 3, 00000000:82:00.0, 1471 MiB, 40960 MiB, 0 %, 35.14 W, 32, 210 MHz
2026/10/06 15:54:11.004, 0, 00000000:01:00.0, 1476 MiB, 40960 MiB, 0 %, 37.97 W, 32, 210 MHz
2026/10/06 15:54:11.012, 1, 00000000:02:00.0, 1463 MiB, 40960 MiB, 0 %, 32.89 W, 32, 210 MHz
2026/10/06 15:54:11.020, 2, 00000000:81:00.0, 1463 MiB, 40960 MiB, 8 %, 38.03 W, 33, 210 MHz
2026/10/06 15:54:11.029, 3, 00000000:82:00.0, 1471 MiB, 40960 MiB, 0 %, 35.25 W, 32, 210 MHz
2026/10/06 15:54:12.040, 0, 00000000:01:00.0, 1476 MiB, 40960 MiB, 0 %, 37.98 W, 32, 210 MHz
2026/10/06 15:54:12.050, 1, 00000000:02:00.0, 1463 MiB, 40960 MiB, 0 %, 32.89 W, 32, 210 MHz
2026/10/06 15:54:12.058, 2, 00000000:81:00.0, 1463 MiB, 40960 MiB, 0 %, 36.75 W, 33, 210 MHz
2026/10/06 15:54:12.065, 3, 00000000:82:00.0, 1471 MiB, 40960 MiB, 0 %, 35.13 W, 32, 210 MHz
2026/10/06 15:54:13.072, 0, 00000000:01:00.0, 1476 MiB, 40960 MiB, 0 %, 37.88 W, 32, 210 MHz
2026/10/06 15:54:13.080, 1, 00000000:02:00.0, 1463 MiB, 40960 MiB, 0 %, 32.89 W, 32, 210 MHz
2026/10/06 15:54:13.087, 2, 00000000:81:00.0, 1463 MiB, 40960 MiB, 0 %, 36.75 W, 33, 210 MHz
2026/10/06 15:54:13.095, 3, 00000000:82:00.0, 1471 MiB, 40960 MiB, 0 %, 35.14 W, 32, 210 MHz
2026/10/06 15:54:14.102, 0, 00000000:01:00.0, 1476 MiB, 40960 MiB, 0 %, 37.98 W, 32, 210 MHz
2026/10/06 15:54:14.109, 1, 00000000:02:00.0, 1463 MiB, 40960 MiB, 0 %, 32.89 W, 32, 210 MHz
2026/10/06 15:54:14.116, 2, 00000000:81:00.0, 1463 MiB, 40960 MiB, 0 %, 36.66 W, 33, 210 MHz
2026/10/06 15:54:14.123, 3, 00000000:82:00.0, 1471 MiB, 40960 MiB, 0 %, 35.24 W, 32, 210 MHz
2026/10/06 15:54:15.130, 0, 00000000:01:00.0, 1476 MiB, 40960 MiB, 40 %, 37.96 W, 32, 210 MHz
2026/10/06 15:54:15.138, 1, 00000000:02:00.0, 1463 MiB, 40960 MiB, 54 %, 35.02 W, 32, 285 MHz
2026/10/06 15:54:15.145, 2, 00000000:81:00.0, 1463 MiB, 40960 MiB, 0 %, 55.21 W, 33, 210 MHz
2026/10/06 15:54:15.154, 3, 00000000:82:00.0, 1464 MiB, 40960 MiB, 1 %, 35.13 W, 32, 210 MHz
2026/10/06 15:54:16.162, 0, 00000000:01:00.0, 1476 MiB, 40960 MiB, 100 %, 244.80 W, 38, 1410 MHz
2026/10/06 15:54:16.167, 1, 00000000:02:00.0, 1463 MiB, 40960 MiB, 100 %, 239.20 W, 40, 1410 MHz
2026/10/06 15:54:16.176, 2, 00000000:81:00.0, 1463 MiB, 40960 MiB, 88 %, 231.58 W, 39, 1410 MHz
2026/10/06 15:54:16.182, 3, 00000000:82:00.0, 1464 MiB, 40960 MiB, 85 %, 233.37 W, 41, 1410 MHz
2026/10/06 15:54:17.188, 0, 00000000:01:00.0, 1476 MiB, 40960 MiB, 100 %, 234.55 W, 40, 1410 MHz
2026/10/06 15:54:17.194, 1, 00000000:02:00.0, 1463 MiB, 40960 MiB, 100 %, 234.84 W, 43, 1410 MHz
2026/10/06 15:54:17.199, 2, 00000000:81:00.0, 1463 MiB, 40960 MiB, 99 %, 235.19 W, 42, 1410 MHz
2026/10/06 15:54:17.205, 3, 00000000:82:00.0, 1464 MiB, 40960 MiB, 99 %, 238.66 W, 44, 1410 MHz
2026/10/06 15:54:18.211, 0, 00000000:01:00.0, 1476 MiB, 40960 MiB, 100 %, 244.81 W, 41, 1410 MHz
2026/10/06 15:54:18.220, 1, 00000000:02:00.0, 1463 MiB, 40960 MiB, 100 %, 232.63 W, 44, 1410 MHz
2026/10/06 15:54:18.227, 2, 00000000:81:00.0, 1463 MiB, 40960 MiB, 99 %, 244.86 W, 43, 1410 MHz
2026/10/06 15:54:18.235, 3, 00000000:82:00.0, 1464 MiB, 40960 MiB, 98 %, 251.05 W, 46, 1410 MHz
2026/10/06 15:54:19.243, 0, 00000000:01:00.0, 1476 MiB, 40960 MiB, 100 %, 241.53 W, 42, 1410 MHz
2026/10/06 15:54:19.249, 1, 00000000:02:00.0, 1463 MiB, 40960 MiB, 100 %, 225.37 W, 44, 1410 MHz
2026/10/06 15:54:19.255, 2, 00000000:81:00.0, 1463 MiB, 40960 MiB, 99 %, 249.05 W, 44, 1410 MHz
2026/10/06 15:54:19.261, 3, 00000000:82:00.0, 1464 MiB, 40960 MiB, 99 %, 250.68 W, 47, 1410 MHz
2026/10/06 15:54:20.267, 0, 00000000:01:00.0, 1476 MiB, 40960 MiB, 100 %, 236.71 W, 42, 1410 MHz
2026/10/06 15:54:20.273, 1, 00000000:02:00.0, 1463 MiB, 40960 MiB, 100 %, 237.29 W, 45, 1410 MHz
2026/10/06 15:54:20.279, 2, 00000000:81:00.0, 1463 MiB, 40960 MiB, 98 %, 244.67 W, 45, 1410 MHz
2026/10/06 15:54:20.286, 3, 00000000:82:00.0, 1464 MiB, 40960 MiB, 98 %, 248.66 W, 48, 1410 MHz
2026/10/06 15:54:21.294, 0, 00000000:01:00.0, 1476 MiB, 40960 MiB, 100 %, 244.45 W, 42, 1410 MHz
2026/10/06 15:54:21.300, 1, 00000000:02:00.0, 1463 MiB, 40960 MiB, 100 %, 238.82 W, 45, 1410 MHz
2026/10/06 15:54:21.306, 2, 00000000:81:00.0, 1463 MiB, 40960 MiB, 99 %, 246.58 W, 45, 1410 MHz
2026/10/06 15:54:21.311, 3, 00000000:82:00.0, 1464 MiB, 40960 MiB, 98 %, 239.44 W, 48, 1410 MHz
2026/10/06 15:54:22.320, 0, 00000000:01:00.0, 1476 MiB, 40960 MiB, 100 %, 245.84 W, 42, 1410 MHz
2026/10/06 15:54:22.334, 1, 00000000:02:00.0, 1463 MiB, 40960 MiB, 100 %, 231.22 W, 45, 1410 MHz
2026/10/06 15:54:22.341, 2, 00000000:81:00.0, 1463 MiB, 40960 MiB, 99 %, 241.26 W, 46, 1410 MHz
2026/10/06 15:54:22.350, 3, 00000000:82:00.0, 1464 MiB, 40960 MiB, 98 %, 252.97 W, 49, 1410 MHz
2026/10/06 15:54:23.358, 0, 00000000:01:00.0, 1476 MiB, 40960 MiB, 100 %, 237.45 W, 42, 1410 MHz
2026/10/06 15:54:23.363, 1, 00000000:02:00.0, 1463 MiB, 40960 MiB, 100 %, 237.02 W, 45, 1410 MHz
2026/10/06 15:54:23.369, 2, 00000000:81:00.0, 1463 MiB, 40960 MiB, 99 %, 248.79 W, 46, 1410 MHz
2026/10/06 15:54:23.375, 3, 00000000:82:00.0, 1464 MiB, 40960 MiB, 99 %, 254.21 W, 49, 1410 MHz
2026/10/06 15:54:24.381, 0, 00000000:01:00.0, 1476 MiB, 40960 MiB, 100 %, 246.41 W, 43, 1410 MHz
2026/10/06 15:54:24.386, 1, 00000000:02:00.0, 1463 MiB, 40960 MiB, 100 %, 235.24 W, 45, 1410 MHz
2026/10/06 15:54:24.392, 2, 00000000:81:00.0, 1463 MiB, 40960 MiB, 98 %, 246.37 W, 47, 1410 MHz
2026/10/06 15:54:24.398, 3, 00000000:82:00.0, 1464 MiB, 40960 MiB, 99 %, 245.21 W, 49, 1410 MHz
2026/10/06 15:54:25.404, 0, 00000000:01:00.0, 1476 MiB, 40960 MiB, 100 %, 246.71 W, 43, 1410 MHz
2026/10/06 15:54:25.410, 1, 00000000:02:00.0, 1463 MiB, 40960 MiB, 100 %, 232.63 W, 46, 1410 MHz
2026/10/06 15:54:25.416, 2, 00000000:81:00.0, 1463 MiB, 40960 MiB, 99 %, 241.33 W, 47, 1410 MHz
2026/10/06 15:54:25.422, 3, 00000000:82:00.0, 1464 MiB, 40960 MiB, 98 %, 253.26 W, 49, 1410 MHz
2026/10/06 15:54:26.428, 0, 00000000:01:00.0, 42 MiB, 40960 MiB, 75 %, 74.07 W, 38, 1410 MHz
2026/10/06 15:54:26.437, 1, 00000000:02:00.0, 729 MiB, 40960 MiB, 53 %, 62.51 W, 39, 1410 MHz
2026/10/06 15:54:26.446, 2, 00000000:81:00.0, 1463 MiB, 40960 MiB, 72 %, 71.83 W, 42, 1410 MHz
2026/10/06 15:54:26.455, 3, 00000000:82:00.0, 1464 MiB, 40960 MiB, 75 %, 69.26 W, 43, 1410 MHz
2026/10/06 15:54:27.465, 0, 00000000:01:00.0, 4 MiB, 40960 MiB, 0 %, 69.74 W, 35, 1410 MHz
2026/10/06 15:54:27.469, 1, 00000000:02:00.0, 4 MiB, 40960 MiB, 0 %, 61.01 W, 36, 1410 MHz
2026/10/06 15:54:27.474, 2, 00000000:81:00.0, 4 MiB, 40960 MiB, 0 %, 69.70 W, 39, 1410 MHz
2026/10/06 15:54:27.479, 3, 00000000:82:00.0, 4 MiB, 40960 MiB, 0 %, 67.05 W, 39, 1410 MHz
2026/10/06 15:54:28.485, 0, 00000000:01:00.0, 4 MiB, 40960 MiB, 0 %, 38.93 W, 34, 330 MHz
2026/10/06 15:54:28.492, 1, 00000000:02:00.0, 4 MiB, 40960 MiB, 0 %, 33.94 W, 34, 345 MHz
2026/10/06 15:54:28.499, 2, 00000000:81:00.0, 4 MiB, 40960 MiB, 0 %, 38.82 W, 37, 360 MHz
2026/10/06 15:54:28.506, 3, 00000000:82:00.0, 4 MiB, 40960 MiB, 0 %, 37.38 W, 37, 450 MHz
2026/10/06 15:54:29.513, 0, 00000000:01:00.0, 4 MiB, 40960 MiB, 0 %, 38.46 W, 33, 210 MHz
2026/10/06 15:54:29.525, 1, 00000000:02:00.0, 4 MiB, 40960 MiB, 0 %, 33.18 W, 33, 225 MHz
2026/10/06 15:54:29.535, 2, 00000000:81:00.0, 4 MiB, 40960 MiB, 0 %, 37.74 W, 36, 210 MHz
2026/10/06 15:54:29.548, 3, 00000000:82:00.0, 4 MiB, 40960 MiB, 0 %, 36.50 W, 35, 270 MHz
2026/10/06 15:54:30.559, 0, 00000000:01:00.0, 4 MiB, 40960 MiB, 0 %, 38.25 W, 32, 210 MHz
2026/10/06 15:54:30.568, 1, 00000000:02:00.0, 4 MiB, 40960 MiB, 0 %, 33.07 W, 32, 210 MHz
2026/10/06 15:54:30.575, 2, 00000000:81:00.0, 4 MiB, 40960 MiB, 0 %, 37.65 W, 36, 210 MHz
2026/10/06 15:54:30.633, 3, 00000000:82:00.0, 4 MiB, 40960 MiB, 0 %, 35.82 W, 35, 210 MHz
2026/10/06 15:54:31.640, 0, 00000000:01:00.0, 4 MiB, 40960 MiB, 0 %, 38.16 W, 32, 210 MHz
2026/10/06 15:54:31.651, 1, 00000000:02:00.0, 4 MiB, 40960 MiB, 0 %, 32.99 W, 32, 210 MHz
2026/10/06 15:54:31.662, 2, 00000000:81:00.0, 4 MiB, 40960 MiB, 0 %, 37.44 W, 35, 210 MHz
2026/10/06 15:54:31.675, 3, 00000000:82:00.0, 4 MiB, 40960 MiB, 0 %, 35.73 W, 34, 210 MHz
2026/10/06 15:54:32.689, 0, 00000000:01:00.0, 4 MiB, 40960 MiB, 0 %, 38.07 W, 32, 210 MHz
2026/10/06 15:54:32.696, 1, 00000000:02:00.0, 4 MiB, 40960 MiB, 0 %, 32.99 W, 32, 210 MHz
2026/10/06 15:54:32.704, 2, 00000000:81:00.0, 4 MiB, 40960 MiB, 0 %, 37.33 W, 35, 210 MHz
2026/10/06 15:54:32.711, 3, 00000000:82:00.0, 4 MiB, 40960 MiB, 0 %, 35.53 W, 34, 210 MHz
2026/10/06 15:54:33.718, 0, 00000000:01:00.0, 4 MiB, 40960 MiB, 0 %, 38.16 W, 32, 210 MHz
2026/10/06 15:54:33.732, 1, 00000000:02:00.0, 4 MiB, 40960 MiB, 0 %, 32.99 W, 32, 210 MHz
2026/10/06 15:54:33.743, 2, 00000000:81:00.0, 4 MiB, 40960 MiB, 0 %, 37.24 W, 34, 210 MHz
2026/10/06 15:54:33.753, 3, 00000000:82:00.0, 4 MiB, 40960 MiB, 0 %, 35.44 W, 33, 210 MHz
2026/10/06 15:54:34.768, 0, 00000000:01:00.0, 1470 MiB, 40960 MiB, 0 %, 55.59 W, 32, 1260 MHz
2026/10/06 15:54:34.774, 1, 00000000:02:00.0, 4 MiB, 40960 MiB, 0 %, 32.88 W, 32, 210 MHz
2026/10/06 15:54:34.782, 2, 00000000:81:00.0, 4 MiB, 40960 MiB, 0 %, 37.12 W, 34, 210 MHz
2026/10/06 15:54:34.789, 3, 00000000:82:00.0, 4 MiB, 40960 MiB, 0 %, 35.42 W, 33, 210 MHz
2026/10/06 15:54:35.796, 0, 00000000:01:00.0, 1470 MiB, 40960 MiB, 0 %, 55.68 W, 33, 1260 MHz
2026/10/06 15:54:35.801, 1, 00000000:02:00.0, 1471 MiB, 40960 MiB, 2 %, 38.23 W, 32, 930 MHz
2026/10/06 15:54:35.809, 2, 00000000:81:00.0, 4 MiB, 40960 MiB, 0 %, 36.93 W, 34, 210 MHz
2026/10/06 15:54:35.816, 3, 00000000:82:00.0, 4 MiB, 40960 MiB, 0 %, 35.23 W, 33, 210 MHz
2026/10/06 15:54:36.823, 0, 00000000:01:00.0, 1470 MiB, 40960 MiB, 0 %, 41.85 W, 32, 765 MHz
2026/10/06 15:54:36.831, 1, 00000000:02:00.0, 1471 MiB, 40960 MiB, 0 %, 38.25 W, 32, 930 MHz
2026/10/06 15:54:36.837, 2, 00000000:81:00.0, 9 MiB, 40960 MiB, 0 %, 39.39 W, 33, 765 MHz
2026/10/06 15:54:36.845, 3, 00000000:82:00.0, 4 MiB, 40960 MiB, 0 %, 35.43 W, 33, 210 MHz
2026/10/06 15:54:37.872, 0, 00000000:01:00.0, 1470 MiB, 40960 MiB, 0 %, 41.85 W, 32, 765 MHz
2026/10/06 15:54:37.881, 1, 00000000:02:00.0, 1471 MiB, 40960 MiB, 0 %, 36.56 W, 32, 765 MHz
2026/10/06 15:54:37.887, 2, 00000000:81:00.0, 1478 MiB, 40960 MiB, 0 %, 45.64 W, 34, 1095 MHz
2026/10/06 15:54:37.893, 3, 00000000:82:00.0, 4 MiB, 40960 MiB, 0 %, 35.23 W, 33, 210 MHz
2026/10/06 15:54:38.903, 0, 00000000:01:00.0, 1470 MiB, 40960 MiB, 0 %, 37.96 W, 32, 210 MHz
2026/10/06 15:54:38.911, 1, 00000000:02:00.0, 1471 MiB, 40960 MiB, 0 %, 36.58 W, 32, 765 MHz
2026/10/06 15:54:38.917, 2, 00000000:81:00.0, 1478 MiB, 40960 MiB, 0 %, 41.91 W, 33, 765 MHz
2026/10/06 15:54:38.926, 3, 00000000:82:00.0, 1478 MiB, 40960 MiB, 0 %, 40.88 W, 33, 930 MHz
2026/10/06 15:54:39.931, 0, 00000000:01:00.0, 1470 MiB, 40960 MiB, 0 %, 37.96 W, 32, 210 MHz
2026/10/06 15:54:39.939, 1, 00000000:02:00.0, 1471 MiB, 40960 MiB, 0 %, 32.87 W, 32, 210 MHz
2026/10/06 15:54:39.949, 2, 00000000:81:00.0, 1478 MiB, 40960 MiB, 0 %, 40.37 W, 33, 765 MHz
2026/10/06 15:54:39.960, 3, 00000000:82:00.0, 1478 MiB, 40960 MiB, 0 %, 40.69 W, 33, 930 MHz
2026/10/06 15:54:40.970, 0, 00000000:01:00.0, 1470 MiB, 40960 MiB, 0 %, 37.96 W, 32, 210 MHz
2026/10/06 15:54:40.977, 1, 00000000:02:00.0, 1471 MiB, 40960 MiB, 0 %, 32.78 W, 32, 210 MHz
2026/10/06 15:54:40.986, 2, 00000000:81:00.0, 1478 MiB, 40960 MiB, 0 %, 36.75 W, 33, 210 MHz
2026/10/06 15:54:40.993, 3, 00000000:82:00.0, 1478 MiB, 40960 MiB, 0 %, 39.04 W, 33, 765 MHz
2026/10/06 15:54:42.000, 0, 00000000:01:00.0, 1470 MiB, 40960 MiB, 0 %, 37.96 W, 32, 210 MHz
2026/10/06 15:54:42.008, 1, 00000000:02:00.0, 1471 MiB, 40960 MiB, 0 %, 32.87 W, 32, 210 MHz
2026/10/06 15:54:42.017, 2, 00000000:81:00.0, 1478 MiB, 40960 MiB, 0 %, 36.85 W, 33, 210 MHz
2026/10/06 15:54:42.030, 3, 00000000:82:00.0, 1478 MiB, 40960 MiB, 0 %, 38.94 W, 33, 765 MHz
2026/10/06 15:54:43.046, 0, 00000000:01:00.0, 1463 MiB, 40960 MiB, 9 %, 37.96 W, 32, 210 MHz
2026/10/06 15:54:43.057, 1, 00000000:02:00.0, 1471 MiB, 40960 MiB, 0 %, 32.78 W, 32, 210 MHz
2026/10/06 15:54:43.064, 2, 00000000:81:00.0, 1478 MiB, 40960 MiB, 0 %, 36.75 W, 33, 210 MHz
2026/10/06 15:54:43.072, 3, 00000000:82:00.0, 1478 MiB, 40960 MiB, 0 %, 35.24 W, 32, 210 MHz
2026/10/06 15:54:44.079, 0, 00000000:01:00.0, 1463 MiB, 40960 MiB, 0 %, 37.95 W, 32, 210 MHz
2026/10/06 15:54:44.088, 1, 00000000:02:00.0, 1471 MiB, 40960 MiB, 0 %, 32.88 W, 32, 210 MHz
2026/10/06 15:54:44.095, 2, 00000000:81:00.0, 1478 MiB, 40960 MiB, 0 %, 36.66 W, 33, 210 MHz
2026/10/06 15:54:44.104, 3, 00000000:82:00.0, 1478 MiB, 40960 MiB, 0 %, 35.24 W, 32, 210 MHz
2026/10/06 15:54:45.112, 0, 00000000:01:00.0, 1463 MiB, 40960 MiB, 0 %, 37.98 W, 32, 210 MHz
2026/10/06 15:54:45.119, 1, 00000000:02:00.0, 1471 MiB, 40960 MiB, 0 %, 32.78 W, 32, 210 MHz
2026/10/06 15:54:45.126, 2, 00000000:81:00.0, 1478 MiB, 40960 MiB, 0 %, 36.75 W, 33, 210 MHz
2026/10/06 15:54:45.133, 3, 00000000:82:00.0, 1478 MiB, 40960 MiB, 0 %, 35.25 W, 32, 210 MHz
2026/10/06 15:54:46.141, 0, 00000000:01:00.0, 1463 MiB, 40960 MiB, 0 %, 37.96 W, 32, 210 MHz
2026/10/06 15:54:46.148, 1, 00000000:02:00.0, 1471 MiB, 40960 MiB, 0 %, 32.78 W, 32, 210 MHz
2026/10/06 15:54:46.155, 2, 00000000:81:00.0, 1478 MiB, 40960 MiB, 0 %, 36.75 W, 33, 210 MHz
2026/10/06 15:54:46.162, 3, 00000000:82:00.0, 1478 MiB, 40960 MiB, 0 %, 35.25 W, 32, 210 MHz
2026/10/06 15:54:47.173, 0, 00000000:01:00.0, 1463 MiB, 40960 MiB, 0 %, 37.87 W, 32, 210 MHz
2026/10/06 15:54:47.180, 1, 00000000:02:00.0, 1463 MiB, 40960 MiB, 0 %, 32.90 W, 32, 210 MHz
2026/10/06 15:54:47.189, 2, 00000000:81:00.0, 1478 MiB, 40960 MiB, 0 %, 36.67 W, 33, 210 MHz
2026/10/06 15:54:47.197, 3, 00000000:82:00.0, 1478 MiB, 40960 MiB, 0 %, 35.25 W, 32, 210 MHz
2026/10/06 15:54:48.204, 0, 00000000:01:00.0, 1463 MiB, 40960 MiB, 0 %, 38.08 W, 32, 210 MHz
2026/10/06 15:54:48.212, 1, 00000000:02:00.0, 1463 MiB, 40960 MiB, 0 %, 32.89 W, 32, 210 MHz
2026/10/06 15:54:48.219, 2, 00000000:81:00.0, 1478 MiB, 40960 MiB, 0 %, 36.76 W, 33, 210 MHz
2026/10/06 15:54:48.226, 3, 00000000:82:00.0, 1478 MiB, 40960 MiB, 0 %, 35.16 W, 32, 210 MHz
2026/10/06 15:54:49.234, 0, 00000000:01:00.0, 1463 MiB, 40960 MiB, 0 %, 37.98 W, 32, 210 MHz
2026/10/06 15:54:49.242, 1, 00000000:02:00.0, 1463 MiB, 40960 MiB, 0 %, 32.79 W, 32, 210 MHz
2026/10/06 15:54:49.250, 2, 00000000:81:00.0, 1478 MiB, 40960 MiB, 0 %, 36.76 W, 33, 210 MHz
2026/10/06 15:54:49.257, 3, 00000000:82:00.0, 1478 MiB, 40960 MiB, 0 %, 35.25 W, 32, 210 MHz
2026/10/06 15:54:50.265, 0, 00000000:01:00.0, 1463 MiB, 40960 MiB, 0 %, 37.97 W, 32, 210 MHz
2026/10/06 15:54:50.272, 1, 00000000:02:00.0, 1463 MiB, 40960 MiB, 0 %, 32.89 W, 32, 210 MHz
2026/10/06 15:54:50.279, 2, 00000000:81:00.0, 1470 MiB, 40960 MiB, 6 %, 36.67 W, 33, 210 MHz
2026/10/06 15:54:50.291, 3, 00000000:82:00.0, 1478 MiB, 40960 MiB, 0 %, 35.16 W, 32, 210 MHz
2026/10/06 15:54:51.299, 0, 00000000:01:00.0, 1463 MiB, 40960 MiB, 0 %, 37.97 W, 32, 210 MHz
2026/10/06 15:54:51.306, 1, 00000000:02:00.0, 1463 MiB, 40960 MiB, 0 %, 32.90 W, 32, 210 MHz
2026/10/06 15:54:51.313, 2, 00000000:81:00.0, 1470 MiB, 40960 MiB, 0 %, 36.67 W, 33, 210 MHz
2026/10/06 15:54:51.321, 3, 00000000:82:00.0, 1478 MiB, 40960 MiB, 0 %, 35.25 W, 32, 210 MHz
2026/10/06 15:54:52.331, 0, 00000000:01:00.0, 1463 MiB, 40960 MiB, 0 %, 37.98 W, 32, 210 MHz
2026/10/06 15:54:52.338, 1, 00000000:02:00.0, 1463 MiB, 40960 MiB, 0 %, 32.88 W, 32, 210 MHz
2026/10/06 15:54:52.347, 2, 00000000:81:00.0, 1470 MiB, 40960 MiB, 0 %, 36.67 W, 33, 210 MHz
2026/10/06 15:54:52.354, 3, 00000000:82:00.0, 1478 MiB, 40960 MiB, 0 %, 35.16 W, 32, 210 MHz
2026/10/06 15:54:53.361, 0, 00000000:01:00.0, 1463 MiB, 40960 MiB, 0 %, 37.98 W, 32, 210 MHz
2026/10/06 15:54:53.375, 1, 00000000:02:00.0, 1463 MiB, 40960 MiB, 0 %, 32.88 W, 32, 210 MHz
2026/10/06 15:54:53.395, 2, 00000000:81:00.0, 1470 MiB, 40960 MiB, 0 %, 36.66 W, 33, 210 MHz
2026/10/06 15:54:53.409, 3, 00000000:82:00.0, 1471 MiB, 40960 MiB, 0 %, 35.54 W, 32, 210 MHz
2026/10/06 15:54:54.429, 0, 00000000:01:00.0, 1463 MiB, 40960 MiB, 100 %, 80.19 W, 33, 765 MHz
2026/10/06 15:54:54.441, 1, 00000000:02:00.0, 1463 MiB, 40960 MiB, 100 %, 96.10 W, 34, 900 MHz
2026/10/06 15:54:54.448, 2, 00000000:81:00.0, 1470 MiB, 40960 MiB, 100 %, 93.87 W, 34, 765 MHz
2026/10/06 15:54:54.455, 3, 00000000:82:00.0, 1471 MiB, 40960 MiB, 100 %, 99.83 W, 34, 765 MHz
2026/10/06 15:54:55.463, 0, 00000000:01:00.0, 1463 MiB, 40960 MiB, 100 %, 241.36 W, 40, 1410 MHz
2026/10/06 15:54:55.473, 1, 00000000:02:00.0, 1463 MiB, 40960 MiB, 100 %, 236.01 W, 42, 1410 MHz
2026/10/06 15:54:55.479, 2, 00000000:81:00.0, 1470 MiB, 40960 MiB, 100 %, 240.99 W, 41, 1410 MHz
2026/10/06 15:54:55.486, 3, 00000000:82:00.0, 1471 MiB, 40960 MiB, 100 %, 245.91 W, 44, 1410 MHz
2026/10/06 15:54:56.493, 0, 00000000:01:00.0, 1463 MiB, 40960 MiB, 100 %, 244.13 W, 41, 1410 MHz
2026/10/06 15:54:56.501, 1, 00000000:02:00.0, 1463 MiB, 40960 MiB, 100 %, 236.60 W, 44, 1410 MHz
2026/10/06 15:54:56.509, 2, 00000000:81:00.0, 1470 MiB, 40960 MiB, 100 %, 244.65 W, 43, 1410 MHz
2026/10/06 15:54:56.516, 3, 00000000:82:00.0, 1471 MiB, 40960 MiB, 100 %, 252.21 W, 45, 1410 MHz
2026/10/06 15:54:57.522, 0, 00000000:01:00.0, 1463 MiB, 40960 MiB, 100 %, 236.47 W, 42, 1410 MHz
2026/10/06 15:54:57.528, 1, 00000000:02:00.0, 1463 MiB, 40960 MiB, 100 %, 237.66 W, 44, 1410 MHz
2026/10/06 15:54:57.533, 2, 00000000:81:00.0, 1470 MiB, 40960 MiB, 100 %, 247.81 W, 44, 1410 MHz
2026/10/06 15:54:57.539, 3, 00000000:82:00.0, 1471 MiB, 40960 MiB, 100 %, 243.83 W, 47, 1410 MHz
2026/10/06 15:54:58.604, 0, 00000000:01:00.0, 1463 MiB, 40960 MiB, 100 %, 240.44 W, 42, 1410 MHz
2026/10/06 15:54:58.612, 1, 00000000:02:00.0, 1463 MiB, 40960 MiB, 100 %, 235.02 W, 45, 1410 MHz
2026/10/06 15:54:58.618, 2, 00000000:81:00.0, 1470 MiB, 40960 MiB, 100 %, 248.95 W, 45, 1410 MHz
2026/10/06 15:54:58.623, 3, 00000000:82:00.0, 1471 MiB, 40960 MiB, 100 %, 252.78 W, 47, 1410 MHz
2026/10/06 15:54:59.632, 0, 00000000:01:00.0, 1463 MiB, 40960 MiB, 100 %, 244.43 W, 42, 1410 MHz
2026/10/06 15:54:59.638, 1, 00000000:02:00.0, 1463 MiB, 40960 MiB, 100 %, 226.98 W, 45, 1410 MHz
2026/10/06 15:54:59.644, 2, 00000000:81:00.0, 1470 MiB, 40960 MiB, 100 %, 249.35 W, 45, 1410 MHz
2026/10/06 15:54:59.650, 3, 00000000:82:00.0, 1471 MiB, 40960 MiB, 100 %, 240.23 W, 48, 1410 MHz
2026/10/06 15:55:00.656, 0, 00000000:01:00.0, 1463 MiB, 40960 MiB, 100 %, 246.24 W, 42, 1410 MHz
2026/10/06 15:55:00.664, 1, 00000000:02:00.0, 1463 MiB, 40960 MiB, 100 %, 232.24 W, 45, 1410 MHz
2026/10/06 15:55:00.670, 2, 00000000:81:00.0, 1470 MiB, 40960 MiB, 100 %, 249.54 W, 46, 1410 MHz
2026/10/06 15:55:00.676, 3, 00000000:82:00.0, 1471 MiB, 40960 MiB, 100 %, 244.12 W, 49, 1410 MHz
2026/10/06 15:55:01.681, 0, 00000000:01:00.0, 1463 MiB, 40960 MiB, 100 %, 237.38 W, 42, 1410 MHz
2026/10/06 15:55:01.691, 1, 00000000:02:00.0, 1463 MiB, 40960 MiB, 100 %, 235.32 W, 46, 1410 MHz
2026/10/06 15:55:01.699, 2, 00000000:81:00.0, 1470 MiB, 40960 MiB, 100 %, 250.87 W, 46, 1410 MHz
2026/10/06 15:55:01.707, 3, 00000000:82:00.0, 1471 MiB, 40960 MiB, 100 %, 247.92 W, 49, 1410 MHz
2026/10/06 15:55:02.715, 0, 00000000:01:00.0, 1463 MiB, 40960 MiB, 100 %, 238.64 W, 43, 1410 MHz
2026/10/06 15:55:02.721, 1, 00000000:02:00.0, 1463 MiB, 40960 MiB, 100 %, 234.92 W, 46, 1410 MHz
2026/10/06 15:55:02.728, 2, 00000000:81:00.0, 1470 MiB, 40960 MiB, 100 %, 240.81 W, 47, 1410 MHz
2026/10/06 15:55:02.734, 3, 00000000:82:00.0, 1471 MiB, 40960 MiB, 100 %, 252.60 W, 49, 1410 MHz
2026/10/06 15:55:03.742, 0, 00000000:01:00.0, 1463 MiB, 40960 MiB, 100 %, 242.13 W, 43, 1410 MHz
2026/10/06 15:55:03.748, 1, 00000000:02:00.0, 1463 MiB, 40960 MiB, 100 %, 233.20 W, 46, 1410 MHz
2026/10/06 15:55:03.754, 2, 00000000:81:00.0, 1470 MiB, 40960 MiB, 100 %, 246.20 W, 47, 1410 MHz
2026/10/06 15:55:03.760, 3, 00000000:82:00.0, 1471 MiB, 40960 MiB, 100 %, 245.54 W, 49, 1410 MHz
2026/10/06 15:55:04.766, 0, 00000000:01:00.0, 1463 MiB, 40960 MiB, 100 %, 243.48 W, 43, 1410 MHz
2026/10/06 15:55:04.772, 1, 00000000:02:00.0, 1463 MiB, 40960 MiB, 100 %, 235.30 W, 46, 1410 MHz
2026/10/06 15:55:04.778, 2, 00000000:81:00.0, 1470 MiB, 40960 MiB, 100 %, 248.11 W, 47, 1410 MHz
2026/10/06 15:55:04.784, 3, 00000000:82:00.0, 1471 MiB, 40960 MiB, 100 %, 247.26 W, 49, 1395 MHz
2026/10/06 15:55:05.790, 0, 00000000:01:00.0, 4 MiB, 40960 MiB, 0 %, 69.93 W, 36, 1410 MHz
2026/10/06 15:55:05.797, 1, 00000000:02:00.0, 4 MiB, 40960 MiB, 0 %, 61.10 W, 36, 1410 MHz
2026/10/06 15:55:05.802, 2, 00000000:81:00.0, 4 MiB, 40960 MiB, 0 %, 69.87 W, 40, 1410 MHz
2026/10/06 15:55:05.807, 3, 00000000:82:00.0, 4 MiB, 40960 MiB, 0 %, 67.24 W, 39, 1410 MHz
2026/10/06 15:55:06.812, 0, 00000000:01:00.0, 4 MiB, 40960 MiB, 0 %, 39.42 W, 34, 405 MHz
2026/10/06 15:55:06.905, 1, 00000000:02:00.0, 4 MiB, 40960 MiB, 0 %, 33.94 W, 34, 375 MHz
2026/10/06 15:55:06.915, 2, 00000000:81:00.0, 4 MiB, 40960 MiB, 0 %, 39.39 W, 38, 450 MHz
2026/10/06 15:55:06.926, 3, 00000000:82:00.0, 4 MiB, 40960 MiB, 0 %, 37.36 W, 37, 450 MHz
2026/10/06 15:55:07.938, 0, 00000000:01:00.0, 4 MiB, 40960 MiB, 0 %, 38.56 W, 33, 240 MHz
2026/10/06 15:55:07.945, 1, 00000000:02:00.0, 4 MiB, 40960 MiB, 0 %, 33.27 W, 33, 240 MHz
2026/10/06 15:55:07.952, 2, 00000000:81:00.0, 4 MiB, 40960 MiB, 0 %, 38.03 W, 37, 285 MHz
2026/10/06 15:55:07.960, 3, 00000000:82:00.0, 4 MiB, 40960 MiB, 0 %, 36.51 W, 36, 285 MHz
2026/10/06 15:55:08.968, 0, 00000000:01:00.0, 4 MiB, 40960 MiB, 0 %, 38.27 W, 32, 210 MHz
2026/10/06 15:55:08.975, 1, 00000000:02:00.0, 4 MiB, 40960 MiB, 0 %, 33.08 W, 33, 210 MHz
2026/10/06 15:55:08.982, 2, 00000000:81:00.0, 4 MiB, 40960 MiB, 0 %, 37.44 W, 36, 210 MHz
2026/10/06 15:55:08.992, 3, 00000000:82:00.0, 4 MiB, 40960 MiB, 0 %, 35.82 W, 35, 210 MHz
2026/10/06 15:55:09.999, 0, 00000000:01:00.0, 4 MiB, 40960 MiB, 0 %, 38.17 W, 32, 210 MHz
2026/10/06 15:55:10.006, 1, 00000000:02:00.0, 4 MiB, 40960 MiB, 0 %, 32.97 W, 32, 210 MHz
2026/10/06 15:55:10.014, 2, 00000000:81:00.0, 4 MiB, 40960 MiB, 0 %, 37.44 W, 35, 210 MHz
2026/10/06 15:55:10.023, 3, 00000000:82:00.0, 4 MiB, 40960 MiB, 0 %, 35.82 W, 34, 210 MHz
2026/10/06 15:55:11.030, 0, 00000000:01:00.0, 4 MiB, 40960 MiB, 0 %, 38.08 W, 32, 210 MHz
2026/10/06 15:55:11.037, 1, 00000000:02:00.0, 4 MiB, 40960 MiB, 0 %, 32.89 W, 32, 210 MHz
2026/10/06 15:55:11.046, 2, 00000000:81:00.0, 4 MiB, 40960 MiB, 0 %, 37.33 W, 35, 210 MHz
2026/10/06 15:55:11.053, 3, 00000000:82:00.0, 4 MiB, 40960 MiB, 0 %, 35.63 W, 34, 210 MHz
2026/10/06 15:55:12.060, 0, 00000000:01:00.0, 1470 MiB, 40960 MiB, 3 %, 44.70 W, 32, 1035 MHz
2026/10/06 15:55:12.070, 1, 00000000:02:00.0, 4 MiB, 40960 MiB, 0 %, 32.89 W, 32, 210 MHz
2026/10/06 15:55:12.083, 2, 00000000:81:00.0, 4 MiB, 40960 MiB, 0 %, 37.24 W, 34, 210 MHz
2026/10/06 15:55:12.094, 3, 00000000:82:00.0, 4 MiB, 40960 MiB, 0 %, 35.44 W, 33, 210 MHz
2026/10/06 15:55:13.104, 0, 00000000:01:00.0, 1470 MiB, 40960 MiB, 0 %, 44.68 W, 32, 1035 MHz
2026/10/06 15:55:13.112, 1, 00000000:02:00.0, 1471 MiB, 40960 MiB, 0 %, 37.85 W, 32, 900 MHz
2026/10/06 15:55:13.121, 2, 00000000:81:00.0, 1478 MiB, 40960 MiB, 0 %, 42.91 W, 34, 975 MHz
2026/10/06 15:55:13.127, 3, 00000000:82:00.0, 18 MiB, 40960 MiB, 0 %, 39.23 W, 33, 765 MHz
2026/10/06 15:55:14.133, 0, 00000000:01:00.0, 1470 MiB, 40960 MiB, 0 %, 41.96 W, 32, 765 MHz
2026/10/06 15:55:14.142, 1, 00000000:02:00.0, 1471 MiB, 40960 MiB, 0 %, 36.88 W, 32, 765 MHz
2026/10/06 15:55:14.151, 2, 00000000:81:00.0, 1478 MiB, 40960 MiB, 0 %, 42.90 W, 34, 975 MHz
2026/10/06 15:55:14.159, 3, 00000000:82:00.0, 1478 MiB, 40960 MiB, 0 %, 44.59 W, 33, 1095 MHz
2026/10/06 15:55:15.165, 0, 00000000:01:00.0, 1470 MiB, 40960 MiB, 0 %, 38.45 W, 32, 210 MHz
2026/10/06 15:55:15.175, 1, 00000000:02:00.0, 1471 MiB, 40960 MiB, 0 %, 36.58 W, 32, 765 MHz
2026/10/06 15:55:15.186, 2, 00000000:81:00.0, 1478 MiB, 40960 MiB, 0 %, 40.47 W, 34, 765 MHz
2026/10/06 15:55:15.198, 3, 00000000:82:00.0, 1478 MiB, 40960 MiB, 0 %, 39.23 W, 33, 765 MHz
2026/10/06 15:55:16.209, 0, 00000000:01:00.0, 1470 MiB, 40960 MiB, 0 %, 38.08 W, 32, 210 MHz
2026/10/06 15:55:16.217, 1, 00000000:02:00.0, 1471 MiB, 40960 MiB, 0 %, 32.99 W, 32, 210 MHz
2026/10/06 15:55:16.224, 2, 00000000:81:00.0, 1478 MiB, 40960 MiB, 0 %, 40.08 W, 33, 210 MHz
2026/10/06 15:55:16.232, 3, 00000000:82:00.0, 1478 MiB, 40960 MiB, 0 %, 39.14 W, 33, 765 MHz
2026/10/06 15:55:17.238, 0, 00000000:01:00.0, 1463 MiB, 40960 MiB, 5 %, 38.08 W, 32, 210 MHz
2026/10/06 15:55:17.250, 1, 00000000:02:00.0, 1471 MiB, 40960 MiB, 0 %, 32.78 W, 32, 210 MHz
2026/10/06 15:55:17.260, 2, 00000000:81:00.0, 1478 MiB, 40960 MiB, 0 %, 36.86 W, 33, 210 MHz
2026/10/06 15:55:17.273, 3, 00000000:82:00.0, 1478 MiB, 40960 MiB, 0 %, 35.24 W, 33, 210 MHz
2026/10/06 15:55:18.283, 0, 00000000:01:00.0, 1463 MiB, 40960 MiB, 0 %, 37.98 W, 32, 210 MHz
2026/10/06 15:55:18.290, 1, 00000000:02:00.0, 1471 MiB, 40960 MiB, 0 %, 32.89 W, 32, 210 MHz
2026/10/06 15:55:18.299, 2, 00000000:81:00.0, 1478 MiB, 40960 MiB, 0 %, 36.76 W, 33, 210 MHz
2026/10/06 15:55:18.306, 3, 00000000:82:00.0, 1478 MiB, 40960 MiB, 0 %, 35.25 W, 33, 210 MHz
2026/10/06 15:55:19.313, 0, 00000000:01:00.0, 1463 MiB, 40960 MiB, 0 %, 37.98 W, 32, 210 MHz
2026/10/06 15:55:19.320, 1, 00000000:02:00.0, 1471 MiB, 40960 MiB, 0 %, 32.89 W, 32, 210 MHz
2026/10/06 15:55:19.327, 2, 00000000:81:00.0, 1478 MiB, 40960 MiB, 0 %, 36.75 W, 33, 210 MHz
2026/10/06 15:55:19.334, 3, 00000000:82:00.0, 1478 MiB, 40960 MiB, 0 %, 35.25 W, 32, 210 MHz
2026/10/06 15:55:20.342, 0, 00000000:01:00.0, 1463 MiB, 40960 MiB, 0 %, 37.98 W, 32, 210 MHz
2026/10/06 15:55:20.349, 1, 00000000:02:00.0, 1471 MiB, 40960 MiB, 0 %, 32.79 W, 32, 210 MHz
2026/10/06 15:55:20.357, 2, 00000000:81:00.0, 1478 MiB, 40960 MiB, 0 %, 36.86 W, 33, 210 MHz
2026/10/06 15:55:20.364, 3, 00000000:82:00.0, 1478 MiB, 40960 MiB, 0 %, 35.25 W, 32, 210 MHz
2026/10/06 15:55:21.371, 0, 00000000:01:00.0, 1463 MiB, 40960 MiB, 0 %, 37.98 W, 32, 210 MHz
2026/10/06 15:55:21.379, 1, 00000000:02:00.0, 1463 MiB, 40960 MiB, 0 %, 32.79 W, 32, 210 MHz
2026/10/06 15:55:21.386, 2, 00000000:81:00.0, 1478 MiB, 40960 MiB, 0 %, 36.67 W, 33, 210 MHz
2026/10/06 15:55:21.393, 3, 00000000:82:00.0, 1478 MiB, 40960 MiB, 0 %, 35.25 W, 32, 210 MHz
2026/10/06 15:55:22.401, 0, 00000000:01:00.0, 1463 MiB, 40960 MiB, 0 %, 37.98 W, 32, 210 MHz
2026/10/06 15:55:22.408, 1, 00000000:02:00.0, 1463 MiB, 40960 MiB, 0 %, 32.79 W, 32, 210 MHz
2026/10/06 15:55:22.415, 2, 00000000:81:00.0, 1478 MiB, 40960 MiB, 0 %, 36.76 W, 33, 210 MHz
2026/10/06 15:55:22.422, 3, 00000000:82:00.0, 1478 MiB, 40960 MiB, 0 %, 35.16 W, 32, 210 MHz
2026/10/06 15:55:23.432, 0, 00000000:01:00.0, 1463 MiB, 40960 MiB, 0 %, 37.98 W, 32, 210 MHz
2026/10/06 15:55:23.440, 1, 00000000:02:00.0, 1463 MiB, 40960 MiB, 0 %, 32.88 W, 32, 210 MHz
2026/10/06 15:55:23.447, 2, 00000000:81:00.0, 1478 MiB, 40960 MiB, 0 %, 36.76 W, 33, 210 MHz
2026/10/06 15:55:23.454, 3, 00000000:82:00.0, 1478 MiB, 40960 MiB, 0 %, 35.16 W, 32, 210 MHz
2026/10/06 15:55:24.461, 0, 00000000:01:00.0, 1463 MiB, 40960 MiB, 0 %, 37.87 W, 32, 210 MHz
2026/10/06 15:55:24.469, 1, 00000000:02:00.0, 1463 MiB, 40960 MiB, 0 %, 32.99 W, 32, 210 MHz
2026/10/06 15:55:24.477, 2, 00000000:81:00.0, 1478 MiB, 40960 MiB, 0 %, 36.67 W, 33, 210 MHz
2026/10/06 15:55:24.484, 3, 00000000:82:00.0, 1478 MiB, 40960 MiB, 0 %, 35.25 W, 32, 210 MHz
2026/10/06 15:55:25.491, 0, 00000000:01:00.0, 1463 MiB, 40960 MiB, 0 %, 37.98 W, 32, 210 MHz
2026/10/06 15:55:25.500, 1, 00000000:02:00.0, 1463 MiB, 40960 MiB, 0 %, 32.79 W, 32, 210 MHz
2026/10/06 15:55:25.511, 2, 00000000:81:00.0, 1470 MiB, 40960 MiB, 0 %, 36.76 W, 33, 210 MHz
2026/10/06 15:55:25.519, 3, 00000000:82:00.0, 1478 MiB, 40960 MiB, 0 %, 35.16 W, 32, 210 MHz
2026/10/06 15:55:26.526, 0, 00000000:01:00.0, 1463 MiB, 40960 MiB, 0 %, 38.08 W, 32, 210 MHz
2026/10/06 15:55:26.538, 1, 00000000:02:00.0, 1463 MiB, 40960 MiB, 0 %, 32.90 W, 32, 210 MHz
2026/10/06 15:55:26.551, 2, 00000000:81:00.0, 1470 MiB, 40960 MiB, 0 %, 36.76 W, 33, 210 MHz
2026/10/06 15:55:26.565, 3, 00000000:82:00.0, 1478 MiB, 40960 MiB, 0 %, 35.25 W, 32, 210 MHz
2026/10/06 15:55:27.577, 0, 00000000:01:00.0, 1463 MiB, 40960 MiB, 0 %, 37.98 W, 32, 210 MHz
2026/10/06 15:55:27.585, 1, 00000000:02:00.0, 1463 MiB, 40960 MiB, 0 %, 32.78 W, 32, 210 MHz
2026/10/06 15:55:27.592, 2, 00000000:81:00.0, 1470 MiB, 40960 MiB, 0 %, 36.76 W, 33, 210 MHz
2026/10/06 15:55:27.600, 3, 00000000:82:00.0, 1478 MiB, 40960 MiB, 0 %, 35.14 W, 32, 210 MHz
2026/10/06 15:55:28.609, 0, 00000000:01:00.0, 1463 MiB, 40960 MiB, 0 %, 37.98 W, 32, 210 MHz
2026/10/06 15:55:28.623, 1, 00000000:02:00.0, 1463 MiB, 40960 MiB, 0 %, 32.89 W, 32, 210 MHz
2026/10/06 15:55:28.636, 2, 00000000:81:00.0, 1470 MiB, 40960 MiB, 0 %, 36.76 W, 33, 210 MHz
2026/10/06 15:55:28.648, 3, 00000000:82:00.0, 1471 MiB, 40960 MiB, 0 %, 35.16 W, 32, 210 MHz
2026/10/06 15:55:29.663, 0, 00000000:01:00.0, 1463 MiB, 40960 MiB, 100 %, 85.06 W, 33, 765 MHz
2026/10/06 15:55:29.673, 1, 00000000:02:00.0, 1463 MiB, 40960 MiB, 100 %, 90.63 W, 33, 765 MHz
2026/10/06 15:55:29.684, 2, 00000000:81:00.0, 1470 MiB, 40960 MiB, 100 %, 89.98 W, 34, 765 MHz
2026/10/06 15:55:29.692, 3, 00000000:82:00.0, 1471 MiB, 40960 MiB, 100 %, 98.65 W, 34, 765 MHz
2026/10/06 15:55:30.700, 0, 00000000:01:00.0, 1463 MiB, 40960 MiB, 100 %, 236.12 W, 40, 1410 MHz
2026/10/06 15:55:30.706, 1, 00000000:02:00.0, 1463 MiB, 40960 MiB, 100 %, 234.39 W, 42, 1410 MHz
2026/10/06 15:55:30.713, 2, 00000000:81:00.0, 1470 MiB, 40960 MiB, 100 %, 241.86 W, 41, 1410 MHz
2026/10/06 15:55:30.719, 3, 00000000:82:00.0, 1471 MiB, 40960 MiB, 100 %, 249.82 W, 44, 1410 MHz
2026/10/06 15:55:31.725, 0, 00000000:01:00.0, 1463 MiB, 40960 MiB, 100 %, 248.30 W, 41, 1410 MHz
2026/10/06 15:55:31.731, 1, 00000000:02:00.0, 1463 MiB, 40960 MiB, 100 %, 236.73 W, 44, 1410 MHz
2026/10/06 15:55:31.739, 2, 00000000:81:00.0, 1470 MiB, 40960 MiB, 100 %, 240.55 W, 43, 1410 MHz
2026/10/06 15:55:31.747, 3, 00000000:82:00.0, 1471 MiB, 40960 MiB, 100 %, 250.41 W, 45, 1410 MHz
2026/10/06 15:55:32.754, 0, 00000000:01:00.0, 1463 MiB, 40960 MiB, 99 %, 245.27 W, 42, 1410 MHz
2026/10/06 15:55:32.760, 1, 00000000:02:00.0, 1463 MiB, 40960 MiB, 100 %, 229.38 W, 44, 1410 MHz
2026/10/06 15:55:32.766, 2, 00000000:81:00.0, 1470 MiB, 40960 MiB, 100 %, 243.59 W, 43, 1410 MHz
2026/10/06 15:55:32.774, 3, 00000000:82:00.0, 1471 MiB, 40960 MiB, 100 %, 251.55 W, 47, 1410 MHz
2026/10/06 15:55:33.839, 0, 00000000:01:00.0, 1463 MiB, 40960 MiB, 98 %, 237.46 W, 42, 1410 MHz
2026/10/06 15:55:33.845, 1, 00000000:02:00.0, 1463 MiB, 40960 MiB, 100 %, 237.45 W, 45, 1410 MHz
2026/10/06 15:55:33.854, 2, 00000000:81:00.0, 1470 MiB, 40960 MiB, 100 %, 235.68 W, 45, 1410 MHz
2026/10/06 15:55:33.861, 3, 00000000:82:00.0, 1471 MiB, 40960 MiB, 100 %, 252.68 W, 47, 1410 MHz
2026/10/06 15:55:34.867, 0, 00000000:01:00.0, 1463 MiB, 40960 MiB, 99 %, 235.86 W, 42, 1410 MHz
2026/10/06 15:55:34.873, 1, 00000000:02:00.0, 1463 MiB, 40960 MiB, 99 %, 230.67 W, 45, 1410 MHz
2026/10/06 15:55:34.879, 2, 00000000:81:00.0, 1470 MiB, 40960 MiB, 100 %, 238.14 W, 45, 1410 MHz
2026/10/06 15:55:34.885, 3, 00000000:82:00.0, 1471 MiB, 40960 MiB, 100 %, 252.84 W, 48, 1410 MHz
2026/10/06 15:55:35.891, 0, 00000000:01:00.0, 1463 MiB, 40960 MiB, 99 %, 236.95 W, 43, 1410 MHz
2026/10/06 15:55:35.897, 1, 00000000:02:00.0, 1463 MiB, 40960 MiB, 99 %, 230.36 W, 45, 1410 MHz
2026/10/06 15:55:35.905, 2, 00000000:81:00.0, 1470 MiB, 40960 MiB, 100 %, 245.71 W, 46, 1410 MHz
2026/10/06 15:55:35.911, 3, 00000000:82:00.0, 1471 MiB, 40960 MiB, 100 %, 253.34 W, 49, 1410 MHz
2026/10/06 15:55:36.916, 0, 00000000:01:00.0, 1463 MiB, 40960 MiB, 99 %, 241.57 W, 43, 1410 MHz
2026/10/06 15:55:36.924, 1, 00000000:02:00.0, 1463 MiB, 40960 MiB, 99 %, 230.04 W, 45, 1410 MHz
2026/10/06 15:55:36.933, 2, 00000000:81:00.0, 1470 MiB, 40960 MiB, 100 %, 245.13 W, 46, 1410 MHz
2026/10/06 15:55:36.939, 3, 00000000:82:00.0, 1471 MiB, 40960 MiB, 100 %, 254.48 W, 49, 1410 MHz
2026/10/06 15:55:37.947, 0, 00000000:01:00.0, 1463 MiB, 40960 MiB, 99 %, 249.00 W, 43, 1410 MHz
2026/10/06 15:55:37.953, 1, 00000000:02:00.0, 1463 MiB, 40960 MiB, 99 %, 229.78 W, 46, 1410 MHz
2026/10/06 15:55:37.959, 2, 00000000:81:00.0, 1470 MiB, 40960 MiB, 100 %, 240.33 W, 47, 1410 MHz
2026/10/06 15:55:37.965, 3, 00000000:82:00.0, 1471 MiB, 40960 MiB, 100 %, 255.53 W, 49, 1410 MHz
2026/10/06 15:55:38.971, 0, 00000000:01:00.0, 1463 MiB, 40960 MiB, 98 %, 248.33 W, 43, 1410 MHz
2026/10/06 15:55:38.977, 1, 00000000:02:00.0, 1463 MiB, 40960 MiB, 99 %, 227.82 W, 46, 1410 MHz
2026/10/06 15:55:38.986, 2, 00000000:81:00.0, 1470 MiB, 40960 MiB, 100 %, 240.03 W, 47, 1410 MHz
2026/10/06 15:55:38.992, 3, 00000000:82:00.0, 1471 MiB, 40960 MiB, 100 %, 254.66 W, 49, 1410 MHz
2026/10/06 15:55:39.998, 0, 00000000:01:00.0, 1463 MiB, 40960 MiB, 99 %, 249.93 W, 43, 1410 MHz
2026/10/06 15:55:40.004, 1, 00000000:02:00.0, 1463 MiB, 40960 MiB, 99 %, 237.98 W, 46, 1410 MHz
2026/10/06 15:55:40.011, 2, 00000000:81:00.0, 1470 MiB, 40960 MiB, 100 %, 240.26 W, 47, 1410 MHz
2026/10/06 15:55:40.017, 3, 00000000:82:00.0, 1471 MiB, 40960 MiB, 100 %, 255.36 W, 50, 1410 MHz
2026/10/06 15:55:41.026, 0, 00000000:01:00.0, 1463 MiB, 40960 MiB, 99 %, 249.17 W, 43, 1410 MHz
2026/10/06 15:55:41.033, 1, 00000000:02:00.0, 1463 MiB, 40960 MiB, 99 %, 238.24 W, 46, 1410 MHz
2026/10/06 15:55:41.041, 2, 00000000:81:00.0, 1470 MiB, 40960 MiB, 100 %, 240.55 W, 48, 1410 MHz
2026/10/06 15:55:41.050, 3, 00000000:82:00.0, 1471 MiB, 40960 MiB, 100 %, 256.57 W, 50, 1410 MHz
2026/10/06 15:55:42.059, 0, 00000000:01:00.0, 1463 MiB, 40960 MiB, 99 %, 249.85 W, 43, 1410 MHz
2026/10/06 15:55:42.064, 1, 00000000:02:00.0, 1463 MiB, 40960 MiB, 99 %, 239.28 W, 46, 1410 MHz
2026/10/06 15:55:42.070, 2, 00000000:81:00.0, 1470 MiB, 40960 MiB, 100 %, 240.10 W, 48, 1410 MHz
2026/10/06 15:55:42.076, 3, 00000000:82:00.0, 1471 MiB, 40960 MiB, 100 %, 253.43 W, 50, 1410 MHz
2026/10/06 15:55:43.082, 0, 00000000:01:00.0, 1463 MiB, 40960 MiB, 99 %, 243.68 W, 43, 1410 MHz
2026/10/06 15:55:43.088, 1, 00000000:02:00.0, 1463 MiB, 40960 MiB, 99 %, 238.94 W, 46, 1410 MHz
2026/10/06 15:55:43.094, 2, 00000000:81:00.0, 1470 MiB, 40960 MiB, 100 %, 251.73 W, 48, 1410 MHz
2026/10/06 15:55:43.100, 3, 00000000:82:00.0, 1471 MiB, 40960 MiB, 100 %, 252.62 W, 50, 1395 MHz
2026/10/06 15:55:44.113, 0, 00000000:01:00.0, 1463 MiB, 40960 MiB, 99 %, 245.17 W, 43, 1410 MHz
2026/10/06 15:55:44.119, 1, 00000000:02:00.0, 1463 MiB, 40960 MiB, 99 %, 239.48 W, 46, 1410 MHz
2026/10/06 15:55:44.125, 2, 00000000:81:00.0, 1470 MiB, 40960 MiB, 100 %, 251.81 W, 48, 1410 MHz
2026/10/06 15:55:44.131, 3, 00000000:82:00.0, 1471 MiB, 40960 MiB, 100 %, 248.01 W, 50, 1395 MHz
2026/10/06 15:55:45.137, 0, 00000000:01:00.0, 1463 MiB, 40960 MiB, 99 %, 241.45 W, 43, 1410 MHz
2026/10/06 15:55:45.143, 1, 00000000:02:00.0, 1463 MiB, 40960 MiB, 99 %, 239.30 W, 46, 1410 MHz
2026/10/06 15:55:45.149, 2, 00000000:81:00.0, 1470 MiB, 40960 MiB, 100 %, 251.92 W, 48, 1410 MHz
2026/10/06 15:55:45.155, 3, 00000000:82:00.0, 1471 MiB, 40960 MiB, 100 %, 242.91 W, 50, 1395 MHz
2026/10/06 15:55:46.161, 0, 00000000:01:00.0, 1463 MiB, 40960 MiB, 99 %, 239.42 W, 43, 1410 MHz
2026/10/06 15:55:46.169, 1, 00000000:02:00.0, 1463 MiB, 40960 MiB, 100 %, 240.26 W, 46, 1410 MHz
2026/10/06 15:55:46.177, 2, 00000000:81:00.0, 1470 MiB, 40960 MiB, 100 %, 251.26 W, 48, 1410 MHz
2026/10/06 15:55:46.185, 3, 00000000:82:00.0, 1471 MiB, 40960 MiB, 100 %, 241.17 W, 50, 1410 MHz
2026/10/06 15:55:47.193, 0, 00000000:01:00.0, 1463 MiB, 40960 MiB, 98 %, 248.79 W, 43, 1410 MHz
2026/10/06 15:55:47.199, 1, 00000000:02:00.0, 1463 MiB, 40960 MiB, 99 %, 237.27 W, 46, 1410 MHz
2026/10/06 15:55:47.205, 2, 00000000:81:00.0, 1470 MiB, 40960 MiB, 100 %, 251.56 W, 48, 1410 MHz
2026/10/06 15:55:47.211, 3, 00000000:82:00.0, 1471 MiB, 40960 MiB, 100 %, 256.01 W, 50, 1410 MHz
2026/10/06 15:55:48.220, 0, 00000000:01:00.0, 1463 MiB, 40960 MiB, 98 %, 250.99 W, 43, 1410 MHz
2026/10/06 15:55:48.226, 1, 00000000:02:00.0, 1463 MiB, 40960 MiB, 99 %, 229.20 W, 46, 1410 MHz
2026/10/06 15:55:48.232, 2, 00000000:81:00.0, 1470 MiB, 40960 MiB, 100 %, 252.22 W, 48, 1410 MHz
2026/10/06 15:55:48.238, 3, 00000000:82:00.0, 1471 MiB, 40960 MiB, 100 %, 255.24 W, 50, 1410 MHz
2026/10/06 15:55:49.244, 0, 00000000:01:00.0, 1463 MiB, 40960 MiB, 98 %, 246.23 W, 43, 1410 MHz
2026/10/06 15:55:49.251, 1, 00000000:02:00.0, 1463 MiB, 40960 MiB, 98 %, 242.53 W, 46, 1410 MHz
2026/10/06 15:55:49.257, 2, 00000000:81:00.0, 1470 MiB, 40960 MiB, 100 %, 252.02 W, 48, 1410 MHz
2026/10/06 15:55:49.263, 3, 00000000:82:00.0, 1471 MiB, 40960 MiB, 100 %, 257.90 W, 50, 1410 MHz
2026/10/06 15:55:50.268, 0, 00000000:01:00.0, 1463 MiB, 40960 MiB, 98 %, 242.58 W, 43, 1410 MHz
2026/10/06 15:55:50.274, 1, 00000000:02:00.0, 1463 MiB, 40960 MiB, 99 %, 243.32 W, 46, 1410 MHz
2026/10/06 15:55:50.280, 2, 00000000:81:00.0, 1470 MiB, 40960 MiB, 100 %, 252.21 W, 48, 1410 MHz
2026/10/06 15:55:50.285, 3, 00000000:82:00.0, 1471 MiB, 40960 MiB, 100 %, 257.25 W, 50, 1410 MHz
2026/10/06 15:55:51.291, 0, 00000000:01:00.0, 1463 MiB, 40960 MiB, 100 %, 251.37 W, 43, 1410 MHz
2026/10/06 15:55:51.297, 1, 00000000:02:00.0, 1463 MiB, 40960 MiB, 100 %, 236.98 W, 46, 1410 MHz
2026/10/06 15:55:51.303, 2, 00000000:81:00.0, 1470 MiB, 40960 MiB, 100 %, 252.59 W, 48, 1410 MHz
2026/10/06 15:55:51.311, 3, 00000000:82:00.0, 1471 MiB, 40960 MiB, 100 %, 244.69 W, 50, 1410 MHz
2026/10/06 15:55:52.319, 0, 00000000:01:00.0, 1463 MiB, 40960 MiB, 98 %, 243.21 W, 43, 1410 MHz
2026/10/06 15:55:52.324, 1, 00000000:02:00.0, 1463 MiB, 40960 MiB, 100 %, 244.99 W, 46, 1410 MHz
2026/10/06 15:55:52.330, 2, 00000000:81:00.0, 1470 MiB, 40960 MiB, 100 %, 251.75 W, 48, 1395 MHz
2026/10/06 15:55:52.339, 3, 00000000:82:00.0, 1471 MiB, 40960 MiB, 100 %, 251.91 W, 50, 1410 MHz
2026/10/06 15:55:53.345, 0, 00000000:01:00.0, 1463 MiB, 40960 MiB, 99 %, 250.14 W, 43, 1410 MHz
2026/10/06 15:55:53.351, 1, 00000000:02:00.0, 1463 MiB, 40960 MiB, 99 %, 239.68 W, 46, 1410 MHz
2026/10/06 15:55:53.357, 2, 00000000:81:00.0, 1470 MiB, 40960 MiB, 100 %, 250.12 W, 48, 1410 MHz
2026/10/06 15:55:53.366, 3, 00000000:82:00.0, 1471 MiB, 40960 MiB, 100 %, 256.23 W, 50, 1410 MHz
2026/10/06 15:55:54.372, 0, 00000000:01:00.0, 1463 MiB, 40960 MiB, 99 %, 251.53 W, 43, 1410 MHz
2026/10/06 15:55:54.378, 1, 00000000:02:00.0, 1463 MiB, 40960 MiB, 99 %, 243.57 W, 46, 1410 MHz
2026/10/06 15:55:54.384, 2, 00000000:81:00.0, 1470 MiB, 40960 MiB, 100 %, 242.31 W, 48, 1410 MHz
2026/10/06 15:55:54.392, 3, 00000000:82:00.0, 1471 MiB, 40960 MiB, 100 %, 253.35 W, 51, 1410 MHz
2026/10/06 15:55:55.399, 0, 00000000:01:00.0, 1463 MiB, 40960 MiB, 99 %, 248.42 W, 43, 1410 MHz
2026/10/06 15:55:55.407, 1, 00000000:02:00.0, 1463 MiB, 40960 MiB, 99 %, 243.68 W, 46, 1410 MHz
2026/10/06 15:55:55.415, 2, 00000000:81:00.0, 1470 MiB, 40960 MiB, 100 %, 241.54 W, 48, 1410 MHz
2026/10/06 15:55:55.423, 3, 00000000:82:00.0, 1471 MiB, 40960 MiB, 100 %, 252.36 W, 51, 1395 MHz
2026/10/06 15:55:56.431, 0, 00000000:01:00.0, 1463 MiB, 40960 MiB, 99 %, 240.13 W, 43, 1410 MHz
2026/10/06 15:55:56.437, 1, 00000000:02:00.0, 1463 MiB, 40960 MiB, 99 %, 238.81 W, 46, 1410 MHz
2026/10/06 15:55:56.443, 2, 00000000:81:00.0, 1470 MiB, 40960 MiB, 100 %, 248.77 W, 49, 1410 MHz
2026/10/06 15:55:56.450, 3, 00000000:82:00.0, 1471 MiB, 40960 MiB, 100 %, 243.63 W, 50, 1395 MHz
2026/10/06 15:55:57.456, 0, 00000000:01:00.0, 1463 MiB, 40960 MiB, 99 %, 246.97 W, 43, 1410 MHz
2026/10/06 15:55:57.462, 1, 00000000:02:00.0, 1463 MiB, 40960 MiB, 99 %, 229.99 W, 46, 1410 MHz
2026/10/06 15:55:57.467, 2, 00000000:81:00.0, 1470 MiB, 40960 MiB, 100 %, 252.81 W, 48, 1410 MHz
2026/10/06 15:55:57.476, 3, 00000000:82:00.0, 1471 MiB, 40960 MiB, 100 %, 246.82 W, 50, 1395 MHz
2026/10/06 15:55:58.484, 0, 00000000:01:00.0, 1463 MiB, 40960 MiB, 98 %, 250.12 W, 43, 1410 MHz
2026/10/06 15:55:58.491, 1, 00000000:02:00.0, 1463 MiB, 40960 MiB, 99 %, 242.53 W, 46, 1410 MHz
2026/10/06 15:55:58.496, 2, 00000000:81:00.0, 1470 MiB, 40960 MiB, 100 %, 254.38 W, 48, 1395 MHz
2026/10/06 15:55:58.511, 3, 00000000:82:00.0, 1471 MiB, 40960 MiB, 100 %, 254.40 W, 51, 1410 MHz
2026/10/06 15:55:59.517, 0, 00000000:01:00.0, 1463 MiB, 40960 MiB, 98 %, 244.23 W, 43, 1410 MHz
2026/10/06 15:55:59.523, 1, 00000000:02:00.0, 1463 MiB, 40960 MiB, 99 %, 239.48 W, 46, 1410 MHz
2026/10/06 15:55:59.531, 2, 00000000:81:00.0, 1470 MiB, 40960 MiB, 100 %, 250.13 W, 49, 1410 MHz
2026/10/06 15:55:59.537, 3, 00000000:82:00.0, 1471 MiB, 40960 MiB, 100 %, 252.12 W, 51, 1410 MHz
2026/10/06 15:56:00.543, 0, 00000000:01:00.0, 1463 MiB, 40960 MiB, 98 %, 245.55 W, 43, 1410 MHz
2026/10/06 15:56:00.550, 1, 00000000:02:00.0, 1463 MiB, 40960 MiB, 99 %, 233.02 W, 46, 1410 MHz
2026/10/06 15:56:00.557, 2, 00000000:81:00.0, 1470 MiB, 40960 MiB, 100 %, 248.32 W, 48, 1410 MHz
2026/10/06 15:56:00.564, 3, 00000000:82:00.0, 1471 MiB, 40960 MiB, 100 %, 247.96 W, 51, 1395 MHz
2026/10/06 15:56:01.572, 0, 00000000:01:00.0, 1463 MiB, 40960 MiB, 98 %, 251.55 W, 43, 1410 MHz
2026/10/06 15:56:01.578, 1, 00000000:02:00.0, 1463 MiB, 40960 MiB, 99 %, 242.95 W, 46, 1410 MHz
2026/10/06 15:56:01.586, 2, 00000000:81:00.0, 1470 MiB, 40960 MiB, 100 %, 250.78 W, 49, 1410 MHz
2026/10/06 15:56:01.592, 3, 00000000:82:00.0, 1471 MiB, 40960 MiB, 100 %, 255.75 W, 50, 1395 MHz
2026/10/06 15:56:02.598, 0, 00000000:01:00.0, 1463 MiB, 40960 MiB, 98 %, 243.38 W, 43, 1410 MHz
2026/10/06 15:56:02.604, 1, 00000000:02:00.0, 1463 MiB, 40960 MiB, 99 %, 239.63 W, 46, 1410 MHz
2026/10/06 15:56:02.611, 2, 00000000:81:00.0, 1470 MiB, 40960 MiB, 100 %, 251.84 W, 49, 1410 MHz
2026/10/06 15:56:02.617, 3, 00000000:82:00.0, 1471 MiB, 40960 MiB, 100 %, 248.89 W, 51, 1410 MHz
2026/10/06 15:56:03.625, 0, 00000000:01:00.0, 1463 MiB, 40960 MiB, 98 %, 250.44 W, 43, 1410 MHz
2026/10/06 15:56:03.631, 1, 00000000:02:00.0, 1463 MiB, 40960 MiB, 99 %, 237.76 W, 46, 1410 MHz
2026/10/06 15:56:03.638, 2, 00000000:81:00.0, 1470 MiB, 40960 MiB, 100 %, 243.65 W, 49, 1410 MHz
2026/10/06 15:56:03.644, 3, 00000000:82:00.0, 1471 MiB, 40960 MiB, 100 %, 253.95 W, 51, 1410 MHz
2026/10/06 15:56:04.651, 0, 00000000:01:00.0, 1463 MiB, 40960 MiB, 98 %, 250.53 W, 43, 1410 MHz
2026/10/06 15:56:04.658, 1, 00000000:02:00.0, 1463 MiB, 40960 MiB, 99 %, 243.57 W, 46, 1410 MHz
2026/10/06 15:56:04.667, 2, 00000000:81:00.0, 1470 MiB, 40960 MiB, 100 %, 252.96 W, 49, 1410 MHz
2026/10/06 15:56:04.674, 3, 00000000:82:00.0, 1471 MiB, 40960 MiB, 100 %, 238.02 W, 51, 1395 MHz
2026/10/06 15:56:05.684, 0, 00000000:01:00.0, 1463 MiB, 40960 MiB, 99 %, 248.90 W, 43, 1410 MHz
2026/10/06 15:56:05.690, 1, 00000000:02:00.0, 1463 MiB, 40960 MiB, 99 %, 239.00 W, 46, 1410 MHz
2026/10/06 15:56:05.696, 2, 00000000:81:00.0, 1470 MiB, 40960 MiB, 100 %, 253.44 W, 49, 1410 MHz
2026/10/06 15:56:05.702, 3, 00000000:82:00.0, 1471 MiB, 40960 MiB, 100 %, 247.85 W, 50, 1395 MHz
2026/10/06 15:56:06.711, 0, 00000000:01:00.0, 1463 MiB, 40960 MiB, 98 %, 240.80 W, 43, 1410 MHz
2026/10/06 15:56:06.717, 1, 00000000:02:00.0, 1463 MiB, 40960 MiB, 98 %, 231.10 W, 46, 1410 MHz
2026/10/06 15:56:06.723, 2, 00000000:81:00.0, 1470 MiB, 40960 MiB, 100 %, 250.01 W, 49, 1410 MHz
2026/10/06 15:56:06.728, 3, 00000000:82:00.0, 1471 MiB, 40960 MiB, 100 %, 248.53 W, 50, 1395 MHz
2026/10/06 15:56:07.735, 0, 00000000:01:00.0, 1463 MiB, 40960 MiB, 98 %, 247.00 W, 43, 1410 MHz
2026/10/06 15:56:07.741, 1, 00000000:02:00.0, 1463 MiB, 40960 MiB, 98 %, 242.35 W, 46, 1410 MHz
2026/10/06 15:56:07.747, 2, 00000000:81:00.0, 1470 MiB, 40960 MiB, 100 %, 246.69 W, 49, 1410 MHz
2026/10/06 15:56:07.752, 3, 00000000:82:00.0, 1471 MiB, 40960 MiB, 100 %, 257.71 W, 51, 1410 MHz
2026/10/06 15:56:08.758, 0, 00000000:01:00.0, 1463 MiB, 40960 MiB, 98 %, 238.68 W, 43, 1410 MHz
2026/10/06 15:56:08.765, 1, 00000000:02:00.0, 1463 MiB, 40960 MiB, 98 %, 233.06 W, 46, 1410 MHz
2026/10/06 15:56:08.771, 2, 00000000:81:00.0, 1470 MiB, 40960 MiB, 100 %, 253.65 W, 49, 1410 MHz
2026/10/06 15:56:08.780, 3, 00000000:82:00.0, 1471 MiB, 40960 MiB, 100 %, 243.85 W, 51, 1395 MHz
2026/10/06 15:56:09.786, 0, 00000000:01:00.0, 1463 MiB, 40960 MiB, 99 %, 245.77 W, 43, 1410 MHz
2026/10/06 15:56:09.792, 1, 00000000:02:00.0, 1463 MiB, 40960 MiB, 99 %, 243.29 W, 46, 1410 MHz
2026/10/06 15:56:09.797, 2, 00000000:81:00.0, 1470 MiB, 40960 MiB, 100 %, 250.50 W, 49, 1410 MHz
2026/10/06 15:56:09.804, 3, 00000000:82:00.0, 1471 MiB, 40960 MiB, 100 %, 244.51 W, 50, 1395 MHz
2026/10/06 15:56:10.809, 0, 00000000:01:00.0, 1463 MiB, 40960 MiB, 99 %, 245.21 W, 43, 1410 MHz
2026/10/06 15:56:10.815, 1, 00000000:02:00.0, 1463 MiB, 40960 MiB, 99 %, 240.51 W, 46, 1410 MHz
2026/10/06 15:56:10.821, 2, 00000000:81:00.0, 1470 MiB, 40960 MiB, 100 %, 244.79 W, 49, 1410 MHz
2026/10/06 15:56:10.827, 3, 00000000:82:00.0, 1471 MiB, 40960 MiB, 100 %, 251.25 W, 50, 1395 MHz
2026/10/06 15:56:11.837, 0, 00000000:01:00.0, 1463 MiB, 40960 MiB, 61 %, 110.00 W, 40, 1410 MHz
2026/10/06 15:56:11.842, 1, 00000000:02:00.0, 1463 MiB, 40960 MiB, 56 %, 71.92 W, 41, 1410 MHz
2026/10/06 15:56:11.848, 2, 00000000:81:00.0, 1470 MiB, 40960 MiB, 100 %, 124.85 W, 45, 1410 MHz
2026/10/06 15:56:11.853, 3, 00000000:82:00.0, 1471 MiB, 40960 MiB, 100 %, 104.54 W, 45, 1410 MHz
2026/10/06 15:56:12.930, 0, 00000000:01:00.0, 1463 MiB, 40960 MiB, 0 %, 69.93 W, 36, 1410 MHz
2026/10/06 15:56:12.935, 1, 00000000:02:00.0, 1463 MiB, 40960 MiB, 0 %, 61.09 W, 36, 1410 MHz
2026/10/06 15:56:12.940, 2, 00000000:81:00.0, 1470 MiB, 40960 MiB, 0 %, 70.39 W, 40, 1410 MHz
2026/10/06 15:56:12.944, 3, 00000000:82:00.0, 1471 MiB, 40960 MiB, 0 %, 67.43 W, 40, 1410 MHz
2026/10/06 15:56:13.950, 0, 00000000:01:00.0, 1463 MiB, 40960 MiB, 0 %, 40.95 W, 34, 630 MHz
2026/10/06 15:56:13.957, 1, 00000000:02:00.0, 1463 MiB, 40960 MiB, 0 %, 38.61 W, 34, 915 MHz
2026/10/06 15:56:13.966, 2, 00000000:81:00.0, 1470 MiB, 40960 MiB, 32 %, 69.89 W, 40, 1410 MHz
2026/10/06 15:56:13.971, 3, 00000000:82:00.0, 1471 MiB, 40960 MiB, 0 %, 37.15 W, 38, 270 MHz
2026/10/06 15:56:14.978, 0, 00000000:01:00.0, 1463 MiB, 40960 MiB, 0 %, 39.42 W, 33, 405 MHz
2026/10/06 15:56:14.985, 1, 00000000:02:00.0, 1463 MiB, 40960 MiB, 0 %, 35.01 W, 33, 585 MHz
2026/10/06 15:56:14.993, 2, 00000000:81:00.0, 1470 MiB, 40960 MiB, 0 %, 69.33 W, 39, 1410 MHz
2026/10/06 15:56:14.997, 3, 00000000:82:00.0, 1471 MiB, 40960 MiB, 0 %, 36.78 W, 36, 360 MHz
2026/10/06 15:56:16.006, 0, 00000000:01:00.0, 42 MiB, 40960 MiB, 65 %, 39.73 W, 33, 480 MHz
2026/10/06 15:56:16.014, 1, 00000000:02:00.0, 31 MiB, 40960 MiB, 0 %, 34.55 W, 33, 360 MHz
2026/10/06 15:56:16.025, 2, 00000000:81:00.0, 1470 MiB, 40960 MiB, 0 %, 38.51 W, 37, 315 MHz
2026/10/06 15:56:16.035, 3, 00000000:82:00.0, 1471 MiB, 40960 MiB, 0 %, 36.79 W, 35, 360 MHz
2026/10/06 15:56:17.048, 0, 00000000:01:00.0, 4 MiB, 40960 MiB, 0 %, 39.63 W, 33, 480 MHz
2026/10/06 15:56:17.056, 1, 00000000:02:00.0, 4 MiB, 40960 MiB, 0 %, 35.12 W, 33, 630 MHz
2026/10/06 15:56:17.063, 2, 00000000:81:00.0, 4 MiB, 40960 MiB, 0 %, 37.65 W, 36, 240 MHz
2026/10/06 15:56:17.070, 3, 00000000:82:00.0, 4 MiB, 40960 MiB, 0 %, 36.69 W, 35, 375 MHz
2026/10/06 15:56:18.078, 0, 00000000:01:00.0, 4 MiB, 40960 MiB, 0 %, 38.06 W, 32, 210 MHz
2026/10/06 15:56:18.089, 1, 00000000:02:00.0, 4 MiB, 40960 MiB, 0 %, 32.99 W, 32, 210 MHz
2026/10/06 15:56:18.101, 2, 00000000:81:00.0, 4 MiB, 40960 MiB, 0 %, 37.24 W, 35, 210 MHz
2026/10/06 15:56:18.113, 3, 00000000:82:00.0, 4 MiB, 40960 MiB, 0 %, 36.61 W, 34, 375 MHz
2026/10/06 15:56:19.125, 0, 00000000:01:00.0, 4 MiB, 40960 MiB, 0 %, 38.17 W, 32, 210 MHz
2026/10/06 15:56:19.135, 1, 00000000:02:00.0, 4 MiB, 40960 MiB, 0 %, 32.99 W, 32, 210 MHz
2026/10/06 15:56:19.142, 2, 00000000:81:00.0, 4 MiB, 40960 MiB, 0 %, 37.33 W, 35, 210 MHz
2026/10/06 15:56:19.149, 3, 00000000:82:00.0, 4 MiB, 40960 MiB, 0 %, 35.64 W, 34, 210 MHz
2026/10/06 15:56:20.157, 0, 00000000:01:00.0, 4 MiB, 40960 MiB, 0 %, 38.08 W, 32, 210 MHz
2026/10/06 15:56:20.167, 1, 00000000:02:00.0, 4 MiB, 40960 MiB, 0 %, 32.99 W, 32, 210 MHz
2026/10/06 15:56:20.179, 2, 00000000:81:00.0, 4 MiB, 40960 MiB, 0 %, 37.24 W, 34, 210 MHz
2026/10/06 15:56:20.188, 3, 00000000:82:00.0, 4 MiB, 40960 MiB, 0 %, 35.53 W, 34, 210 MHz
2026/10/06 15:56:21.202, 0, 00000000:01:00.0, 4 MiB, 40960 MiB, 0 %, 38.08 W, 32, 210 MHz
2026/10/06 15:56:21.210, 1, 00000000:02:00.0, 4 MiB, 40960 MiB, 0 %, 32.79 W, 32, 210 MHz
2026/10/06 15:56:21.217, 2, 00000000:81:00.0, 4 MiB, 40960 MiB, 0 %, 37.14 W, 34, 210 MHz
2026/10/06 15:56:21.225, 3, 00000000:82:00.0, 4 MiB, 40960 MiB, 0 %, 35.44 W, 33, 210 MHz
2026/10/06 15:56:22.233, 0, 00000000:01:00.0, 4 MiB, 40960 MiB, 0 %, 38.08 W, 32, 210 MHz
2026/10/06 15:56:22.245, 1, 00000000:02:00.0, 4 MiB, 40960 MiB, 0 %, 32.89 W, 32, 210 MHz
2026/10/06 15:56:22.256, 2, 00000000:81:00.0, 4 MiB, 40960 MiB, 0 %, 37.15 W, 34, 210 MHz
2026/10/06 15:56:22.268, 3, 00000000:82:00.0, 4 MiB, 40960 MiB, 0 %, 35.44 W, 33, 210 MHz
2026/10/06 15:56:23.279, 0, 00000000:01:00.0, 4 MiB, 40960 MiB, 0 %, 38.06 W, 32, 210 MHz
2026/10/06 15:56:23.287, 1, 00000000:02:00.0, 4 MiB, 40960 MiB, 0 %, 32.88 W, 32, 210 MHz
2026/10/06 15:56:23.294, 2, 00000000:81:00.0, 4 MiB, 40960 MiB, 0 %, 36.95 W, 34, 210 MHz
2026/10/06 15:56:23.301, 3, 00000000:82:00.0, 4 MiB, 40960 MiB, 0 %, 35.34 W, 33, 210 MHz
2026/10/06 15:56:24.308, 0, 00000000:01:00.0, 47 MiB, 40960 MiB, 1 %, 43.13 W, 32, 915 MHz
2026/10/06 15:56:24.314, 1, 00000000:02:00.0, 22 MiB, 40960 MiB, 0 %, 36.67 W, 32, 765 MHz
2026/10/06 15:56:24.326, 2, 00000000:81:00.0, 4 MiB, 40960 MiB, 0 %, 36.95 W, 34, 210 MHz
2026/10/06 15:56:24.337, 3, 00000000:82:00.0, 4 MiB, 40960 MiB, 0 %, 35.23 W, 33, 210 MHz
